{"metadata":{"asset_id":"1c1c66b5-34ff-496b-8bbe-d0e5605bec59","asset_attributes":["data_asset"],"name":"HailImpactedArea.shp","asset_type":"data_asset","created_at":"2023-08-18T16:23:54Z","description":"","origin_country":"us","owner_id":"1000330999","project_id":"78c26df8-8d5e-451f-b876-bf232c8d70c1","size":370312,"tags":[],"usage":{"last_update_time":1692375834968,"last_updated_at":"2023-08-18T16:23:54Z"}},"entity":{"data_asset":{"mime_type":"application/octet-stream","dataset":false}},"attachments":[{"id":"37947650-0876-4ac4-b251-ac291d7439db","version":2,"asset_type":"data_asset","name":"HailImpactedArea.shp","mime":"application/octet-stream","datasource_type":"81bafdbd-b7c6-45c5-a4fd-6ec135f66f4e","object_key":"data_asset/HailImpactedArea.shp","creator_id":"icp4d-dev","create_time":1692375834816,"size":370312,"is_remote":false,"is_managed":false,"is_referenced":true,"is_object_key_read_only":false,"is_user_provided_path_key":true,"transfer_complete":true,"is_partitioned":false,"complete_time_ticks":1692375834816,"user_data":{},"test_doc":0,"handle":{"type":"assetfiles","key":"data_asset/HailImpactedArea.shp","upload_id":"done","max_part_num":1},"usage":{"access_count":0,"last_accessor_id":"icp4d-dev","last_access_time":1692375834816}}]}