{"metadata":{"asset_id":"e1bcb791-db17-47d7-8078-2e475f095cb6","asset_attributes":["data_asset"],"name":"CustomerReportedHail.csv","asset_type":"data_asset","created_at":"2023-08-18T16:23:55Z","description":"","origin_country":"us","owner_id":"1000330999","project_id":"78c26df8-8d5e-451f-b876-bf232c8d70c1","size":1147383,"tags":["daas-enriched"],"usage":{"last_update_time":1692376228291,"last_updated_at":"2023-08-18T16:30:28Z"}},"entity":{"data_asset":{"mime_type":"text/csv","dataset":false}},"attachments":[{"id":"5f7691a2-f35f-4684-936c-a3a89836017b","version":2,"asset_type":"data_asset","name":"CustomerReportedHail.csv","mime":"text/csv","datasource_type":"81bafdbd-b7c6-45c5-a4fd-6ec135f66f4e","object_key":"data_asset/CustomerReportedHail.csv","creator_id":"icp4d-dev","create_time":1692375835896,"size":679269,"is_remote":false,"is_managed":false,"is_referenced":true,"is_object_key_read_only":false,"is_user_provided_path_key":true,"transfer_complete":true,"is_partitioned":false,"complete_time_ticks":1692375835896,"user_data":{},"test_doc":0,"handle":{"type":"assetfiles","key":"data_asset/CustomerReportedHail.csv","upload_id":"done","max_part_num":1},"usage":{"access_count":0,"last_accessor_id":"icp4d-dev","last_access_time":1692375835896}},{"id":"7989063e-00e2-479d-9799-f52069a8ec8b","version":2,"asset_type":"data_asset","mime":"application/vnd.ibm.bi.pq","datasource_type":"81bafdbd-b7c6-45c5-a4fd-6ec135f66f4e","object_key":"DaaS/601a0fca-7569-4f90-adb9-962c7c3204f5/pq/CustomerReportedHail_csv","creator_id":"icp4d-dev","create_time":1692375836202,"size":229659,"is_remote":false,"is_managed":false,"is_referenced":true,"is_object_key_read_only":false,"is_user_provided_path_key":true,"transfer_complete":true,"is_partitioned":false,"complete_time_ticks":1692375836202,"user_data":{},"test_doc":0,"handle":{"type":"assetfiles","key":"DaaS/601a0fca-7569-4f90-adb9-962c7c3204f5/pq/CustomerReportedHail_csv","upload_id":"done","max_part_num":1},"usage":{"access_count":0,"last_accessor_id":"icp4d-dev","last_access_time":1692375836202}},{"id":"683a3151-e614-41d4-bac5-8e49ac4cbd47","version":2,"asset_type":"data_asset","mime":"application/json","datasource_type":"81bafdbd-b7c6-45c5-a4fd-6ec135f66f4e","object_key":"DaaS/601a0fca-7569-4f90-adb9-962c7c3204f5/module","creator_id":"icp4d-dev","create_time":1692375836399,"size":4501,"is_remote":false,"is_managed":false,"is_referenced":true,"is_object_key_read_only":false,"is_user_provided_path_key":true,"transfer_complete":true,"is_partitioned":false,"complete_time_ticks":1692375836399,"user_data":{},"test_doc":0,"handle":{"type":"assetfiles","key":"DaaS/601a0fca-7569-4f90-adb9-962c7c3204f5/module","upload_id":"done","max_part_num":1},"usage":{"access_count":0,"last_accessor_id":"icp4d-dev","last_access_time":1692375836399}},{"id":"efbeeddf-cf24-4289-9d19-c96f397e89ac","version":2,"asset_type":"data_asset","mime":"application/vnd.ibm.bi.pq","datasource_type":"81bafdbd-b7c6-45c5-a4fd-6ec135f66f4e","object_key":"DaaS/e1bcb791-db17-47d7-8078-2e475f095cb6/pq/CustomerReportedHail_csv","creator_id":"1000330999","create_time":1692376228085,"size":229659,"is_remote":false,"is_managed":false,"is_referenced":true,"is_object_key_read_only":false,"is_user_provided_path_key":true,"transfer_complete":true,"is_partitioned":false,"complete_time_ticks":1692376228085,"user_data":{},"test_doc":0,"handle":{"type":"assetfiles","key":"DaaS/e1bcb791-db17-47d7-8078-2e475f095cb6/pq/CustomerReportedHail_csv","upload_id":"done","max_part_num":1},"usage":{"access_count":0,"last_accessor_id":"1000330999","last_access_time":1692376228085}},{"id":"ebd46dc3-1abf-4c1d-b7c0-caaa0c8bbe35","version":2,"asset_type":"data_asset","mime":"application/json","datasource_type":"81bafdbd-b7c6-45c5-a4fd-6ec135f66f4e","object_key":"DaaS/e1bcb791-db17-47d7-8078-2e475f095cb6/module","creator_id":"1000330999","create_time":1692376228289,"size":4295,"is_remote":false,"is_managed":false,"is_referenced":true,"is_object_key_read_only":false,"is_user_provided_path_key":true,"transfer_complete":true,"is_partitioned":false,"complete_time_ticks":1692376228289,"user_data":{},"test_doc":0,"handle":{"type":"assetfiles","key":"DaaS/e1bcb791-db17-47d7-8078-2e475f095cb6/module","upload_id":"done","max_part_num":1},"usage":{"access_count":0,"last_accessor_id":"1000330999","last_access_time":1692376228289}}]}