{"metadata":{"asset_id":"8d4def2f-b590-43ef-83bc-eb4e75c3a953","asset_attributes":["data_asset"],"name":"ClaimsHailForecastPredictions.csv","asset_type":"data_asset","created_at":"2023-08-18T16:23:54Z","origin_country":"us","owner_id":"1000330999","project_id":"78c26df8-8d5e-451f-b876-bf232c8d70c1","size":7143535,"tags":["daas-enriched"],"usage":{"last_update_time":1692376228481,"last_updated_at":"2023-08-18T16:30:28Z"}},"entity":{"data_asset":{"mime_type":"text/csv","dataset":false}},"attachments":[{"id":"ca22e353-d7ad-4d80-bbce-ec9ce0bca7de","version":2,"asset_type":"data_asset","name":"ClaimsHailForecastPredictions.csv","mime":"text/csv","datasource_type":"81bafdbd-b7c6-45c5-a4fd-6ec135f66f4e","object_key":"data_asset/ClaimsHailForecastPredictions.csv","creator_id":"icp4d-dev","create_time":1692375834625,"size":5543681,"is_remote":false,"is_managed":false,"is_referenced":true,"is_object_key_read_only":true,"is_user_provided_path_key":true,"transfer_complete":true,"is_partitioned":false,"complete_time_ticks":1692375834625,"user_data":{},"test_doc":0,"handle":{"type":"assetfiles","key":"data_asset/ClaimsHailForecastPredictions.csv","upload_id":"done","max_part_num":1},"usage":{"access_count":0,"last_accessor_id":"icp4d-dev","last_access_time":1692375834625}},{"id":"3b759b8e-43f3-4407-be64-f656b5bef555","version":2,"asset_type":"data_asset","mime":"application/vnd.ibm.bi.pq","datasource_type":"81bafdbd-b7c6-45c5-a4fd-6ec135f66f4e","object_key":"DaaS/b3a793eb-184c-406b-8557-130e8cd6144b/pq/ClaimsHailForecastPredictions_csv","creator_id":"icp4d-dev","create_time":1692375834817,"size":789003,"is_remote":false,"is_managed":false,"is_referenced":true,"is_object_key_read_only":false,"is_user_provided_path_key":true,"transfer_complete":true,"is_partitioned":false,"complete_time_ticks":1692375834817,"user_data":{},"test_doc":0,"handle":{"type":"assetfiles","key":"DaaS/b3a793eb-184c-406b-8557-130e8cd6144b/pq/ClaimsHailForecastPredictions_csv","upload_id":"done","max_part_num":1},"usage":{"access_count":0,"last_accessor_id":"icp4d-dev","last_access_time":1692375834817}},{"id":"22133ed5-2d87-431e-8a6f-e1df11abbee3","version":2,"asset_type":"data_asset","mime":"application/json","datasource_type":"81bafdbd-b7c6-45c5-a4fd-6ec135f66f4e","object_key":"DaaS/b3a793eb-184c-406b-8557-130e8cd6144b/module","creator_id":"icp4d-dev","create_time":1692375835104,"size":11533,"is_remote":false,"is_managed":false,"is_referenced":true,"is_object_key_read_only":false,"is_user_provided_path_key":true,"transfer_complete":true,"is_partitioned":false,"complete_time_ticks":1692375835104,"user_data":{},"test_doc":0,"handle":{"type":"assetfiles","key":"DaaS/b3a793eb-184c-406b-8557-130e8cd6144b/module","upload_id":"done","max_part_num":1},"usage":{"access_count":0,"last_accessor_id":"icp4d-dev","last_access_time":1692375835104}},{"id":"03383a41-d608-45d1-9f33-a57392df56ed","version":2,"asset_type":"data_asset","mime":"application/vnd.ibm.bi.pq","datasource_type":"81bafdbd-b7c6-45c5-a4fd-6ec135f66f4e","object_key":"DaaS/8d4def2f-b590-43ef-83bc-eb4e75c3a953/pq/ClaimsHailForecastPredictions_csv","creator_id":"1000330999","create_time":1692376228290,"size":789002,"is_remote":false,"is_managed":false,"is_referenced":true,"is_object_key_read_only":false,"is_user_provided_path_key":true,"transfer_complete":true,"is_partitioned":false,"complete_time_ticks":1692376228290,"user_data":{},"test_doc":0,"handle":{"type":"assetfiles","key":"DaaS/8d4def2f-b590-43ef-83bc-eb4e75c3a953/pq/ClaimsHailForecastPredictions_csv","upload_id":"done","max_part_num":1},"usage":{"access_count":0,"last_accessor_id":"1000330999","last_access_time":1692376228290}},{"id":"d37f4dea-979e-47a6-a9d2-840ef1387740","version":2,"asset_type":"data_asset","mime":"application/json","datasource_type":"81bafdbd-b7c6-45c5-a4fd-6ec135f66f4e","object_key":"DaaS/8d4def2f-b590-43ef-83bc-eb4e75c3a953/module","creator_id":"1000330999","create_time":1692376228480,"size":10316,"is_remote":false,"is_managed":false,"is_referenced":true,"is_object_key_read_only":false,"is_user_provided_path_key":true,"transfer_complete":true,"is_partitioned":false,"complete_time_ticks":1692376228480,"user_data":{},"test_doc":0,"handle":{"type":"assetfiles","key":"DaaS/8d4def2f-b590-43ef-83bc-eb4e75c3a953/module","upload_id":"done","max_part_num":1},"usage":{"access_count":0,"last_accessor_id":"1000330999","last_access_time":1692376228480}}]}