{"metadata":{"asset_id":"0c6b81da-576a-4ec6-a246-5a1d5f71ba61","asset_attributes":["data_asset"],"name":"ClaimsLocationsHail.csv","asset_type":"data_asset","created_at":"2023-08-18T16:23:55Z","description":"","origin_country":"us","owner_id":"1000330999","project_id":"78c26df8-8d5e-451f-b876-bf232c8d70c1","size":6973047,"tags":["daas-enriched"],"usage":{"last_update_time":1692376228291,"last_updated_at":"2023-08-18T16:30:28Z"}},"entity":{"data_asset":{"mime_type":"text/csv","dataset":false}},"attachments":[{"id":"f72162c2-afc0-4d67-a53d-116e3b9c0b23","version":2,"asset_type":"data_asset","name":"ClaimsLocationsHail.csv","mime":"text/csv","datasource_type":"81bafdbd-b7c6-45c5-a4fd-6ec135f66f4e","object_key":"data_asset/ClaimsLocationsHail.csv","creator_id":"icp4d-dev","create_time":1692375835895,"size":5196417,"is_remote":false,"is_managed":false,"is_referenced":true,"is_object_key_read_only":false,"is_user_provided_path_key":true,"transfer_complete":true,"is_partitioned":false,"complete_time_ticks":1692375835895,"user_data":{},"test_doc":0,"handle":{"type":"assetfiles","key":"data_asset/ClaimsLocationsHail.csv","upload_id":"done","max_part_num":1},"usage":{"access_count":0,"last_accessor_id":"icp4d-dev","last_access_time":1692375835895}},{"id":"703ac4de-3876-4ad5-b619-85dc42e9a00f","version":2,"asset_type":"data_asset","mime":"application/vnd.ibm.bi.pq","datasource_type":"81bafdbd-b7c6-45c5-a4fd-6ec135f66f4e","object_key":"DaaS/04414992-11d9-4d33-8c9b-461978c8c219/pq/ClaimsLocationsHail_csv","creator_id":"icp4d-dev","create_time":1692375836199,"size":877550,"is_remote":false,"is_managed":false,"is_referenced":true,"is_object_key_read_only":false,"is_user_provided_path_key":true,"transfer_complete":true,"is_partitioned":false,"complete_time_ticks":1692375836199,"user_data":{},"test_doc":0,"handle":{"type":"assetfiles","key":"DaaS/04414992-11d9-4d33-8c9b-461978c8c219/pq/ClaimsLocationsHail_csv","upload_id":"done","max_part_num":1},"usage":{"access_count":0,"last_accessor_id":"icp4d-dev","last_access_time":1692375836199}},{"id":"a362c01a-c521-4e29-bdf9-e5312824eca3","version":2,"asset_type":"data_asset","mime":"application/json","datasource_type":"81bafdbd-b7c6-45c5-a4fd-6ec135f66f4e","object_key":"DaaS/04414992-11d9-4d33-8c9b-461978c8c219/module","creator_id":"icp4d-dev","create_time":1692375836387,"size":11368,"is_remote":false,"is_managed":false,"is_referenced":true,"is_object_key_read_only":false,"is_user_provided_path_key":true,"transfer_complete":true,"is_partitioned":false,"complete_time_ticks":1692375836387,"user_data":{},"test_doc":0,"handle":{"type":"assetfiles","key":"DaaS/04414992-11d9-4d33-8c9b-461978c8c219/module","upload_id":"done","max_part_num":1},"usage":{"access_count":0,"last_accessor_id":"icp4d-dev","last_access_time":1692375836387}},{"id":"85a0f1bc-1904-4156-952d-17c57a0429c2","version":2,"asset_type":"data_asset","mime":"application/vnd.ibm.bi.pq","datasource_type":"81bafdbd-b7c6-45c5-a4fd-6ec135f66f4e","object_key":"DaaS/0c6b81da-576a-4ec6-a246-5a1d5f71ba61/pq/ClaimsLocationsHail_csv","creator_id":"1000330999","create_time":1692376228082,"size":877551,"is_remote":false,"is_managed":false,"is_referenced":true,"is_object_key_read_only":false,"is_user_provided_path_key":true,"transfer_complete":true,"is_partitioned":false,"complete_time_ticks":1692376228082,"user_data":{},"test_doc":0,"handle":{"type":"assetfiles","key":"DaaS/0c6b81da-576a-4ec6-a246-5a1d5f71ba61/pq/ClaimsLocationsHail_csv","upload_id":"done","max_part_num":1},"usage":{"access_count":0,"last_accessor_id":"1000330999","last_access_time":1692376228082}},{"id":"50160904-abe1-4156-9298-a662594dc267","version":2,"asset_type":"data_asset","mime":"application/json","datasource_type":"81bafdbd-b7c6-45c5-a4fd-6ec135f66f4e","object_key":"DaaS/0c6b81da-576a-4ec6-a246-5a1d5f71ba61/module","creator_id":"1000330999","create_time":1692376228290,"size":10161,"is_remote":false,"is_managed":false,"is_referenced":true,"is_object_key_read_only":false,"is_user_provided_path_key":true,"transfer_complete":true,"is_partitioned":false,"complete_time_ticks":1692376228290,"user_data":{},"test_doc":0,"handle":{"type":"assetfiles","key":"DaaS/0c6b81da-576a-4ec6-a246-5a1d5f71ba61/module","upload_id":"done","max_part_num":1},"usage":{"access_count":0,"last_accessor_id":"1000330999","last_access_time":1692376228290}}]}