{"metadata":{"asset_id":"dc29ad05-e337-4c74-9ee7-e51db425423e","asset_attributes":["data_asset"],"name":"reducing-severe-weather-risk-in-insurance-glossary-terms.csv","asset_type":"data_asset","created_at":"2023-08-18T16:23:54Z","origin_country":"us","owner_id":"1000330999","project_id":"78c26df8-8d5e-451f-b876-bf232c8d70c1","size":3318,"usage":{"last_update_time":1692375835087,"last_updated_at":"2023-08-18T16:23:55Z"}},"entity":{"data_asset":{"mime_type":"text/csv","dataset":false}},"attachments":[{"id":"d58b400b-23be-487d-b471-f6facf9807b8","version":2,"asset_type":"data_asset","name":"reducing-severe-weather-risk-in-insurance-glossary-terms.csv","mime":"text/csv","datasource_type":"81bafdbd-b7c6-45c5-a4fd-6ec135f66f4e","object_key":"data_asset/reducing-severe-weather-risk-in-insurance-glossary-terms.csv","creator_id":"icp4d-dev","create_time":1692375834914,"size":3318,"is_remote":false,"is_managed":false,"is_referenced":true,"is_object_key_read_only":true,"is_user_provided_path_key":true,"transfer_complete":true,"is_partitioned":false,"complete_time_ticks":1692375834914,"user_data":{},"test_doc":0,"handle":{"type":"assetfiles","key":"data_asset/reducing-severe-weather-risk-in-insurance-glossary-terms.csv","upload_id":"done","max_part_num":1},"usage":{"access_count":0,"last_accessor_id":"icp4d-dev","last_access_time":1692375834914}}]}