{"metadata":{"asset_id":"d8509908-2880-4ac6-bf65-12e516d93b8d","asset_attributes":["data_asset"],"name":"CustomerLocations.csv","asset_type":"data_asset","created_at":"2023-08-18T16:23:54Z","description":"","origin_country":"us","owner_id":"1000330999","project_id":"78c26df8-8d5e-451f-b876-bf232c8d70c1","size":4703508,"tags":["daas-enriched"],"usage":{"last_update_time":1692376228608,"last_updated_at":"2023-08-18T16:30:28Z"}},"entity":{"data_asset":{"mime_type":"text/csv","dataset":false}},"attachments":[{"id":"4c917f42-ba3f-42d9-abaf-e75c7244998f","version":2,"asset_type":"data_asset","name":"CustomerLocations.csv","mime":"text/csv","datasource_type":"81bafdbd-b7c6-45c5-a4fd-6ec135f66f4e","object_key":"data_asset/CustomerLocations.csv","creator_id":"icp4d-dev","create_time":1692375834724,"size":3206071,"is_remote":false,"is_managed":false,"is_referenced":true,"is_object_key_read_only":false,"is_user_provided_path_key":true,"transfer_complete":true,"is_partitioned":false,"complete_time_ticks":1692375834724,"user_data":{},"test_doc":0,"handle":{"type":"assetfiles","key":"data_asset/CustomerLocations.csv","upload_id":"done","max_part_num":1},"usage":{"access_count":0,"last_accessor_id":"icp4d-dev","last_access_time":1692375834724}},{"id":"4b641d7d-6ab5-4f0b-8713-d29a21ad57e4","version":2,"asset_type":"data_asset","mime":"application/vnd.ibm.bi.pq","datasource_type":"81bafdbd-b7c6-45c5-a4fd-6ec135f66f4e","object_key":"DaaS/9999b7c8-5c0c-4c3e-ad3b-3319fb6a75b0/pq/CustomerLocations_csv","creator_id":"icp4d-dev","create_time":1692375834863,"size":739602,"is_remote":false,"is_managed":false,"is_referenced":true,"is_object_key_read_only":false,"is_user_provided_path_key":true,"transfer_complete":true,"is_partitioned":false,"complete_time_ticks":1692375834863,"user_data":{},"test_doc":0,"handle":{"type":"assetfiles","key":"DaaS/9999b7c8-5c0c-4c3e-ad3b-3319fb6a75b0/pq/CustomerLocations_csv","upload_id":"done","max_part_num":1},"usage":{"access_count":0,"last_accessor_id":"icp4d-dev","last_access_time":1692375834863}},{"id":"5c4aebb6-cc17-49d0-923b-5969b3eb8a18","version":2,"asset_type":"data_asset","mime":"application/json","datasource_type":"81bafdbd-b7c6-45c5-a4fd-6ec135f66f4e","object_key":"DaaS/9999b7c8-5c0c-4c3e-ad3b-3319fb6a75b0/module","creator_id":"icp4d-dev","create_time":1692375834992,"size":9720,"is_remote":false,"is_managed":false,"is_referenced":true,"is_object_key_read_only":false,"is_user_provided_path_key":true,"transfer_complete":true,"is_partitioned":false,"complete_time_ticks":1692375834992,"user_data":{},"test_doc":0,"handle":{"type":"assetfiles","key":"DaaS/9999b7c8-5c0c-4c3e-ad3b-3319fb6a75b0/module","upload_id":"done","max_part_num":1},"usage":{"access_count":0,"last_accessor_id":"icp4d-dev","last_access_time":1692375834992}},{"id":"b6bd6443-69d8-46c2-9d1d-1fe6f167b6ff","version":2,"asset_type":"data_asset","mime":"application/vnd.ibm.bi.pq","datasource_type":"81bafdbd-b7c6-45c5-a4fd-6ec135f66f4e","object_key":"DaaS/d8509908-2880-4ac6-bf65-12e516d93b8d/pq/CustomerLocations_csv","creator_id":"1000330999","create_time":1692376228336,"size":739600,"is_remote":false,"is_managed":false,"is_referenced":true,"is_object_key_read_only":false,"is_user_provided_path_key":true,"transfer_complete":true,"is_partitioned":false,"complete_time_ticks":1692376228336,"user_data":{},"test_doc":0,"handle":{"type":"assetfiles","key":"DaaS/d8509908-2880-4ac6-bf65-12e516d93b8d/pq/CustomerLocations_csv","upload_id":"done","max_part_num":1},"usage":{"access_count":0,"last_accessor_id":"1000330999","last_access_time":1692376228336}},{"id":"4782b1ec-e550-434a-b89a-b5cc9af2f1a0","version":2,"asset_type":"data_asset","mime":"application/json","datasource_type":"81bafdbd-b7c6-45c5-a4fd-6ec135f66f4e","object_key":"DaaS/d8509908-2880-4ac6-bf65-12e516d93b8d/module","creator_id":"1000330999","create_time":1692376228603,"size":8515,"is_remote":false,"is_managed":false,"is_referenced":true,"is_object_key_read_only":false,"is_user_provided_path_key":true,"transfer_complete":true,"is_partitioned":false,"complete_time_ticks":1692376228603,"user_data":{},"test_doc":0,"handle":{"type":"assetfiles","key":"DaaS/d8509908-2880-4ac6-bf65-12e516d93b8d/module","upload_id":"done","max_part_num":1},"usage":{"access_count":0,"last_accessor_id":"1000330999","last_access_time":1692376228603}}]}