{"metadata":{"asset_id":"e6c3f3ed-933c-46b3-a7cd-7e900e18b91f","asset_attributes":["notebook"],"name":"Update Gust Wind Speed Maps","asset_type":"notebook","created_at":"2023-08-18T16:23:57Z","description":"","origin_country":"us","owner_id":"1000330999","project_id":"78c26df8-8d5e-451f-b876-bf232c8d70c1","size":6461,"tags":["notebook"],"usage":{"last_update_time":1692375839174,"last_updated_at":"2023-08-18T16:23:59Z"}},"entity":{"notebook":{"kernel":{"name":"python3","display_name":"Python 3.10","language":"python","version":"3.10"},"originates_from":{"type":"file"},"runtime":{"environment":"rt231py-78c26df8-8d5e-451f-b876-bf232c8d70c1"}}},"attachments":[{"id":"ecd3a571-de2d-405a-8611-0a463d59ad77","version":2,"asset_type":"notebook","name":"attachment for notebook e6c3f3ed-933c-46b3-a7cd-7e900e18b91f","description":"attachment for notebook e6c3f3ed-933c-46b3-a7cd-7e900e18b91f","mime":"application/json","datasource_type":"81bafdbd-b7c6-45c5-a4fd-6ec135f66f4e","object_key":"notebook/Update_Gust_Wind_Speed_Maps_aBa1IO9YW.ipynb","creator_id":"1000330999","create_time":1692375838102,"size":6461,"is_remote":false,"is_managed":false,"is_referenced":true,"is_object_key_read_only":false,"is_user_provided_path_key":true,"transfer_complete":true,"is_partitioned":false,"complete_time_ticks":1692375838102,"user_data":{},"test_doc":0,"handle":{"type":"assetfiles","key":"notebook/Update_Gust_Wind_Speed_Maps_aBa1IO9YW.ipynb","upload_id":"done","max_part_num":1},"usage":{"access_count":0,"last_accessor_id":"1000330999","last_access_time":1692375838102}}]}