{"metadata":{"asset_id":"52a01dd6-52d8-423e-a99f-164c0a169c9a","asset_attributes":["notebook"],"name":"Update Sustained Wind Speed Maps","asset_type":"notebook","created_at":"2023-08-18T16:23:59Z","description":"","origin_country":"us","owner_id":"1000330999","project_id":"78c26df8-8d5e-451f-b876-bf232c8d70c1","size":8069,"tags":["notebook"],"usage":{"last_update_time":1692375840590,"last_updated_at":"2023-08-18T16:24:00Z"}},"entity":{"notebook":{"kernel":{"name":"python3","display_name":"Python 3.10","language":"python","version":"3.10"},"originates_from":{"type":"file"},"runtime":{"environment":"rt231py-78c26df8-8d5e-451f-b876-bf232c8d70c1"}}},"attachments":[{"id":"2ef862a4-62b2-4cff-937e-3d82b3accfbb","version":2,"asset_type":"notebook","name":"attachment for notebook 52a01dd6-52d8-423e-a99f-164c0a169c9a","description":"attachment for notebook 52a01dd6-52d8-423e-a99f-164c0a169c9a","mime":"application/json","datasource_type":"81bafdbd-b7c6-45c5-a4fd-6ec135f66f4e","object_key":"notebook/Update_Sustained_Wind_Speed_Maps_lWcx5H-oy.ipynb","creator_id":"1000330999","create_time":1692375839569,"size":8069,"is_remote":false,"is_managed":false,"is_referenced":true,"is_object_key_read_only":false,"is_user_provided_path_key":true,"transfer_complete":true,"is_partitioned":false,"complete_time_ticks":1692375839569,"user_data":{},"test_doc":0,"handle":{"type":"assetfiles","key":"notebook/Update_Sustained_Wind_Speed_Maps_lWcx5H-oy.ipynb","upload_id":"done","max_part_num":1},"usage":{"access_count":0,"last_accessor_id":"1000330999","last_access_time":1692375839569}}]}