{"metadata":{"asset_id":"3fb04575-8784-4ab5-a305-30e47f5d3d62","asset_attributes":["notebook"],"name":"import-wkc-glossary","asset_type":"notebook","created_at":"2023-08-18T16:23:57Z","description":"","origin_country":"us","owner_id":"1000330999","project_id":"78c26df8-8d5e-451f-b876-bf232c8d70c1","size":10078,"tags":["notebook"],"usage":{"last_update_time":1692375839063,"last_updated_at":"2023-08-18T16:23:59Z"}},"entity":{"notebook":{"kernel":{"name":"python3","display_name":"Python 3.10","language":"python"},"originates_from":{"type":"file"},"runtime":{"environment":"rt231py-78c26df8-8d5e-451f-b876-bf232c8d70c1"}}},"attachments":[{"id":"f0f36d02-10c9-4927-9270-c310f7a58294","version":2,"asset_type":"notebook","name":"attachment for notebook 3fb04575-8784-4ab5-a305-30e47f5d3d62","description":"attachment for notebook 3fb04575-8784-4ab5-a305-30e47f5d3d62","mime":"application/json","datasource_type":"81bafdbd-b7c6-45c5-a4fd-6ec135f66f4e","object_key":"notebook/import-wkc-glossary_o7s1OlR1n.ipynb","creator_id":"1000330999","create_time":1692375837913,"size":10078,"is_remote":false,"is_managed":false,"is_referenced":true,"is_object_key_read_only":false,"is_user_provided_path_key":true,"transfer_complete":true,"is_partitioned":false,"complete_time_ticks":1692375837913,"user_data":{},"test_doc":0,"handle":{"type":"assetfiles","key":"notebook/import-wkc-glossary_o7s1OlR1n.ipynb","upload_id":"done","max_part_num":1},"usage":{"access_count":0,"last_accessor_id":"1000330999","last_access_time":1692375837913}}]}