{"metadata":{"asset_id":"d130318f-5e72-4813-aef1-273770a85a19","asset_attributes":["notebook"],"name":"Hail-NA Historical Accumulation - Saved ","asset_type":"notebook","created_at":"2023-08-18T16:23:57Z","description":"","origin_country":"us","owner_id":"1000330999","project_id":"78c26df8-8d5e-451f-b876-bf232c8d70c1","size":7062,"tags":["notebook"],"usage":{"last_update_time":1692375839298,"last_updated_at":"2023-08-18T16:23:59Z"}},"entity":{"notebook":{"kernel":{"name":"python3","display_name":"Python 3.10","language":"python","version":"3.10"},"originates_from":{"type":"file"},"runtime":{"environment":"rt231py-78c26df8-8d5e-451f-b876-bf232c8d70c1"}}},"attachments":[{"id":"5fde6741-e2b3-487a-bcf1-2384093c8f66","version":2,"asset_type":"notebook","name":"attachment for notebook d130318f-5e72-4813-aef1-273770a85a19","description":"attachment for notebook d130318f-5e72-4813-aef1-273770a85a19","mime":"application/json","datasource_type":"81bafdbd-b7c6-45c5-a4fd-6ec135f66f4e","object_key":"notebook/Hail-NA_Historical_Accumulation_-_Saved__dHngHIwPC.ipynb","creator_id":"1000330999","create_time":1692375838210,"size":7062,"is_remote":false,"is_managed":false,"is_referenced":true,"is_object_key_read_only":false,"is_user_provided_path_key":true,"transfer_complete":true,"is_partitioned":false,"complete_time_ticks":1692375838210,"user_data":{},"test_doc":0,"handle":{"type":"assetfiles","key":"notebook/Hail-NA_Historical_Accumulation_-_Saved__dHngHIwPC.ipynb","upload_id":"done","max_part_num":1},"usage":{"access_count":0,"last_accessor_id":"1000330999","last_access_time":1692375838210}}]}