{"metadata":{"asset_id":"8eae11bd-1f95-4ad4-8774-789f520ffed3","asset_attributes":["notebook"],"name":"ARCGIS ESRI","asset_type":"notebook","created_at":"2023-08-18T16:23:58Z","description":"","origin_country":"us","owner_id":"1000330999","project_id":"78c26df8-8d5e-451f-b876-bf232c8d70c1","size":27160,"tags":["notebook"],"usage":{"last_update_time":1692375839782,"last_updated_at":"2023-08-18T16:23:59Z"}},"entity":{"notebook":{"kernel":{"name":"python3","display_name":"Python 3.10","language":"python"},"originates_from":{"type":"file"},"runtime":{"environment":"rt231py-78c26df8-8d5e-451f-b876-bf232c8d70c1"}}},"attachments":[{"id":"d08546d7-24ee-4574-b768-695d88f5b4cc","version":2,"asset_type":"notebook","name":"attachment for notebook 8eae11bd-1f95-4ad4-8774-789f520ffed3","description":"attachment for notebook 8eae11bd-1f95-4ad4-8774-789f520ffed3","mime":"application/json","datasource_type":"81bafdbd-b7c6-45c5-a4fd-6ec135f66f4e","object_key":"notebook/ARCGIS_ESRI_pf5K8BW7k.ipynb","creator_id":"1000330999","create_time":1692375838786,"size":27160,"is_remote":false,"is_managed":false,"is_referenced":true,"is_object_key_read_only":false,"is_user_provided_path_key":true,"transfer_complete":true,"is_partitioned":false,"complete_time_ticks":1692375838786,"user_data":{},"test_doc":0,"handle":{"type":"assetfiles","key":"notebook/ARCGIS_ESRI_pf5K8BW7k.ipynb","upload_id":"done","max_part_num":1},"usage":{"access_count":0,"last_accessor_id":"1000330999","last_access_time":1692375838786}}]}