{"metadata":{"asset_id":"a298d166-6bd9-44ea-9cec-1c4176893bdc","asset_attributes":["wml_model","modelfacts_system","modelfacts_user"],"name":"ClaimsHailForecastPredictions","asset_type":"wml_model","created_at":"2023-08-18T16:23:57Z","description":"","origin_country":"us","owner_id":"1000330999","project_id":"78c26df8-8d5e-451f-b876-bf232c8d70c1","sandbox_id":"78c26df8-8d5e-451f-b876-bf232c8d70c1","size":30345638,"usage":{"last_update_time":1692375838500,"last_updated_at":"2023-08-18T16:23:58Z"}},"entity":{"wml_model":{"hybrid_pipeline_software_specs":[],"software_spec":{"base_id":"687eddc9-028a-4117-b9dd-e57b36f1efa5","name":"spss-modeler_18.2"},"ml_version":"4.0.15","type":"spss-modeler_18.2","schemas":{"input":[{"fields":[{"metadata":{},"name":"Customer Id","nullable":true,"type":"integer"},{"metadata":{},"name":"Damage Claim Amount","nullable":true,"type":"integer"}],"id":"CustomerClaims.csv","name":"CustomerClaims.csv","type":"struct"},{"fields":[{"metadata":{},"name":"Customer Id","nullable":true,"type":"integer"},{"metadata":{},"name":"Customer Latitude","nullable":true,"type":"double"},{"metadata":{},"name":"Customer Longitude","nullable":true,"type":"double"},{"metadata":{},"name":"Customer Zipcode","nullable":true,"type":"integer"},{"metadata":{},"name":"Customer City","nullable":true,"type":"string"},{"metadata":{},"name":"Customer State","nullable":true,"type":"string"},{"metadata":{},"name":"Customer Country","nullable":true,"type":"string"},{"metadata":{},"name":"Customer Since","nullable":true,"type":"integer"}],"id":"CustomerLocations.csv","name":"CustomerLocations.csv","type":"struct"},{"fields":[{"metadata":{},"name":"Customer Id","nullable":true,"type":"integer"},{"metadata":{},"name":"Hail Inches","nullable":true,"type":"double"}],"id":"CustomerReportedHail.csv","name":"CustomerReportedHail.csv","type":"struct"}],"output":[{"fields":[{"metadata":{},"name":"Customer Id","nullable":true,"type":"integer"},{"metadata":{},"name":"Customer Latitude","nullable":true,"type":"double"},{"metadata":{},"name":"Customer Longitude","nullable":true,"type":"double"},{"metadata":{},"name":"Customer Zipcode","nullable":true,"type":"integer"},{"metadata":{},"name":"Customer City","nullable":true,"type":"string"},{"metadata":{},"name":"Customer State","nullable":true,"type":"string"},{"metadata":{},"name":"Customer Country","nullable":true,"type":"string"},{"metadata":{},"name":"Customer Since","nullable":true,"type":"integer"},{"metadata":{},"name":"Hail Inches","nullable":true,"type":"double"},{"metadata":{},"name":"Partition","nullable":true,"type":"string"},{"metadata":{},"name":"Predicted Claim Amount","nullable":true,"type":"double"}],"id":"ClaimsHailForecastPredictions","name":"ClaimsHailForecastPredictions","type":"struct"}]}},"modelfacts_system":{"model_information":{"model_type":"spss-modeler_18.2","model_description":"","input_type":"","algorithm":"","prediction_type":"","software_spec":"spss-modeler_18.2","software_spec_id":"687eddc9-028a-4117-b9dd-e57b36f1efa5","asset_type":"wml_model","label_column":""},"training_information":{"project_name":"reducing-severe-weather-risk-in-insurance-industry-accelerator","training_data_references":[],"hyper_parameters":"","hybrid_pipeline":[],"features":12},"model_identity_information":{"model_identity_key":"80e59024-2aef-46b2-b7fa-5c6c3d742a9c"}},"modelfacts_user":{"spi features":0,"pi features":0,"income":0,"credit_score":0,"education":0,"gender":0,"loans":0,"loan_amount":0,"property_value":0,"number_of_cards":0,"creditcard_debt":0,"mortgage_approval":0,"marital_status":0,"comm_fraud_inv":0,"yrs_with_current_employer":0,"yrs_at_current_address":0,"commercial_client":0,"appliedonline":0,"employment_status":0,"residence":0,"area_avg_price":0}},"attachments":[{"id":"d9d0e553-04b1-40b3-8d27-15137a297ec2","version":2,"asset_type":"wml_model","datasource_type":"81bafdbd-b7c6-45c5-a4fd-6ec135f66f4e","object_key":"wml_model/84240db6-93ad-4122-a8bc-ad766ac14756/511c8c01-ed33-453e-be90-1c8729c64f18","creator_id":"icp4d-dev","create_time":1692375837688,"size":30345638,"is_remote":false,"is_managed":false,"is_referenced":true,"is_object_key_read_only":false,"is_user_provided_path_key":true,"transfer_complete":true,"is_partitioned":false,"complete_time_ticks":1692375837688,"user_data":{"content_format":"native"},"test_doc":0,"handle":{"type":"assetfiles","key":"wml_model/84240db6-93ad-4122-a8bc-ad766ac14756/511c8c01-ed33-453e-be90-1c8729c64f18","upload_id":"done","max_part_num":1},"usage":{"access_count":0,"last_accessor_id":"icp4d-dev","last_access_time":1692375837688}}]}