{"metadata":{"asset_id":"7dd93a5d-a5b3-4f7e-863d-7fce76fb837b","asset_attributes":["data_asset"],"name":"fauxweather2.csv","asset_type":"data_asset","created_at":"2023-05-19T14:37:49Z","description":"","origin_country":"us","owner_id":"1000331035","project_id":"a612b213-ee5e-469e-b73f-aa216d2e6983","size":4717819,"tags":[],"usage":{"last_update_time":1684507069211,"last_updated_at":"2023-05-19T14:37:49Z"}},"entity":{"data_asset":{"mime_type":"text/csv","dataset":false}},"attachments":[{"id":"0855c4d3-caf0-488f-8321-3f8b73522299","version":2,"asset_type":"data_asset","name":"fauxweather2.csv","mime":"text/csv","datasource_type":"81bafdbd-b7c6-45c5-a4fd-6ec135f66f4e","object_key":"data_asset/fauxweather2.csv","creator_id":"icp4d-dev","create_time":1684507069123,"size":4717819,"is_remote":false,"is_managed":false,"is_referenced":true,"is_object_key_read_only":false,"is_user_provided_path_key":true,"transfer_complete":true,"is_partitioned":false,"complete_time_ticks":1684507069123,"user_data":{},"test_doc":0,"handle":{"type":"assetfiles","key":"data_asset/fauxweather2.csv","upload_id":"done","max_part_num":1},"usage":{"access_count":0,"last_accessor_id":"icp4d-dev","last_access_time":1684507069123}}]}