{"metadata":{"asset_id":"ad2c793d-b1c7-482d-9a6e-915249d01c25","asset_attributes":["data_asset"],"name":"sales-prediction-using-weather-company-data-glossary-terms.csv","asset_type":"data_asset","created_at":"2023-05-19T14:37:49Z","origin_country":"us","owner_id":"1000331035","project_id":"a612b213-ee5e-469e-b73f-aa216d2e6983","size":23158,"usage":{"last_update_time":1684507069328,"last_updated_at":"2023-05-19T14:37:49Z"}},"entity":{"data_asset":{"mime_type":"text/csv","dataset":false}},"attachments":[{"id":"7cd945b8-1651-4d1e-8714-e386ba3031ba","version":2,"asset_type":"data_asset","name":"sales-prediction-using-weather-company-data-glossary-terms.csv","mime":"text/csv","datasource_type":"81bafdbd-b7c6-45c5-a4fd-6ec135f66f4e","object_key":"data_asset/sales-prediction-using-weather-company-data-glossary-terms.csv","creator_id":"icp4d-dev","create_time":1684507069277,"size":23158,"is_remote":false,"is_managed":false,"is_referenced":true,"is_object_key_read_only":true,"is_user_provided_path_key":true,"transfer_complete":true,"is_partitioned":false,"complete_time_ticks":1684507069277,"user_data":{},"test_doc":0,"handle":{"type":"assetfiles","key":"data_asset/sales-prediction-using-weather-company-data-glossary-terms.csv","upload_id":"done","max_part_num":1},"usage":{"access_count":0,"last_accessor_id":"icp4d-dev","last_access_time":1684507069277}}]}