{"metadata":{"asset_id":"13c06067-9c02-44b7-b199-c5ed299eece8","asset_attributes":["data_asset"],"name":"fauxsales1.csv","asset_type":"data_asset","created_at":"2023-05-19T14:37:48Z","description":"","origin_country":"us","owner_id":"1000331035","project_id":"a612b213-ee5e-469e-b73f-aa216d2e6983","size":211746,"tags":[],"usage":{"last_update_time":1684507069157,"last_updated_at":"2023-05-19T14:37:49Z"}},"entity":{"data_asset":{"mime_type":"text/csv","dataset":false}},"attachments":[{"id":"b7bb329a-d835-4b69-bb8f-05dc4850c858","version":2,"asset_type":"data_asset","name":"fauxsales1.csv","mime":"text/csv","datasource_type":"81bafdbd-b7c6-45c5-a4fd-6ec135f66f4e","object_key":"data_asset/fauxsales1.csv","creator_id":"icp4d-dev","create_time":1684507069091,"size":211746,"is_remote":false,"is_managed":false,"is_referenced":true,"is_object_key_read_only":false,"is_user_provided_path_key":true,"transfer_complete":true,"is_partitioned":false,"complete_time_ticks":1684507069091,"user_data":{},"test_doc":0,"handle":{"type":"assetfiles","key":"data_asset/fauxsales1.csv","upload_id":"done","max_part_num":1},"usage":{"access_count":0,"last_accessor_id":"icp4d-dev","last_access_time":1684507069091}}]}