{"metadata":{"asset_id":"a49bbe33-2ea9-4b01-8c54-f66418732b52","asset_attributes":["data_asset"],"name":"config.py","asset_type":"data_asset","created_at":"2023-05-19T14:37:49Z","origin_country":"us","owner_id":"1000331035","project_id":"a612b213-ee5e-469e-b73f-aa216d2e6983","size":67622,"usage":{"last_update_time":1684507069321,"last_updated_at":"2023-05-19T14:37:49Z"}},"entity":{"data_asset":{"mime_type":"text/x-script.python","dataset":false}},"attachments":[{"id":"0d6b845b-76ee-40c4-a46c-17f7738815f8","version":2,"asset_type":"data_asset","name":"config.py","mime":"text/x-script.python","datasource_type":"81bafdbd-b7c6-45c5-a4fd-6ec135f66f4e","object_key":"data_asset/config.py","creator_id":"icp4d-dev","create_time":1684507069279,"size":67622,"is_remote":false,"is_managed":false,"is_referenced":true,"is_object_key_read_only":true,"is_user_provided_path_key":true,"transfer_complete":true,"is_partitioned":false,"complete_time_ticks":1684507069279,"user_data":{},"test_doc":0,"handle":{"type":"assetfiles","key":"data_asset/config.py","upload_id":"done","max_part_num":1},"usage":{"access_count":0,"last_accessor_id":"icp4d-dev","last_access_time":1684507069279}}]}