{"metadata":{"asset_id":"c7f89c37-cb5f-4076-9e46-7697ee94a3d0","asset_attributes":["data_asset"],"name":"Readme - Sales Prediction using the Weather Company Data.pdf","asset_type":"data_asset","created_at":"2023-05-19T14:37:49Z","origin_country":"us","owner_id":"1000331035","project_id":"a612b213-ee5e-469e-b73f-aa216d2e6983","size":95995,"usage":{"last_update_time":1684507069219,"last_updated_at":"2023-05-19T14:37:49Z"}},"entity":{"data_asset":{"mime_type":"application/pdf","dataset":false}},"attachments":[{"id":"a143b14d-f1fd-4192-9103-4eb0e471e313","version":2,"asset_type":"data_asset","name":"Readme - Sales Prediction using the Weather Company Data.pdf","mime":"application/pdf","datasource_type":"81bafdbd-b7c6-45c5-a4fd-6ec135f66f4e","object_key":"data_asset/Readme - Sales Prediction using the Weather Company Data.pdf","creator_id":"icp4d-dev","create_time":1684507069158,"size":95995,"is_remote":false,"is_managed":false,"is_referenced":true,"is_object_key_read_only":true,"is_user_provided_path_key":true,"transfer_complete":true,"is_partitioned":false,"complete_time_ticks":1684507069158,"user_data":{},"test_doc":0,"handle":{"type":"assetfiles","key":"data_asset/Readme - Sales Prediction using the Weather Company Data.pdf","upload_id":"done","max_part_num":1},"usage":{"access_count":0,"last_accessor_id":"icp4d-dev","last_access_time":1684507069158}}]}