{"metadata":{"asset_id":"53e9e7d1-5210-446b-8e2f-af1262bf9732","asset_attributes":["job"],"name":"import-wkc-glossary-notebook-job","asset_type":"job","created_at":"2023-05-19T14:37:52Z","origin_country":"us","owner_id":"1000331035","project_id":"a612b213-ee5e-469e-b73f-aa216d2e6983","size":0,"usage":{"last_update_time":1684507072053,"last_updated_at":"2023-05-19T14:37:52Z"}},"entity":{"job":{"asset_ref_type":"notebook","configuration":{"env_id":"rt231py-a612b213-ee5e-469e-b73f-aa216d2e6983","file_ref":"","entrypoint":"","run_results":"log_and_new_notebook","env_type":"notebook","env_variables":[]},"last_run_initiator":"deprecated field","last_run_time":"deprecated field","last_run_status":"deprecated field","last_run_status_timestamp":0,"future_scheduled_runs":[],"enable_notifications":true,"project_name":"sales-prediction-using-the-weather-company-data","asset_ref":"59c9b304-3907-4b2d-a0e7-c23180b73692","schedule_id":"","schedule_creator_id":""}}}