{"metadata":{"asset_id":"5d62b1f3-4dfb-4053-82df-34267a6b0990","asset_attributes":["job"],"name":"1-build-predictive-models-notebook-job","asset_type":"job","created_at":"2023-05-19T14:37:52Z","origin_country":"us","owner_id":"1000331035","project_id":"a612b213-ee5e-469e-b73f-aa216d2e6983","size":0,"usage":{"last_update_time":1684507072143,"last_updated_at":"2023-05-19T14:37:52Z"}},"entity":{"job":{"asset_ref_type":"notebook","configuration":{"env_id":"rt231py-a612b213-ee5e-469e-b73f-aa216d2e6983","file_ref":"","entrypoint":"","run_results":"log_and_new_notebook","env_type":"notebook","env_variables":[]},"last_run_initiator":"deprecated field","last_run_time":"deprecated field","last_run_status":"deprecated field","last_run_status_timestamp":0,"future_scheduled_runs":[],"enable_notifications":true,"project_name":"sales-prediction-using-the-weather-company-data","asset_ref":"848e2620-e301-41ab-ac42-8e95b1398677","schedule_id":"","schedule_creator_id":""}}}