{"metadata":{"asset_id":"848e2620-e301-41ab-ac42-8e95b1398677","asset_attributes":["notebook"],"name":"1-build-predictive-models","asset_type":"notebook","created_at":"2023-05-19T14:37:49Z","description":"","origin_country":"us","owner_id":"1000331035","project_id":"a612b213-ee5e-469e-b73f-aa216d2e6983","size":5030946,"tags":["notebook"],"usage":{"last_update_time":1684507070032,"last_updated_at":"2023-05-19T14:37:50Z"}},"entity":{"notebook":{"kernel":{"name":"python3","display_name":"Python 3.10","language":"python"},"originates_from":{"type":"file"},"runtime":{"environment":"rt231py-a612b213-ee5e-469e-b73f-aa216d2e6983"}}},"attachments":[{"id":"143ebb0b-2827-47a6-9b32-de1afc9a87c7","version":2,"asset_type":"notebook","name":"attachment for notebook 848e2620-e301-41ab-ac42-8e95b1398677","description":"attachment for notebook 848e2620-e301-41ab-ac42-8e95b1398677","mime":"application/json","datasource_type":"81bafdbd-b7c6-45c5-a4fd-6ec135f66f4e","object_key":"notebook/buildpredictivemodelsScikitlearn_Rk97IMXHL.ipynb","creator_id":"1000331035","create_time":1684507069671,"size":5030946,"is_remote":false,"is_managed":false,"is_referenced":true,"is_object_key_read_only":false,"is_user_provided_path_key":true,"transfer_complete":true,"is_partitioned":false,"complete_time_ticks":1684507069671,"user_data":{},"test_doc":0,"handle":{"type":"assetfiles","key":"notebook/buildpredictivemodelsScikitlearn_Rk97IMXHL.ipynb","upload_id":"done","max_part_num":1},"usage":{"access_count":0,"last_accessor_id":"1000331035","last_access_time":1684507069671}}]}