{"metadata":{"asset_id":"a5a0a517-654b-4c16-9e39-f86f509fce3c","asset_attributes":["data_asset"],"name":"ISSUE.csv","asset_type":"data_asset","created_at":"2023-05-15T11:38:55Z","description":"","origin_country":"us","owner_id":"1000331035","project_id":"4f506eff-a2c5-487e-b5be-40d90a2d1650","size":255,"tags":[],"usage":{"last_update_time":1684150736649,"last_updated_at":"2023-05-15T11:38:56Z"}},"entity":{"data_asset":{"mime_type":"text/csv","dataset":false}},"attachments":[{"id":"207eb043-d8d4-4120-b149-bc56d9f6b24d","version":2,"asset_type":"data_asset","name":"ISSUE.csv","mime":"text/csv","datasource_type":"81bafdbd-b7c6-45c5-a4fd-6ec135f66f4e","object_key":"data_asset/ISSUE.csv","creator_id":"icp4d-dev","create_time":1684150736507,"size":255,"is_remote":false,"is_managed":false,"is_referenced":true,"is_object_key_read_only":false,"is_user_provided_path_key":true,"transfer_complete":true,"is_partitioned":false,"complete_time_ticks":1684150736507,"user_data":{},"test_doc":0,"handle":{"type":"assetfiles","key":"data_asset/ISSUE.csv","upload_id":"done","max_part_num":1},"usage":{"access_count":0,"last_accessor_id":"icp4d-dev","last_access_time":1684150736507}}]}