{"metadata":{"asset_id":"dc7d77c5-0f50-40de-8fa9-20d81faf73fd","asset_attributes":["data_asset"],"name":"EMPLOYMENT.csv","asset_type":"data_asset","created_at":"2023-05-15T11:38:57Z","description":"","origin_country":"us","owner_id":"1000331035","project_id":"4f506eff-a2c5-487e-b5be-40d90a2d1650","size":309,"tags":[],"usage":{"last_update_time":1684150737405,"last_updated_at":"2023-05-15T11:38:57Z"}},"entity":{"data_asset":{"mime_type":"text/csv","dataset":false}},"attachments":[{"id":"3a82d936-04e5-46ce-b48c-40677b18d1bf","version":2,"asset_type":"data_asset","name":"EMPLOYMENT.csv","mime":"text/csv","datasource_type":"81bafdbd-b7c6-45c5-a4fd-6ec135f66f4e","object_key":"data_asset/EMPLOYMENT.csv","creator_id":"icp4d-dev","create_time":1684150737310,"size":309,"is_remote":false,"is_managed":false,"is_referenced":true,"is_object_key_read_only":false,"is_user_provided_path_key":true,"transfer_complete":true,"is_partitioned":false,"complete_time_ticks":1684150737310,"user_data":{},"test_doc":0,"handle":{"type":"assetfiles","key":"data_asset/EMPLOYMENT.csv","upload_id":"done","max_part_num":1},"usage":{"access_count":0,"last_accessor_id":"icp4d-dev","last_access_time":1684150737310}}]}