{"metadata":{"asset_id":"e8615302-2bc9-4f21-9d9b-00cebc9dad68","asset_attributes":["data_asset"],"name":"utilities-customer-attrition-prediction-glossary-terms.csv","asset_type":"data_asset","created_at":"2023-05-15T14:28:22Z","origin_country":"us","owner_id":"1000331035","project_id":"4f506eff-a2c5-487e-b5be-40d90a2d1650","size":47003,"usage":{"last_update_time":1684160902920,"last_updated_at":"2023-05-15T14:28:22Z"}},"entity":{"data_asset":{"mime_type":"text/csv","dataset":false}},"attachments":[{"id":"d656d9ea-2b9a-4906-bb7c-91ca5d46f4e5","version":2,"asset_type":"data_asset","name":"utilities-customer-attrition-prediction-glossary-terms.csv","mime":"text/csv","datasource_type":"81bafdbd-b7c6-45c5-a4fd-6ec135f66f4e","object_key":"data_asset/utilities-customer-attrition-prediction-glossary-terms.csv","creator_id":"1000331035","create_time":1684160902951,"size":47003,"is_remote":false,"is_managed":false,"is_referenced":true,"is_object_key_read_only":true,"is_user_provided_path_key":true,"transfer_complete":true,"is_partitioned":false,"complete_time_ticks":1684160902951,"user_data":{},"test_doc":0,"handle":{"type":"assetfiles","key":"data_asset/utilities-customer-attrition-prediction-glossary-terms.csv","upload_id":"done","max_part_num":1},"usage":{"access_count":0,"last_accessor_id":"1000331035","last_access_time":1684160902951}}]}