{"metadata":{"asset_id":"511976f1-9df4-4409-8cfb-18331c665e6b","asset_attributes":["data_asset"],"name":"utilities-customer-attrition-prediction-analytics-dashboard.zip","asset_type":"data_asset","created_at":"2023-05-15T11:38:56Z","origin_country":"us","owner_id":"1000331035","project_id":"4f506eff-a2c5-487e-b5be-40d90a2d1650","size":4266189,"usage":{"last_update_time":1684163753711,"last_updated_at":"2023-05-15T15:15:53Z"}},"entity":{"data_asset":{"mime_type":"application/zip","dataset":false}},"attachments":[{"id":"33adf8ca-e0d3-4c25-bdf6-3f7c52fb0cb3","version":2,"asset_type":"data_asset","name":"utilities-customer-attrition-prediction-analytics-dashboard.zip","mime":"application/zip","datasource_type":"81bafdbd-b7c6-45c5-a4fd-6ec135f66f4e","object_key":"data_asset/utilities-customer-attrition-prediction-analytics-dashboard.zip","creator_id":"icp4d-dev","create_time":1684150737068,"size":4266189,"is_remote":false,"is_managed":false,"is_referenced":true,"is_object_key_read_only":true,"is_user_provided_path_key":true,"transfer_complete":true,"is_partitioned":false,"complete_time_ticks":1684150737068,"user_data":{},"test_doc":0,"handle":{"type":"assetfiles","key":"data_asset/utilities-customer-attrition-prediction-analytics-dashboard.zip","upload_id":"done","max_part_num":1},"usage":{"access_count":1,"last_accessor_id":"1000331035","last_access_time":1684163753710,"last_updater_id":"1000331035","last_update_time":1684163753710}}]}