{"metadata":{"asset_id":"e57def59-e2eb-4b71-8720-66af1fa29d3f","asset_attributes":["job"],"name":"1-model-training-notebook-job","asset_type":"job","created_at":"2023-05-15T12:48:26Z","origin_country":"us","owner_id":"1000331035","project_id":"4f506eff-a2c5-487e-b5be-40d90a2d1650","size":0,"usage":{"last_update_time":1684154906026,"last_updated_at":"2023-05-15T12:48:26Z"}},"entity":{"job":{"asset_ref_type":"notebook","configuration":{"env_id":"rt231py-4f506eff-a2c5-487e-b5be-40d90a2d1650","file_ref":"","entrypoint":"","run_results":"log_and_new_notebook","env_type":"notebook","env_variables":[]},"last_run_initiator":"deprecated field","last_run_time":"deprecated field","last_run_status":"deprecated field","last_run_status_timestamp":0,"future_scheduled_runs":[],"enable_notifications":true,"retention_policy":{"amount":5},"project_name":"Utilities-Customer-Attrition-Prediction","asset_ref":"0197e018-f42d-477a-b3cd-ff5c6f9df84b","schedule_id":"","schedule_creator_id":""}}}