{"metadata":{"asset_id":"d6a1ad55-5f67-475e-a32d-a7be4cd120b5","asset_attributes":["job"],"name":"import-wkc-glossary-notebook-job","asset_type":"job","created_at":"2023-05-15T14:36:15Z","origin_country":"us","owner_id":"1000331035","project_id":"4f506eff-a2c5-487e-b5be-40d90a2d1650","size":0,"usage":{"last_update_time":1684161375901,"last_updated_at":"2023-05-15T14:36:15Z"}},"entity":{"job":{"asset_ref_type":"notebook","configuration":{"env_id":"rt231py-4f506eff-a2c5-487e-b5be-40d90a2d1650","file_ref":"","entrypoint":"","run_results":"log_and_new_notebook","env_type":"notebook","env_variables":[]},"last_run_initiator":"deprecated field","last_run_time":"deprecated field","last_run_status":"deprecated field","last_run_status_timestamp":0,"future_scheduled_runs":[],"enable_notifications":true,"retention_policy":{"amount":5},"project_name":"Utilities-Customer-Attrition-Prediction","asset_ref":"44aaacef-261d-44ab-9ee2-1b6db4ba2666","schedule_id":"","schedule_creator_id":""}}}