{"metadata":{"asset_id":"4a3721bd-db9b-4574-b551-e4620c204b17","asset_attributes":["notebook"],"name":"3-monitor-wml-model-with-Watson-OpenScale","asset_type":"notebook","created_at":"2023-05-15T11:38:57Z","description":"","origin_country":"us","owner_id":"1000331035","project_id":"4f506eff-a2c5-487e-b5be-40d90a2d1650","size":421240,"tags":["notebook"],"usage":{"last_update_time":1684160761128,"last_updated_at":"2023-05-15T14:26:01Z"}},"entity":{"notebook":{"kernel":{"name":"python3","display_name":"Python 3.10","language":"python"},"originates_from":{"type":"file"},"runtime":{"environment":"rt231py-4f506eff-a2c5-487e-b5be-40d90a2d1650"}}},"attachments":[{"id":"0a79f8aa-3cbe-4bcf-b516-f6980b3eaf28","version":2,"asset_type":"notebook","name":"attachment for notebook 4a3721bd-db9b-4574-b551-e4620c204b17","description":"attachment for notebook 4a3721bd-db9b-4574-b551-e4620c204b17","mime":"application/json","datasource_type":"81bafdbd-b7c6-45c5-a4fd-6ec135f66f4e","object_key":"notebook/3-monitor-wml-model-with-Watson-OpenScale_eAgW2TfPD.ipynb","creator_id":"1000331035","create_time":1684150737721,"size":421240,"is_remote":false,"is_managed":false,"is_referenced":true,"is_object_key_read_only":false,"is_user_provided_path_key":true,"transfer_complete":true,"is_partitioned":false,"complete_time_ticks":1684150737721,"user_data":{},"test_doc":0,"handle":{"type":"assetfiles","key":"notebook/3-monitor-wml-model-with-Watson-OpenScale_eAgW2TfPD.ipynb","upload_id":"done","max_part_num":1},"usage":{"access_count":14,"last_accessor_id":"1000331035","last_access_time":1684160755954,"last_updater_id":"1000331035","last_update_time":1684160755954}}]}