{"metadata":{"asset_id":"e661a2ef-0c21-4581-887f-ebaf3fae3df8","asset_attributes":["notebook"],"name":"2-shiny-app-deployment","asset_type":"notebook","created_at":"2023-05-15T11:38:57Z","description":"","origin_country":"us","owner_id":"1000331035","project_id":"4f506eff-a2c5-487e-b5be-40d90a2d1650","size":8377,"tags":["notebook"],"usage":{"last_update_time":1684163875148,"last_updated_at":"2023-05-15T15:17:55Z"}},"entity":{"notebook":{"kernel":{"name":"python3","display_name":"Python 3.10","language":"python"},"originates_from":{"type":"file"},"runtime":{"environment":"rt231py-4f506eff-a2c5-487e-b5be-40d90a2d1650"}}},"attachments":[{"id":"f92ff8e8-cae3-4fc6-80b6-102643b93db3","version":2,"asset_type":"notebook","name":"attachment for notebook e661a2ef-0c21-4581-887f-ebaf3fae3df8","description":"attachment for notebook e661a2ef-0c21-4581-887f-ebaf3fae3df8","mime":"application/json","datasource_type":"81bafdbd-b7c6-45c5-a4fd-6ec135f66f4e","object_key":"notebook/2-model_scoring_and_app_deployment_2Pi4ZSu8Q.ipynb","creator_id":"1000331035","create_time":1684150737728,"size":8377,"is_remote":false,"is_managed":false,"is_referenced":true,"is_object_key_read_only":false,"is_user_provided_path_key":true,"transfer_complete":true,"is_partitioned":false,"complete_time_ticks":1684150737728,"user_data":{},"test_doc":0,"handle":{"type":"assetfiles","key":"notebook/2-model_scoring_and_app_deployment_2Pi4ZSu8Q.ipynb","upload_id":"done","max_part_num":1},"usage":{"access_count":6,"last_accessor_id":"1000331035","last_access_time":1684163875147,"last_updater_id":"1000331035","last_update_time":1684163875147}}]}