{"metadata":{"asset_id":"44aaacef-261d-44ab-9ee2-1b6db4ba2666","asset_attributes":["notebook"],"name":"import-wkc-glossary","asset_type":"notebook","created_at":"2023-05-15T14:29:17Z","description":"","origin_country":"us","owner_id":"1000331035","project_id":"4f506eff-a2c5-487e-b5be-40d90a2d1650","size":33993,"tags":["notebook"],"usage":{"last_update_time":1684161351191,"last_updated_at":"2023-05-15T14:35:51Z"}},"entity":{"notebook":{"kernel":{"name":"python3","display_name":"Python 3.10","language":"python"},"originates_from":{"type":"blank"},"runtime":{"environment":"rt231py-4f506eff-a2c5-487e-b5be-40d90a2d1650"}}},"attachments":[{"id":"34a5cd3c-5949-43ac-9a26-d4108dae1a04","version":2,"asset_type":"notebook","name":"attachment for notebook 44aaacef-261d-44ab-9ee2-1b6db4ba2666","description":"attachment for notebook 44aaacef-261d-44ab-9ee2-1b6db4ba2666","mime":"application/json","datasource_type":"81bafdbd-b7c6-45c5-a4fd-6ec135f66f4e","object_key":"notebook/import-wkc-glossary_YLAWxoX8G.ipynb","creator_id":"1000331035","create_time":1684160957471,"size":33993,"is_remote":false,"is_managed":false,"is_referenced":true,"is_object_key_read_only":false,"is_user_provided_path_key":true,"transfer_complete":true,"is_partitioned":false,"complete_time_ticks":1684160957471,"user_data":{},"test_doc":0,"handle":{"type":"assetfiles","key":"notebook/import-wkc-glossary_YLAWxoX8G.ipynb","upload_id":"done","max_part_num":1},"usage":{"access_count":4,"last_accessor_id":"1000331035","last_access_time":1684161335606,"last_updater_id":"1000331035","last_update_time":1684161335606}}]}