{"metadata":{"asset_id":"5849307e-4052-434d-8a82-62d5a0a9b31b","asset_attributes":["data_asset"],"name":"offer_affinity_prep.py","asset_type":"data_asset","created_at":"2023-05-15T11:49:14Z","description":"","origin_country":"us","owner_id":"1000331035","project_id":"3dc2c2d7-cc71-4d65-90e1-0d6629d62ba3","size":22279,"tags":[],"usage":{"last_update_time":1684151354611,"last_updated_at":"2023-05-15T11:49:14Z"}},"entity":{"data_asset":{"mime_type":"text/x-script.phyton","dataset":false}},"attachments":[{"id":"c18be43d-de4b-4ba6-ba5b-11ee9b5649bc","version":2,"asset_type":"data_asset","name":"offer_affinity_prep.py","mime":"text/x-script.phyton","datasource_type":"81bafdbd-b7c6-45c5-a4fd-6ec135f66f4e","object_key":"data_asset/offer_affinity_prep.py","creator_id":"icp4d-dev","create_time":1684151354487,"size":22279,"is_remote":false,"is_managed":false,"is_referenced":true,"is_object_key_read_only":false,"is_user_provided_path_key":true,"transfer_complete":true,"is_partitioned":false,"complete_time_ticks":1684151354487,"user_data":{},"test_doc":0,"handle":{"type":"assetfiles","key":"data_asset/offer_affinity_prep.py","upload_id":"done","max_part_num":1},"usage":{"access_count":0,"last_accessor_id":"icp4d-dev","last_access_time":1684151354487}}]}