{"metadata":{"asset_id":"61e0aeef-56db-4429-9bed-bf26911688b8","asset_attributes":["data_asset"],"name":"offer-affinity-map-terms.csv","asset_type":"data_asset","created_at":"2023-05-15T11:49:14Z","description":"","origin_country":"us","owner_id":"1000331035","project_id":"3dc2c2d7-cc71-4d65-90e1-0d6629d62ba3","size":34211,"tags":[],"usage":{"last_update_time":1684151354420,"last_updated_at":"2023-05-15T11:49:14Z"}},"entity":{"data_asset":{"mime_type":"text/csv","dataset":false}},"attachments":[{"id":"3d7966e0-abd8-4ac6-a67d-dda35ffec371","version":2,"asset_type":"data_asset","name":"offer-affinity-map-terms.csv","mime":"text/csv","datasource_type":"81bafdbd-b7c6-45c5-a4fd-6ec135f66f4e","object_key":"data_asset/offer-affinity-map-terms.csv","creator_id":"icp4d-dev","create_time":1684151354383,"size":34211,"is_remote":false,"is_managed":false,"is_referenced":true,"is_object_key_read_only":false,"is_user_provided_path_key":true,"transfer_complete":true,"is_partitioned":false,"complete_time_ticks":1684151354383,"user_data":{},"test_doc":0,"handle":{"type":"assetfiles","key":"data_asset/offer-affinity-map-terms.csv","upload_id":"done","max_part_num":1},"usage":{"access_count":0,"last_accessor_id":"icp4d-dev","last_access_time":1684151354383}}]}