{"metadata":{"asset_id":"09ac166a-379a-48ee-bb35-5d98ae96ed49","asset_attributes":["job"],"name":"3-model-score-and-app-deployment-notebook-job","asset_type":"job","created_at":"2023-05-15T11:49:18Z","origin_country":"us","owner_id":"1000331035","project_id":"3dc2c2d7-cc71-4d65-90e1-0d6629d62ba3","size":0,"usage":{"last_update_time":1684151358151,"last_updated_at":"2023-05-15T11:49:18Z"}},"entity":{"job":{"asset_ref_type":"notebook","configuration":{"env_id":"rt231py-3dc2c2d7-cc71-4d65-90e1-0d6629d62ba3","file_ref":"","entrypoint":"","run_results":"log_and_new_notebook","env_type":"notebook","env_variables":[]},"last_run_initiator":"deprecated field","last_run_time":"deprecated field","last_run_status":"deprecated field","last_run_status_timestamp":0,"future_scheduled_runs":[],"enable_notifications":true,"project_name":"IndustryAccelerator-OfferAffinity","asset_ref":"a8cb223d-7924-4ff3-9876-010c6f7178ae","schedule_id":"","schedule_creator_id":""}}}