{"metadata":{"asset_id":"ae1498f4-e3fa-4192-b8cf-ca33014e3d49","asset_attributes":["job"],"name":"2-model-training-notebook-job","asset_type":"job","created_at":"2023-05-15T11:49:18Z","origin_country":"us","owner_id":"1000331035","project_id":"3dc2c2d7-cc71-4d65-90e1-0d6629d62ba3","size":0,"usage":{"last_update_time":1684230971135,"last_updated_at":"2023-05-16T09:56:11Z"}},"entity":{"job":{"asset_ref_type":"notebook","configuration":{"env_id":"rt231py-3dc2c2d7-cc71-4d65-90e1-0d6629d62ba3","file_ref":"","entrypoint":"","run_results":"log_and_new_notebook","env_type":"notebook","env_variables":[],"version":"f363f1fe-4617-470f-a657-da05c1c31d04"},"last_run_initiator":"deprecated field","last_run_time":"deprecated field","last_run_status":"deprecated field","last_run_status_timestamp":0,"future_scheduled_runs":[],"enable_notifications":true,"project_name":"IndustryAccelerator-OfferAffinity","asset_ref":"e204dcbb-8fc2-40e8-aaa7-8c10ea6150f1","schedule_id":"","schedule_creator_id":""}}}