{"metadata":{"asset_id":"76c8a003-e0d3-48ba-80e6-fb246f712f6a","asset_attributes":["notebook"],"name":"import-wkc-glossary","asset_type":"notebook","created_at":"2023-05-15T11:49:15Z","description":"","origin_country":"us","owner_id":"1000331035","project_id":"3dc2c2d7-cc71-4d65-90e1-0d6629d62ba3","size":58600,"tags":["notebook"],"usage":{"last_update_time":1684155221462,"last_updated_at":"2023-05-15T12:53:41Z"}},"entity":{"notebook":{"kernel":{"name":"python3","display_name":"Python 3.10","language":"python"},"originates_from":{"type":"file"},"runtime":{"environment":"rt231py-3dc2c2d7-cc71-4d65-90e1-0d6629d62ba3"}}},"attachments":[{"id":"38bfa14e-8714-4879-80ca-f1bf5dd7f777","version":2,"asset_type":"notebook","name":"attachment for notebook 76c8a003-e0d3-48ba-80e6-fb246f712f6a","description":"attachment for notebook 76c8a003-e0d3-48ba-80e6-fb246f712f6a","mime":"application/json","datasource_type":"81bafdbd-b7c6-45c5-a4fd-6ec135f66f4e","object_key":"notebook/import-wkc-glossary_qirOaW7HN.ipynb","creator_id":"1000331035","create_time":1684151355332,"size":58600,"is_remote":false,"is_managed":false,"is_referenced":true,"is_object_key_read_only":false,"is_user_provided_path_key":true,"transfer_complete":true,"is_partitioned":false,"complete_time_ticks":1684151355332,"user_data":{},"test_doc":0,"handle":{"type":"assetfiles","key":"notebook/import-wkc-glossary_qirOaW7HN.ipynb","upload_id":"done","max_part_num":1},"usage":{"access_count":5,"last_accessor_id":"1000330999","last_access_time":1684155221461,"last_updater_id":"1000330999","last_update_time":1684155221461}}]}