{"metadata":{"asset_id":"c2bb44d2-f453-4cd7-a7e9-541acc6b3ee3","asset_attributes":["shiny_asset"],"name":"customer-offer-affinity-analytics-dashboard","asset_type":"shiny_asset","created_at":"2023-05-15T11:49:15Z","description":"Shiny asset created in RStudio and pulled via git","origin_country":"us","owner_id":"1000331035","project_id":"3dc2c2d7-cc71-4d65-90e1-0d6629d62ba3","size":282036,"tags":[],"usage":{"last_update_time":1684151355158,"last_updated_at":"2023-05-15T11:49:15Z"}},"entity":{},"attachments":[{"id":"dd4ff5d4-3a53-4bbd-9cb1-a4e657580265","version":2,"asset_type":"shiny_asset","name":"customer-offer-affinity-analytics-dashboard","datasource_type":"81bafdbd-b7c6-45c5-a4fd-6ec135f66f4e","object_key":"shiny_app/customer-offer-affinity-analytics-dashboard.zip","creator_id":"icp4d-dev","create_time":1684151355118,"size":282036,"is_remote":false,"is_managed":false,"is_referenced":true,"is_object_key_read_only":false,"is_user_provided_path_key":true,"transfer_complete":true,"is_partitioned":false,"complete_time_ticks":1684151355118,"user_data":{},"test_doc":0,"handle":{"type":"assetfiles","key":"shiny_app/customer-offer-affinity-analytics-dashboard.zip","upload_id":"done","max_part_num":1},"usage":{"access_count":0,"last_accessor_id":"icp4d-dev","last_access_time":1684151355118}}]}