{"metadata":{"asset_id":"c8fa4c96-a876-4313-8b2e-24ba1d160f31","asset_attributes":["data_asset"],"name":"MARITAL_STATUS.csv","asset_type":"data_asset","created_at":"2023-06-28T14:07:53Z","description":"","origin_country":"us","owner_id":"1000331009","project_id":"d6dc6fb0-59c6-4d76-b259-23701bda25da","size":73,"tags":[],"usage":{"last_update_time":1687961273724,"last_updated_at":"2023-06-28T14:07:53Z"}},"entity":{"data_asset":{"mime_type":"text/csv","dataset":false}},"attachments":[{"id":"1588b8d7-8cc6-4750-ae37-8907af52b115","version":2,"asset_type":"data_asset","name":"MARITAL_STATUS.csv","mime":"text/csv","datasource_type":"81bafdbd-b7c6-45c5-a4fd-6ec135f66f4e","object_key":"data_asset/MARITAL_STATUS.csv","creator_id":"icp4d-dev","create_time":1687961273662,"size":73,"is_remote":false,"is_managed":false,"is_referenced":true,"is_object_key_read_only":false,"is_user_provided_path_key":true,"transfer_complete":true,"is_partitioned":false,"complete_time_ticks":1687961273662,"user_data":{},"test_doc":0,"handle":{"type":"assetfiles","key":"data_asset/MARITAL_STATUS.csv","upload_id":"done","max_part_num":1},"usage":{"access_count":0,"last_accessor_id":"icp4d-dev","last_access_time":1687961273662}}]}