{"metadata":{"asset_id":"d2bd34da-65b5-477c-a55f-d5527dd98e38","asset_attributes":["data_asset"],"name":"Readme - Utilities Payment Risk Prediction.pdf","asset_type":"data_asset","created_at":"2023-06-28T14:07:54Z","description":"","origin_country":"us","owner_id":"1000331009","project_id":"d6dc6fb0-59c6-4d76-b259-23701bda25da","size":86413,"tags":[],"usage":{"last_update_time":1687961274244,"last_updated_at":"2023-06-28T14:07:54Z"}},"entity":{"data_asset":{"mime_type":"application/pdf","dataset":false}},"attachments":[{"id":"ac6286aa-a18b-4f02-aa89-e46dde095088","version":2,"asset_type":"data_asset","name":"Readme - Utilities Payment Risk Prediction.pdf","mime":"application/pdf","datasource_type":"81bafdbd-b7c6-45c5-a4fd-6ec135f66f4e","object_key":"data_asset/Readme - Utilities Payment Risk Prediction.pdf","creator_id":"icp4d-dev","create_time":1687961274178,"size":86413,"is_remote":false,"is_managed":false,"is_referenced":true,"is_object_key_read_only":false,"is_user_provided_path_key":true,"transfer_complete":true,"is_partitioned":false,"complete_time_ticks":1687961274178,"user_data":{},"test_doc":0,"handle":{"type":"assetfiles","key":"data_asset/Readme - Utilities Payment Risk Prediction.pdf","upload_id":"done","max_part_num":1},"usage":{"access_count":0,"last_accessor_id":"icp4d-dev","last_access_time":1687961274178}}]}