{"metadata":{"asset_id":"db10dd0c-c2f1-4b6c-a7e7-a5d709531e8e","asset_attributes":["data_asset"],"name":"INVOICE.csv","asset_type":"data_asset","created_at":"2023-06-28T14:07:54Z","description":"","origin_country":"us","owner_id":"1000331009","project_id":"d6dc6fb0-59c6-4d76-b259-23701bda25da","size":1106888,"tags":[],"usage":{"last_update_time":1687961274413,"last_updated_at":"2023-06-28T14:07:54Z"}},"entity":{"data_asset":{"mime_type":"text/csv","dataset":false}},"attachments":[{"id":"d3b9a6c5-38b6-483c-9938-118efbc953d6","version":2,"asset_type":"data_asset","name":"INVOICE.csv","mime":"text/csv","datasource_type":"81bafdbd-b7c6-45c5-a4fd-6ec135f66f4e","object_key":"data_asset/INVOICE.csv","creator_id":"icp4d-dev","create_time":1687961274374,"size":1106888,"is_remote":false,"is_managed":false,"is_referenced":true,"is_object_key_read_only":false,"is_user_provided_path_key":true,"transfer_complete":true,"is_partitioned":false,"complete_time_ticks":1687961274374,"user_data":{},"test_doc":0,"handle":{"type":"assetfiles","key":"data_asset/INVOICE.csv","upload_id":"done","max_part_num":1},"usage":{"access_count":0,"last_accessor_id":"icp4d-dev","last_access_time":1687961274374}}]}