{"metadata":{"asset_id":"0308653b-6cc8-46b3-9164-5265caec10b2","asset_attributes":["data_asset"],"name":"CUSTOMER.csv","asset_type":"data_asset","created_at":"2023-06-28T14:07:54Z","description":"","origin_country":"us","owner_id":"1000331009","project_id":"d6dc6fb0-59c6-4d76-b259-23701bda25da","size":13679711,"tags":[],"usage":{"last_update_time":1687961274148,"last_updated_at":"2023-06-28T14:07:54Z"}},"entity":{"data_asset":{"mime_type":"text/csv","dataset":false}},"attachments":[{"id":"cb668cd9-57e3-4536-8f7b-8306fd988af7","version":2,"asset_type":"data_asset","name":"CUSTOMER.csv","mime":"text/csv","datasource_type":"81bafdbd-b7c6-45c5-a4fd-6ec135f66f4e","object_key":"data_asset/CUSTOMER.csv","creator_id":"icp4d-dev","create_time":1687961274092,"size":13679711,"is_remote":false,"is_managed":false,"is_referenced":true,"is_object_key_read_only":false,"is_user_provided_path_key":true,"transfer_complete":true,"is_partitioned":false,"complete_time_ticks":1687961274092,"user_data":{},"test_doc":0,"handle":{"type":"assetfiles","key":"data_asset/CUSTOMER.csv","upload_id":"done","max_part_num":1},"usage":{"access_count":0,"last_accessor_id":"icp4d-dev","last_access_time":1687961274092}}]}