{"metadata":{"asset_id":"d561e435-4251-4299-a925-1837d8315616","asset_attributes":["data_asset"],"name":"CST_SEGMENT.csv","asset_type":"data_asset","created_at":"2023-06-28T14:07:54Z","description":"","origin_country":"us","owner_id":"1000331009","project_id":"d6dc6fb0-59c6-4d76-b259-23701bda25da","size":123,"tags":[],"usage":{"last_update_time":1687961274391,"last_updated_at":"2023-06-28T14:07:54Z"}},"entity":{"data_asset":{"mime_type":"text/csv","dataset":false}},"attachments":[{"id":"6320a3f6-284c-4bbd-b38b-25ad2384a35f","version":2,"asset_type":"data_asset","name":"CST_SEGMENT.csv","mime":"text/csv","datasource_type":"81bafdbd-b7c6-45c5-a4fd-6ec135f66f4e","object_key":"data_asset/CST_SEGMENT.csv","creator_id":"icp4d-dev","create_time":1687961274350,"size":123,"is_remote":false,"is_managed":false,"is_referenced":true,"is_object_key_read_only":false,"is_user_provided_path_key":true,"transfer_complete":true,"is_partitioned":false,"complete_time_ticks":1687961274350,"user_data":{},"test_doc":0,"handle":{"type":"assetfiles","key":"data_asset/CST_SEGMENT.csv","upload_id":"done","max_part_num":1},"usage":{"access_count":0,"last_accessor_id":"icp4d-dev","last_access_time":1687961274350}}]}