{"metadata":{"asset_id":"720e1059-38ab-4a59-b7bc-f8d84429c3ec","asset_attributes":["job"],"name":"import-wkc-glossary notebook job","asset_type":"job","created_at":"2023-06-28T14:07:56Z","origin_country":"us","owner_id":"1000331009","project_id":"d6dc6fb0-59c6-4d76-b259-23701bda25da","size":0,"usage":{"last_update_time":1687961276825,"last_updated_at":"2023-06-28T14:07:56Z"}},"entity":{"job":{"asset_ref_type":"notebook","configuration":{"env_id":"rt231py-d6dc6fb0-59c6-4d76-b259-23701bda25da","file_ref":"","entrypoint":"","run_results":"log_and_new_notebook","env_type":"notebook","env_variables":[]},"last_run_initiator":"deprecated field","last_run_time":"deprecated field","last_run_status":"deprecated field","last_run_status_timestamp":0,"future_scheduled_runs":[],"enable_notifications":true,"project_name":"utilities-payment-risk-prediction-industry-accelerator","asset_ref":"5b3f2613-e701-4caf-9e5b-42c4c17cd96b","schedule_id":"","schedule_creator_id":""}}}