{"metadata":{"asset_id":"4b99e6b7-ce26-4be8-8ff6-d4e3e48c8bf7","asset_attributes":["job"],"name":"1-model-training-notebook-job","asset_type":"job","created_at":"2023-06-28T14:07:56Z","origin_country":"us","owner_id":"1000331009","project_id":"d6dc6fb0-59c6-4d76-b259-23701bda25da","size":0,"usage":{"last_update_time":1687961812149,"last_updated_at":"2023-06-28T14:16:52Z"}},"entity":{"job":{"asset_ref_type":"notebook","configuration":{"env_id":"rt231py-d6dc6fb0-59c6-4d76-b259-23701bda25da","file_ref":"","entrypoint":"","run_results":"log_and_new_notebook","env_type":"notebook","env_variables":[],"version":"f5ea16a4-d726-40c8-a83a-fa41564100a6"},"last_run_initiator":"deprecated field","last_run_time":"deprecated field","last_run_status":"deprecated field","last_run_status_timestamp":0,"future_scheduled_runs":[],"enable_notifications":true,"project_name":"utilities-payment-risk-prediction-industry-accelerator","asset_ref":"798ee4bb-5aba-4387-9fc7-deb894f14700","schedule_id":"","schedule_creator_id":""}}}