{"metadata":{"asset_id":"5b3f2613-e701-4caf-9e5b-42c4c17cd96b","asset_attributes":["notebook"],"name":"import-wkc-glossary","asset_type":"notebook","created_at":"2023-06-28T14:07:54Z","description":"","origin_country":"us","owner_id":"1000331009","project_id":"d6dc6fb0-59c6-4d76-b259-23701bda25da","size":34434,"tags":["notebook"],"usage":{"last_update_time":1687961275389,"last_updated_at":"2023-06-28T14:07:55Z"}},"entity":{"notebook":{"kernel":{"name":"python3","display_name":"Python 3.10","language":"python"},"originates_from":{"type":"file"},"runtime":{"environment":"rt231py-d6dc6fb0-59c6-4d76-b259-23701bda25da"}}},"attachments":[{"id":"5fa8bd69-edc1-4175-a3a0-c828d2c896ab","version":2,"asset_type":"notebook","name":"attachment for notebook 5b3f2613-e701-4caf-9e5b-42c4c17cd96b","description":"attachment for notebook 5b3f2613-e701-4caf-9e5b-42c4c17cd96b","mime":"application/json","datasource_type":"81bafdbd-b7c6-45c5-a4fd-6ec135f66f4e","object_key":"notebook/import-wkc-glossary_ajAwAo0PU.ipynb","creator_id":"1000331009","create_time":1687961274670,"size":34434,"is_remote":false,"is_managed":false,"is_referenced":true,"is_object_key_read_only":false,"is_user_provided_path_key":true,"transfer_complete":true,"is_partitioned":false,"complete_time_ticks":1687961274670,"user_data":{},"test_doc":0,"handle":{"type":"assetfiles","key":"notebook/import-wkc-glossary_ajAwAo0PU.ipynb","upload_id":"done","max_part_num":1},"usage":{"access_count":0,"last_accessor_id":"1000331009","last_access_time":1687961274670}}]}