{"metadata":{"asset_id":"e740fb6a-f041-4c82-b9ba-689632d0f7b8","asset_attributes":["notebook"],"name":"2-model-scoring-and-app-deployment ","asset_type":"notebook","created_at":"2023-06-28T14:07:54Z","description":"","origin_country":"us","owner_id":"1000331009","project_id":"d6dc6fb0-59c6-4d76-b259-23701bda25da","size":27512,"tags":["notebook"],"usage":{"last_update_time":1687961275387,"last_updated_at":"2023-06-28T14:07:55Z"}},"entity":{"notebook":{"kernel":{"name":"python3","display_name":"Python 3.10","language":"python"},"originates_from":{"type":"file"},"runtime":{"environment":"rt231py-d6dc6fb0-59c6-4d76-b259-23701bda25da"}}},"attachments":[{"id":"3b39eece-74b3-4505-a8df-f34d5c49f445","version":2,"asset_type":"notebook","name":"attachment for notebook e740fb6a-f041-4c82-b9ba-689632d0f7b8","description":"attachment for notebook e740fb6a-f041-4c82-b9ba-689632d0f7b8","mime":"application/json","datasource_type":"81bafdbd-b7c6-45c5-a4fd-6ec135f66f4e","object_key":"notebook/2-model_scoring_and_app_deployment_bUMPGDuH_.ipynb","creator_id":"1000331009","create_time":1687961274663,"size":27512,"is_remote":false,"is_managed":false,"is_referenced":true,"is_object_key_read_only":false,"is_user_provided_path_key":true,"transfer_complete":true,"is_partitioned":false,"complete_time_ticks":1687961274663,"user_data":{},"test_doc":0,"handle":{"type":"assetfiles","key":"notebook/2-model_scoring_and_app_deployment_bUMPGDuH_.ipynb","upload_id":"done","max_part_num":1},"usage":{"access_count":0,"last_accessor_id":"1000331009","last_access_time":1687961274663}}]}