CUSTOMER_ID,LIME_Features
1,"[('CURRENT_OFFER_Free Energy Audits <= 0.00', -0.17612277487687497), ('CURRENT_OFFER_Other <= 0.00', -0.06608895861238713), ('CURRENT_ISSUE_GPRS Issue <= 0.00', -0.06398417817857728), ('HAS_WIND <= 0.00', 0.056568797227181826), ('CURRENT_OFFER_Integrated Solar <= 0.00', -0.05106742260471736), ('CURRENT_ISSUE_Power Outage <= 0.00', -0.04935342660289874), ('HAS_PV > 0.00', -0.04724471257762418), ('EMPLOYMENT_Employed part-time, Student <= 0.00', -0.041502387847790416), ('0.00 < HAS_EV <= 1.00', -0.040877285997025434), ('CURRENT_ISSUE_Network Issue <= 0.00', 0.014605277215085068)]"
2,"[('CURRENT_OFFER_Free Energy Audits > 0.00', 0.14255974267241017), ('EMPLOYMENT_Employed part-time, Student <= 0.00', -0.06972103890488544), ('CURRENT_OFFER_Integrated Solar <= 0.00', -0.0642496172441387), ('HAS_WIND <= 0.00', 0.057633224958398496), ('CURRENT_ISSUE_Network Issue <= 0.00', -0.052011261994019634), ('HAS_PV <= 0.00', 0.050496945950257006), ('CURRENT_ISSUE_Power Outage <= 0.00', -0.04250727154606199), ('HAS_EV <= 0.00', 0.039047509850019264), ('0.00 < COMPLAINTS <= 1.00', 0.02947552033425175), ('CURRENT_OFFER_Small Scale Wind <= 0.00', -0.02486802452428689)]"
3,"[('CURRENT_OFFER_Free Energy Audits <= 0.00', -0.15655918502162547), ('HAS_WIND <= 0.00', 0.0579791265520771), ('EMPLOYMENT_Employed part-time, Student <= 0.00', -0.05597474947186062), ('CURRENT_OFFER_Integrated Solar <= 0.00', -0.04899150827881417), ('HAS_PV <= 0.00', 0.048262407184217086), ('CURRENT_ISSUE_Equipment failure <= 0.00', 0.047486693579784425), ('0.00 < HAS_EV <= 1.00', -0.04244830923230517), ('EMPLOYMENT_Not currently employed <= 0.00', 0.03185508770790302), ('COMPLAINTS <= 0.00', -0.026678267578610863), ('CURRENT_ISSUE_Power Outage <= 0.00', -0.02534706169383967)]"
4,"[('CURRENT_OFFER_Free Energy Audits <= 0.00', -0.16022047358803107), ('CURRENT_OFFER_Integrated Solar <= 0.00', -0.08847095896936967), ('EMPLOYMENT_Employed part-time, Student <= 0.00', -0.07599788432067484), ('HAS_PV <= 0.00', 0.05427443062363913), ('HAS_WIND <= 0.00', 0.05401363115984588), ('CURRENT_OFFER_Small Scale Wind <= 0.00', 0.05312935222984222), ('0.00 < HAS_EV <= 1.00', -0.043355449481955174), ('EMPLOYMENT_Employed part-time, Stay at home parent <= 0.00', -0.034514449196672695), ('CURRENT_ISSUE_Low Voltage <= 0.00', 0.03158474311998274), ('CURRENT_ISSUE_Power Outage <= 0.00', -0.024454324189795283)]"
5,"[('CURRENT_OFFER_Free Energy Audits <= 0.00', -0.1459970186705657), ('CURRENT_ISSUE_Low Voltage <= 0.00', -0.07320654119089874), ('CURRENT_OFFER_Integrated Solar <= 0.00', -0.06259505550246071), ('HAS_WIND <= 0.00', 0.05985658126409915), ('HAS_PV <= 0.00', 0.05164840114130323), ('EMPLOYMENT_Employed part-time, Student <= 0.00', -0.04188618113423476), ('HAS_EV <= 0.00', 0.03886989009204129), ('0.00 < COMPLAINTS <= 1.00', 0.0232906602484144), ('EMPLOYMENT_Employed part-time, Stay at home parent <= 0.00', -0.022909337557500246), ('CURRENT_ISSUE_Equipment failure <= 0.00', -0.0012318871411533855)]"
6,"[('CURRENT_OFFER_Free Energy Audits <= 0.00', -0.15842766659152815), ('CURRENT_OFFER_Integrated Solar <= 0.00', -0.12505163373333028), ('EMPLOYMENT_Employed part-time, Student <= 0.00', -0.06277637850174798), ('HAS_WIND <= 0.00', 0.05707207097156639), ('HAS_PV <= 0.00', 0.05404602552949594), ('CURRENT_OFFER_New Construction Incentives <= 0.00', -0.05095607279318539), ('HAS_EV <= 0.00', 0.03904560007793765), ('CURRENT_ISSUE_Network Issue <= 0.00', -0.037841988892384784), ('CURRENT_ISSUE_Equipment failure <= 0.00', 0.029708555891609555), ('CURRENT_ISSUE_Low Voltage <= 0.00', -0.022078469711564522)]"
7,"[('CURRENT_OFFER_Free Energy Audits <= 0.00', -0.1406102377075515), ('CURRENT_ISSUE_GPRS Issue <= 0.00', -0.055434709929001416), ('EMPLOYMENT_Employed part-time, Student <= 0.00', -0.055077218291862316), ('HAS_PV <= 0.00', 0.05273141662527945), ('HAS_WIND <= 0.00', 0.05174338030353577), ('CURRENT_ISSUE_Network Issue <= 0.00', -0.0435112729830329), ('HAS_EV <= 0.00', 0.04278253215161913), ('CURRENT_OFFER_Integrated Solar <= 0.00', -0.035139274789803124), ('CURRENT_ISSUE_Power Outage <= 0.00', 0.02220375567578451), ('CURRENT_ISSUE_Low Voltage <= 0.00', -0.012928046429935572)]"
8,"[('CURRENT_OFFER_Free Energy Audits <= 0.00', -0.17462184199776823), ('HAS_PV <= 0.00', 0.05560383129901313), ('EMPLOYMENT_Employed part-time, Student <= 0.00', -0.052883469546796805), ('HAS_WIND <= 0.00', 0.05068578299682837), ('CURRENT_ISSUE_Equipment failure <= 0.00', 0.0495577896053733), ('CURRENT_OFFER_Other <= 0.00', -0.04268397002567279), ('0.00 < HAS_EV <= 1.00', -0.0422274193033968), ('CURRENT_OFFER_Customer Rebates <= 0.00', -0.03925807045751043), ('CURRENT_ISSUE_Power Outage <= 0.00', -0.032137277179953565), ('CURRENT_OFFER_Integrated Solar <= 0.00', -0.023138345956259364)]"
9,"[('CURRENT_OFFER_Free Energy Audits <= 0.00', -0.17941646105431266), ('CURRENT_ISSUE_Power Outage <= 0.00', -0.06218525121046873), ('HAS_WIND <= 0.00', 0.058073141550274446), ('CURRENT_ISSUE_GPRS Issue <= 0.00', 0.0569474326533251), ('CURRENT_OFFER_Integrated Solar <= 0.00', -0.05087839006770005), ('EMPLOYMENT_Employed part-time, Student <= 0.00', -0.05004293296469609), ('HAS_PV <= 0.00', 0.04769380543761091), ('HAS_EV <= 0.00', 0.04110288679183598), ('CURRENT_ISSUE_Network Issue <= 0.00', -0.03266792135104646), ('CURRENT_OFFER_Small Scale Wind <= 0.00', 0.019944019285721967)]"
10,"[('CURRENT_OFFER_Free Energy Audits <= 0.00', -0.188755050976209), ('CURRENT_OFFER_Other <= 0.00', -0.10611717123241725), ('CURRENT_OFFER_Integrated Solar <= 0.00', -0.08034180896785358), ('EMPLOYMENT_Employed part-time, Student <= 0.00', -0.057018998014083125), ('HAS_WIND <= 0.00', 0.056927756256238415), ('HAS_PV <= 0.00', 0.053286615683241674), ('CURRENT_ISSUE_Power Outage <= 0.00', -0.04366809561921681), ('HAS_EV <= 0.00', 0.042269120382399196), ('CURRENT_ISSUE_GPRS Issue <= 0.00', -0.04094920509401262), ('CURRENT_ISSUE_Equipment failure <= 0.00', -0.030489629621924703)]"
11,"[('CURRENT_OFFER_Free Energy Audits <= 0.00', -0.13594330588918455), ('EMPLOYMENT_Employed part-time, Student <= 0.00', -0.0586101275214555), ('CURRENT_OFFER_Integrated Solar <= 0.00', -0.05375614590725736), ('HAS_PV > 0.00', -0.05310186204436924), ('HAS_WIND > 0.00', -0.05171540638801224), ('HAS_EV <= 0.00', 0.04020970476263165), ('CURRENT_OFFER_Other <= 0.00', -0.036781348412447006), ('CURRENT_ISSUE_Power Outage <= 0.00', -0.03391918592739374), ('TENURE <= 17.00', 0.03096209037381506), ('CURRENT_ISSUE_Equipment failure <= 0.00', 0.023093500071822964)]"
12,"[('CURRENT_OFFER_Free Energy Audits <= 0.00', -0.1388529678873999), ('HAS_PV <= 0.00', 0.05255605268460359), ('HAS_WIND <= 0.00', 0.05031278265298093), ('CURRENT_ISSUE_GPRS Issue <= 0.00', -0.04452787328731458), ('EMPLOYMENT_Employed part-time, Student <= 0.00', -0.041762486916046386), ('CURRENT_OFFER_Integrated Solar <= 0.00', -0.038448693329067425), ('HAS_EV <= 0.00', 0.03755817969622161), ('TENURE <= 17.00', 0.028139063482099748), ('EMPLOYMENT_Unknown <= 0.00', -0.026570730498638066), ('COMPLAINTS <= 0.00', -0.025835240939114233)]"
13,"[('CURRENT_OFFER_Free Energy Audits <= 0.00', -0.14943928780595028), ('CURRENT_OFFER_Integrated Solar <= 0.00', -0.09255639118437976), ('CURRENT_OFFER_Other <= 0.00', -0.08299500568505175), ('HAS_WIND <= 0.00', 0.05409928053923715), ('EMPLOYMENT_Employed part-time, Student <= 0.00', -0.05297441348113995), ('HAS_PV <= 0.00', 0.052587364322513555), ('EMPLOYMENT_Employed part-time, Stay at home parent <= 0.00', -0.04576058027164826), ('HAS_EV <= 0.00', 0.045019743311619426), ('CURRENT_ISSUE_GPRS Issue <= 0.00', -0.0394506421974034), ('0.00 < COMPLAINTS <= 1.00', 0.028442878515520655)]"
14,"[('CURRENT_OFFER_Free Energy Audits <= 0.00', -0.15022948531233482), ('EMPLOYMENT_Employed part-time, Student <= 0.00', -0.08780645439850544), ('CURRENT_OFFER_Integrated Solar <= 0.00', -0.06783607934562219), ('CURRENT_ISSUE_Network Issue <= 0.00', -0.06739192428230353), ('HAS_WIND <= 0.00', 0.054745632669953144), ('HAS_PV <= 0.00', 0.04976189490235102), ('CURRENT_OFFER_Small Scale Wind <= 0.00', -0.043870815861169116), ('HAS_EV <= 0.00', 0.041723957847767765), ('CURRENT_ISSUE_GPRS Issue <= 0.00', -0.034797524832760336), ('EMPLOYMENT_Employed part-time, Stay at home parent <= 0.00', 0.03168428754053377)]"
15,"[('CURRENT_OFFER_Free Energy Audits <= 0.00', -0.16171998132308213), ('CURRENT_OFFER_Other <= 0.00', -0.10375971071642212), ('EMPLOYMENT_Employed part-time, Student <= 0.00', -0.07332300770644493), ('CURRENT_ISSUE_Power Outage <= 0.00', -0.05810420966704182), ('HAS_PV > 0.00', -0.05468652324974491), ('HAS_WIND > 0.00', -0.0532323920797185), ('CURRENT_OFFER_Integrated Solar <= 0.00', -0.045118917098878455), ('HAS_EV <= 0.00', 0.04035596213280819), ('TENURE <= 17.00', 0.03162021991050068), ('0.00 < COMPLAINTS <= 1.00', 0.026777774292902855)]"
16,"[('CURRENT_OFFER_Free Energy Audits <= 0.00', -0.13292272764046523), ('CURRENT_ISSUE_Power Outage <= 0.00', -0.06833346834920995), ('HAS_PV <= 0.00', 0.05323956477824535), ('EMPLOYMENT_Employed part-time, Student <= 0.00', -0.05286034333881384), ('HAS_WIND <= 0.00', 0.05027111367093212), ('HAS_EV <= 0.00', 0.04634785181217929), ('CURRENT_OFFER_Integrated Solar <= 0.00', -0.046125143874427954), ('CURRENT_ISSUE_Low Voltage <= 0.00', -0.04206580722721462), ('CURRENT_OFFER_Other <= 0.00', -0.038632774413421424), ('0.00 < COMPLAINTS <= 1.00', 0.02968406322636545)]"
17,"[('CURRENT_OFFER_Free Energy Audits <= 0.00', -0.16736539349988094), ('CURRENT_OFFER_Integrated Solar <= 0.00', -0.10649377700978874), ('EMPLOYMENT_Employed part-time, Student <= 0.00', -0.058363433197096554), ('HAS_PV <= 0.00', 0.054160727343747335), ('HAS_WIND <= 0.00', 0.05360416959687449), ('HAS_EV <= 0.00', 0.043618890581964956), ('CURRENT_ISSUE_Low Voltage <= 0.00', -0.03423550952317089), ('CURRENT_ISSUE_GPRS Issue <= 0.00', 0.028743784989310718), ('CURRENT_ISSUE_Power Outage <= 0.00', 0.028412395220952163), ('CURRENT_ISSUE_Network Issue <= 0.00', -0.024452942711399545)]"
18,"[('CURRENT_OFFER_Free Energy Audits <= 0.00', -0.12182959696687912), ('CURRENT_OFFER_Integrated Solar <= 0.00', -0.11917528793476989), ('EMPLOYMENT_Employed part-time, Student <= 0.00', -0.07410648986471922), ('HAS_PV <= 0.00', 0.05737754148352699), ('CURRENT_OFFER_Other <= 0.00', -0.05591865588669936), ('HAS_WIND <= 0.00', 0.050418238622304316), ('HAS_EV <= 0.00', 0.044544135701501064), ('CURRENT_ISSUE_Low Voltage <= 0.00', 0.027569508696963563), ('EMPLOYMENT_Unknown <= 0.00', -0.025668041391017846), ('CURRENT_ISSUE_Network Issue <= 0.00', -0.0067069281411037615)]"
19,"[('CURRENT_OFFER_Free Energy Audits <= 0.00', -0.12955268870221143), ('CURRENT_OFFER_Other <= 0.00', -0.08318817248940828), ('CURRENT_ISSUE_Power Outage <= 0.00', 0.05327800952539344), ('EMPLOYMENT_Employed part-time, Student <= 0.00', -0.05283007645134075), ('HAS_PV <= 0.00', 0.05237542888475545), ('HAS_WIND <= 0.00', 0.05222334504083822), ('EMPLOYMENT_Employed part-time, Stay at home parent <= 0.00', -0.045370519029042544), ('CURRENT_OFFER_New Construction Incentives <= 0.00', -0.04485000282477919), ('CURRENT_OFFER_Integrated Solar <= 0.00', -0.04373133150789602), ('HAS_EV <= 0.00', 0.04247393164754702)]"
20,"[('CURRENT_OFFER_Free Energy Audits <= 0.00', -0.15596740334400863), ('CURRENT_OFFER_Integrated Solar <= 0.00', -0.06268449634694787), ('HAS_PV > 0.00', -0.06141304872334096), ('HAS_WIND <= 0.00', 0.057101955381822736), ('EMPLOYMENT_Employed part-time, Student <= 0.00', -0.05558529472128696), ('EMPLOYMENT_Employed part-time, Stay at home parent <= 0.00', -0.04640366164430856), ('HAS_EV <= 0.00', 0.038600300766208455), ('CURRENT_ISSUE_Equipment failure <= 0.00', 0.037668702426738525), ('EMPLOYMENT_Not currently employed > 0.00', -0.037134008188516976), ('CURRENT_ISSUE_Network Issue <= 0.00', -0.01636336934809051)]"
21,"[('CURRENT_OFFER_Free Energy Audits <= 0.00', -0.12796897659607362), ('CURRENT_ISSUE_Power Outage > 0.00', 0.07381555854139069), ('CURRENT_OFFER_Other <= 0.00', 0.056321168508939944), ('HAS_PV <= 0.00', 0.055828345876078246), ('HAS_WIND <= 0.00', 0.05468562469541515), ('CURRENT_OFFER_Integrated Solar <= 0.00', -0.04878231641882607), ('CURRENT_OFFER_Demand Response Program <= 0.00', -0.04658734671451144), ('HAS_EV <= 0.00', 0.035929691668503086), ('CURRENT_ISSUE_Equipment failure <= 0.00', 0.022336878712080867), ('CURRENT_ISSUE_GPRS Issue <= 0.00', -0.012358596455037032)]"
22,"[('CURRENT_OFFER_Free Energy Audits <= 0.00', -0.16049747114363155), ('CURRENT_OFFER_Integrated Solar <= 0.00', -0.07518387556688041), ('EMPLOYMENT_Employed part-time, Student <= 0.00', -0.07289314141442553), ('CURRENT_OFFER_Other <= 0.00', -0.0649493749938963), ('HAS_WIND <= 0.00', 0.055891603474502824), ('HAS_PV <= 0.00', 0.04808607039272031), ('0.00 < HAS_EV <= 1.00', -0.044149609147713806), ('CURRENT_ISSUE_GPRS Issue <= 0.00', -0.03523745139044214), ('CURRENT_ISSUE_Power Outage <= 0.00', -0.034985115134034885), ('CURRENT_ISSUE_Network Issue <= 0.00', -0.03402938196929819)]"
23,"[('CURRENT_OFFER_Free Energy Audits <= 0.00', -0.17901857187467288), ('HAS_WIND <= 0.00', 0.05477365278598577), ('HAS_PV <= 0.00', 0.05172062390954213), ('CURRENT_ISSUE_Equipment failure <= 0.00', -0.041849328398541885), ('CURRENT_ISSUE_Low Voltage > 0.00', -0.03992018346403435), ('CURRENT_ISSUE_GPRS Issue <= 0.00', -0.03989630483917044), ('HAS_EV <= 0.00', 0.03919252133040873), ('EMPLOYMENT_Employed part-time, Student <= 0.00', -0.03422228344342295), ('CURRENT_OFFER_Integrated Solar <= 0.00', -0.02991684643867445), ('CURRENT_OFFER_Other <= 0.00', -0.023473577996282042)]"
24,"[('CURRENT_OFFER_Free Energy Audits <= 0.00', -0.16163495455914365), ('EMPLOYMENT_Employed part-time, Student <= 0.00', -0.07283620125693158), ('CURRENT_OFFER_Integrated Solar <= 0.00', -0.07204144136958332), ('CURRENT_ISSUE_Power Outage <= 0.00', -0.0719876069167873), ('HAS_PV > 0.00', -0.055596165131449146), ('HAS_WIND > 0.00', -0.054931535693027375), ('CURRENT_ISSUE_Network Issue <= 0.00', -0.0454678232705906), ('CURRENT_OFFER_Other <= 0.00', 0.03992604544611268), ('HAS_EV <= 0.00', 0.037769969798063144), ('CURRENT_ISSUE_Low Voltage <= 0.00', 0.013715988192169267)]"
25,"[('CURRENT_OFFER_Free Energy Audits <= 0.00', -0.14654208754342896), ('EMPLOYMENT_Employed part-time, Student <= 0.00', -0.06345576217496285), ('HAS_PV <= 0.00', 0.05945246912085286), ('HAS_WIND <= 0.00', 0.05554085961657775), ('HAS_EV <= 0.00', 0.04319049113448144), ('CURRENT_OFFER_Integrated Solar <= 0.00', -0.033074365414350465), ('TENURE <= 17.00', 0.03243557404679243), ('CURRENT_OFFER_Other <= 0.00', 0.024799297601679305), ('CURRENT_OFFER_Demand Response Program <= 0.00', -0.013119901402416655), ('CURRENT_OFFER_Customer Rebates <= 0.00', -0.012707009854355574)]"
26,"[('CURRENT_OFFER_Free Energy Audits <= 0.00', -0.148429673439784), ('CURRENT_ISSUE_GPRS Issue > 0.00', 0.11472914569886809), ('EMPLOYMENT_Employed part-time, Student <= 0.00', -0.07985491276429299), ('HAS_PV <= 0.00', 0.056315841307002595), ('HAS_WIND <= 0.00', 0.05449664573248036), ('0.00 < HAS_EV <= 1.00', -0.03802644598175294), ('CURRENT_ISSUE_Low Voltage <= 0.00', -0.03299723452758853), ('TENURE <= 17.00', 0.02986596342855646), ('0.00 < COMPLAINTS <= 1.00', 0.028013965364760342), ('CURRENT_OFFER_Integrated Solar <= 0.00', -0.02128260670967214)]"
27,"[('CURRENT_OFFER_Free Energy Audits <= 0.00', -0.1395816651466724), ('HAS_WIND <= 0.00', 0.05325707970786392), ('HAS_PV <= 0.00', 0.051416155859323596), ('0.00 < HAS_EV <= 1.00', -0.04455333955604779), ('CURRENT_OFFER_Integrated Solar <= 0.00', -0.04089580134245743), ('EMPLOYMENT_Employed part-time, Student <= 0.00', -0.039043531257621875), ('COMPLAINTS <= 0.00', -0.027739454315569262), ('CURRENT_ISSUE_Power Outage <= 0.00', -0.023600779602092854), ('CURRENT_OFFER_Customer Rebates <= 0.00', 0.016775341836822447), ('CURRENT_OFFER_Small Scale Wind <= 0.00', 0.013913804452471614)]"
28,"[('CURRENT_OFFER_Free Energy Audits <= 0.00', -0.12827941800798098), ('EMPLOYMENT_Employed part-time, Student <= 0.00', -0.06535516955460512), ('CURRENT_OFFER_Integrated Solar <= 0.00', -0.06140361405138437), ('HAS_WIND <= 0.00', 0.054942344571920106), ('HAS_PV <= 0.00', 0.051286709043012725), ('HAS_EV <= 0.00', 0.038472604814040315), ('COMPLAINTS <= 0.00', -0.031228887546483692), ('CURRENT_OFFER_Other <= 0.00', -0.0264226779844856), ('CURRENT_ISSUE_Power Outage <= 0.00', -0.02136814807508541), ('CURRENT_OFFER_Small Scale Wind <= 0.00', 0.015120449460685786)]"
29,"[('CURRENT_OFFER_Free Energy Audits <= 0.00', -0.12317325484792688), ('EMPLOYMENT_Employed part-time, Student <= 0.00', -0.08221889757830667), ('HAS_PV <= 0.00', 0.05809578608953587), ('HAS_WIND <= 0.00', 0.05646975619456246), ('CURRENT_OFFER_Integrated Solar <= 0.00', -0.04887062368464661), ('0.00 < HAS_EV <= 1.00', -0.039887461197786814), ('CURRENT_ISSUE_Low Voltage <= 0.00', -0.03968614102866462), ('CURRENT_ISSUE_Power Outage <= 0.00', 0.036291710036683196), ('CURRENT_OFFER_Small Scale Wind <= 0.00', -0.036147153561109244), ('TENURE <= 17.00', 0.02852347940904802)]"
30,"[('CURRENT_OFFER_Free Energy Audits <= 0.00', -0.1640731427581915), ('EMPLOYMENT_Employed part-time, Student <= 0.00', -0.08488358660768507), ('HAS_PV <= 0.00', 0.06003936088624004), ('HAS_WIND <= 0.00', 0.056342131369878465), ('CURRENT_OFFER_Other <= 0.00', -0.04963070042808762), ('HAS_EV <= 0.00', 0.040996291052149), ('CURRENT_OFFER_Integrated Solar <= 0.00', -0.03792245198205416), ('COMPLAINTS <= 0.00', -0.028975610708203897), ('TENURE <= 17.00', 0.028656913458453885), ('CURRENT_ISSUE_GPRS Issue <= 0.00', -0.011313833201729384)]"
31,"[('CURRENT_OFFER_Free Energy Audits <= 0.00', -0.15299798532911238), ('CURRENT_ISSUE_Power Outage <= 0.00', -0.08730196557201782), ('CURRENT_OFFER_Integrated Solar <= 0.00', -0.0855192897596545), ('HAS_PV > 0.00', -0.061567495437934085), ('CURRENT_OFFER_Other <= 0.00', -0.05342233077274438), ('HAS_WIND <= 0.00', 0.05121082268376585), ('CURRENT_OFFER_Demand Response Program <= 0.00', -0.04509571137046863), ('EMPLOYMENT_Employed part-time, Student <= 0.00', -0.03768003210317063), ('0.00 < HAS_EV <= 1.00', -0.03451958368683681), ('CURRENT_ISSUE_GPRS Issue <= 0.00', -0.020355259993079685)]"
32,"[('CURRENT_OFFER_Free Energy Audits <= 0.00', -0.13991124077063719), ('EMPLOYMENT_Employed part-time, Student <= 0.00', -0.06631727665734778), ('CURRENT_OFFER_Integrated Solar <= 0.00', -0.06123396259741741), ('CURRENT_ISSUE_Network Issue <= 0.00', -0.060505304451405416), ('CURRENT_OFFER_Other <= 0.00', -0.060221006332478254), ('HAS_WIND <= 0.00', 0.05309316021334313), ('HAS_PV <= 0.00', 0.05166593358105864), ('0.00 < HAS_EV <= 1.00', -0.041182376413258434), ('CURRENT_OFFER_Small Scale Wind <= 0.00', 0.036824240015490776), ('COMPLAINTS <= 0.00', -0.032998936082527776)]"
33,"[('CURRENT_OFFER_Free Energy Audits <= 0.00', -0.14496464282579952), ('CURRENT_OFFER_Integrated Solar <= 0.00', -0.0595694284441404), ('CURRENT_ISSUE_GPRS Issue <= 0.00', -0.05741666763942778), ('HAS_WIND <= 0.00', 0.05122679939270782), ('HAS_PV <= 0.00', 0.04515890634605294), ('HAS_EV <= 0.00', 0.04027140866932066), ('CURRENT_OFFER_Small Scale Wind <= 0.00', 0.03651800706000223), ('EMPLOYMENT_Employed part-time, Student <= 0.00', -0.029352684971686048), ('CURRENT_OFFER_Other <= 0.00', 0.027752748034804084), ('CURRENT_ISSUE_Equipment failure <= 0.00', 0.014799019776958649)]"
34,"[('CURRENT_OFFER_Free Energy Audits <= 0.00', -0.18504914827635033), ('CURRENT_OFFER_Integrated Solar > 0.00', 0.17768640494322027), ('EMPLOYMENT_Employed part-time, Student <= 0.00', -0.0652760357489072), ('EMPLOYMENT_Employed part-time, Stay at home parent <= 0.00', -0.05985959317661654), ('HAS_PV <= 0.00', 0.05591651951334842), ('HAS_WIND <= 0.00', 0.05447705467565173), ('HAS_EV <= 0.00', 0.040130184110836103), ('CURRENT_ISSUE_Power Outage <= 0.00', -0.03782358615555999), ('TENURE <= 17.00', 0.0317272059846634), ('CURRENT_OFFER_Other <= 0.00', 0.00920998967462184)]"
35,"[('CURRENT_OFFER_Free Energy Audits <= 0.00', -0.15587172354822193), ('EMPLOYMENT_Employed part-time, Student <= 0.00', -0.07889436791798153), ('CURRENT_ISSUE_Power Outage <= 0.00', -0.07184136758185256), ('CURRENT_OFFER_Customer Rebates <= 0.00', 0.05845169472471714), ('HAS_PV <= 0.00', 0.05175645282085268), ('HAS_WIND <= 0.00', 0.05151526674375538), ('CURRENT_OFFER_Other <= 0.00', -0.04899371970426098), ('CURRENT_OFFER_Demand Response Program <= 0.00', -0.04260691542419334), ('CURRENT_OFFER_Integrated Solar <= 0.00', -0.039295857081072375), ('CURRENT_ISSUE_Equipment failure <= 0.00', 0.03129098385381562)]"
36,"[('CURRENT_OFFER_Free Energy Audits <= 0.00', -0.16509410839535849), ('CURRENT_ISSUE_Equipment failure <= 0.00', 0.08227488121713959), ('HAS_WIND <= 0.00', 0.05632281401527332), ('CURRENT_OFFER_Customer Rebates <= 0.00', -0.04916312597499592), ('CURRENT_OFFER_Other <= 0.00', -0.048407550695760214), ('HAS_PV <= 0.00', 0.04357030652486288), ('CURRENT_OFFER_Integrated Solar <= 0.00', -0.041664606448967585), ('HAS_EV <= 0.00', 0.04061677116586194), ('EMPLOYMENT_Employed part-time, Student <= 0.00', -0.03427548989899473), ('CURRENT_ISSUE_Low Voltage <= 0.00', -0.021485854184410732)]"
37,"[('CURRENT_OFFER_Free Energy Audits <= 0.00', -0.1514424949830364), ('CURRENT_OFFER_Integrated Solar <= 0.00', -0.09308692701267414), ('HAS_WIND <= 0.00', 0.055540112664338025), ('HAS_PV <= 0.00', 0.05147135974005576), ('CURRENT_ISSUE_Power Outage <= 0.00', -0.044242489303207844), ('HAS_EV <= 0.00', 0.04319190282243918), ('CURRENT_ISSUE_GPRS Issue <= 0.00', -0.03840758469218486), ('CURRENT_ISSUE_Network Issue <= 0.00', -0.03120645003963139), ('EMPLOYMENT_Employed part-time, Student <= 0.00', -0.03057977515721163), ('EMPLOYMENT_Not currently employed <= 0.00', 0.02548164481092489)]"
38,"[('CURRENT_OFFER_Free Energy Audits <= 0.00', -0.17967568004933382), ('CURRENT_OFFER_Integrated Solar <= 0.00', -0.13145669653538897), ('EMPLOYMENT_Employed part-time, Student <= 0.00', -0.07076835527068), ('CURRENT_ISSUE_Network Issue <= 0.00', -0.0561435925801643), ('HAS_WIND <= 0.00', 0.05506729644063052), ('HAS_PV <= 0.00', 0.0517054659777734), ('HAS_EV <= 0.00', 0.03844840113695797), ('CURRENT_ISSUE_Low Voltage <= 0.00', 0.03839542727195062), ('CURRENT_OFFER_Demand Response Program <= 0.00', -0.03828329422862227), ('CURRENT_ISSUE_GPRS Issue <= 0.00', -0.036355876001233786)]"
39,"[('CURRENT_OFFER_Free Energy Audits <= 0.00', -0.13391365971340458), ('CURRENT_OFFER_Integrated Solar <= 0.00', -0.10230000596443917), ('CURRENT_ISSUE_Power Outage <= 0.00', 0.07111701441823168), ('HAS_PV <= 0.00', 0.0589198633473361), ('CURRENT_OFFER_Small Scale Wind <= 0.00', -0.05669187773288738), ('HAS_WIND <= 0.00', 0.05348847506540875), ('CURRENT_ISSUE_Low Voltage <= 0.00', 0.04701666988264705), ('CURRENT_ISSUE_Network Issue <= 0.00', -0.04561179187204674), ('EMPLOYMENT_Employed part-time, Student <= 0.00', -0.04298271598773406), ('HAS_EV <= 0.00', 0.04096484615846117)]"
40,"[('CURRENT_OFFER_Free Energy Audits <= 0.00', -0.13957746112997735), ('HAS_WIND <= 0.00', 0.06027890736464362), ('HAS_PV <= 0.00', 0.057115926037723724), ('CURRENT_ISSUE_Equipment failure <= 0.00', -0.04649925135928151), ('HAS_EV <= 0.00', 0.041176771503088946), ('CURRENT_OFFER_Integrated Solar <= 0.00', -0.03260642511083182), ('COMPLAINTS <= 0.00', -0.029582330609656298), ('CURRENT_ISSUE_Low Voltage <= 0.00', -0.026620813555507446), ('CURRENT_ISSUE_GPRS Issue <= 0.00', 0.025145237511818887), ('EMPLOYMENT_Employed part-time, Student <= 0.00', -0.023322182433410804)]"
41,"[('CURRENT_OFFER_Free Energy Audits <= 0.00', -0.16745017790958824), ('EMPLOYMENT_Employed part-time, Student <= 0.00', -0.08648622106799064), ('HAS_WIND <= 0.00', 0.05983606059666859), ('HAS_PV <= 0.00', 0.05358143589852149), ('CURRENT_OFFER_Integrated Solar <= 0.00', -0.04909418845276595), ('0.00 < HAS_EV <= 1.00', -0.046856222505999), ('CURRENT_ISSUE_GPRS Issue <= 0.00', -0.03392400237516304), ('CURRENT_ISSUE_Equipment failure <= 0.00', -0.02877905381946066), ('CURRENT_ISSUE_Power Outage <= 0.00', 0.028096202234818957), ('CURRENT_ISSUE_Network Issue <= 0.00', -0.016688040002780503)]"
42,"[('CURRENT_OFFER_Free Energy Audits <= 0.00', -0.18813528203016092), ('EMPLOYMENT_Employed part-time, Student <= 0.00', -0.08922383823377023), ('CURRENT_ISSUE_Power Outage <= 0.00', -0.057903884598932955), ('HAS_WIND <= 0.00', 0.05728904678701092), ('HAS_PV <= 0.00', 0.05137696503593976), ('0.00 < HAS_EV <= 1.00', -0.044373781488441025), ('CURRENT_ISSUE_GPRS Issue <= 0.00', -0.03947790138040489), ('TENURE <= 17.00', 0.029692515130377795), ('CURRENT_OFFER_Integrated Solar <= 0.00', -0.023685810405604385), ('CURRENT_ISSUE_Equipment failure <= 0.00', -0.01955180371912711)]"
43,"[('CURRENT_OFFER_Free Energy Audits <= 0.00', -0.12568392046299443), ('EMPLOYMENT_Employed part-time, Student <= 0.00', -0.10236603130965703), ('CURRENT_OFFER_Integrated Solar <= 0.00', -0.06654019255694352), ('CURRENT_ISSUE_Network Issue <= 0.00', -0.05921646876782855), ('HAS_PV <= 0.00', 0.05916852135773764), ('HAS_WIND <= 0.00', 0.05040431638536581), ('HAS_EV <= 0.00', 0.04424543435196772), ('CURRENT_ISSUE_Low Voltage <= 0.00', 0.031999175107425996), ('COMPLAINTS <= 0.00', -0.03057422136082386), ('CURRENT_OFFER_Other <= 0.00', -0.02239099051223473)]"
44,"[('CURRENT_OFFER_Free Energy Audits <= 0.00', -0.1632576704637581), ('EMPLOYMENT_Employed part-time, Student <= 0.00', -0.07327310207619468), ('CURRENT_OFFER_Small Scale Wind <= 0.00', 0.05462183374969408), ('CURRENT_ISSUE_Network Issue <= 0.00', -0.0539565560018971), ('HAS_WIND <= 0.00', 0.053437397721016466), ('HAS_PV > 0.00', -0.05229883659210161), ('HAS_EV <= 0.00', 0.041100214063020044), ('EMPLOYMENT_Employed part-time, Stay at home parent <= 0.00', -0.03702644671352965), ('CURRENT_OFFER_Demand Response Program <= 0.00', -0.029614894023492357), ('CURRENT_OFFER_Integrated Solar <= 0.00', -0.028849624555817653)]"
45,"[('CURRENT_OFFER_Free Energy Audits <= 0.00', -0.14883891787405537), ('CURRENT_OFFER_Integrated Solar <= 0.00', -0.10448387565157213), ('HAS_WIND > 0.00', -0.054669882688373306), ('HAS_PV <= 0.00', 0.05412696807297584), ('CURRENT_OFFER_Other <= 0.00', -0.05065592413951995), ('EMPLOYMENT_Employed part-time, Student <= 0.00', -0.04698032487396968), ('HAS_EV <= 0.00', 0.04064227938160532), ('EMPLOYMENT_Unknown <= 0.00', -0.03161027573371738), ('0.00 < COMPLAINTS <= 1.00', 0.029094348735619426), ('CURRENT_ISSUE_Low Voltage <= 0.00', -0.01962875944221516)]"
46,"[('CURRENT_OFFER_Free Energy Audits <= 0.00', -0.1892283876575118), ('HAS_WIND <= 0.00', 0.0575086024209053), ('EMPLOYMENT_Employed part-time, Student <= 0.00', -0.051667043008501515), ('HAS_PV > 0.00', -0.050642180182319974), ('HAS_EV <= 0.00', 0.03830020294119295), ('CURRENT_OFFER_Small Scale Wind <= 0.00', -0.026102076028944293), ('CURRENT_ISSUE_Network Issue <= 0.00', -0.02566708120804872), ('CURRENT_OFFER_Integrated Solar <= 0.00', -0.02030853997166889), ('CURRENT_OFFER_Other <= 0.00', 0.019245737722992252), ('CURRENT_ISSUE_GPRS Issue <= 0.00', -0.018640761176949627)]"
47,"[('CURRENT_OFFER_Free Energy Audits <= 0.00', -0.16411312142525541), ('HAS_PV <= 0.00', 0.05437196007361515), ('CURRENT_OFFER_Integrated Solar <= 0.00', -0.053409431158111614), ('HAS_WIND <= 0.00', 0.051654625041637224), ('CURRENT_ISSUE_Network Issue <= 0.00', -0.04712968077960634), ('0.00 < HAS_EV <= 1.00', -0.04247328339222784), ('CURRENT_OFFER_Small Scale Wind <= 0.00', 0.038310134901805834), ('CURRENT_ISSUE_Low Voltage <= 0.00', 0.03667469742999145), ('CURRENT_OFFER_Other <= 0.00', -0.03602065212698097), ('EMPLOYMENT_Employed part-time, Student <= 0.00', -0.022996725471901517)]"
48,"[('CURRENT_OFFER_Free Energy Audits <= 0.00', -0.14810345247272624), ('CURRENT_OFFER_Other <= 0.00', -0.06556766362072709), ('EMPLOYMENT_Employed part-time, Student <= 0.00', -0.06391665130339413), ('HAS_PV <= 0.00', 0.055428232204938636), ('HAS_WIND <= 0.00', 0.054654917209049234), ('HAS_EV <= 0.00', 0.041976221810677505), ('CURRENT_OFFER_Small Scale Wind <= 0.00', -0.035780466579836204), ('CURRENT_ISSUE_Network Issue <= 0.00', -0.03263076976505897), ('EMPLOYMENT_Unknown <= 0.00', -0.029691667156945097), ('CURRENT_ISSUE_Low Voltage <= 0.00', -1.0121196934852323e-05)]"
49,"[('CURRENT_OFFER_Free Energy Audits <= 0.00', -0.18129189167085097), ('EMPLOYMENT_Employed part-time, Student <= 0.00', -0.10739065304905875), ('CURRENT_OFFER_Integrated Solar <= 0.00', -0.09220678187778138), ('CURRENT_ISSUE_Network Issue <= 0.00', -0.05689118457677418), ('HAS_PV <= 0.00', 0.05650332594596275), ('HAS_WIND <= 0.00', 0.05249644991223454), ('0.00 < HAS_EV <= 1.00', -0.039835799111336875), ('EMPLOYMENT_Not currently employed <= 0.00', 0.029317968600193603), ('CURRENT_ISSUE_Equipment failure <= 0.00', 0.026143411794456457), ('CURRENT_OFFER_Demand Response Program <= 0.00', -0.025312881639385536)]"
50,"[('CURRENT_OFFER_Free Energy Audits <= 0.00', -0.16137798381875265), ('CURRENT_ISSUE_GPRS Issue <= 0.00', -0.08226359071737344), ('CURRENT_OFFER_Integrated Solar <= 0.00', -0.0644366958691198), ('HAS_WIND <= 0.00', 0.05540654787600167), ('EMPLOYMENT_Employed part-time, Student <= 0.00', -0.05432017061319753), ('HAS_PV <= 0.00', 0.050337414948550346), ('HAS_EV <= 0.00', 0.04275041288580606), ('CURRENT_ISSUE_Equipment failure <= 0.00', -0.039273999266725666), ('CURRENT_OFFER_Other <= 0.00', -0.02958044986081683), ('CURRENT_ISSUE_Power Outage <= 0.00', -0.023684542952358337)]"
51,"[('CURRENT_OFFER_Free Energy Audits <= 0.00', -0.16807388891834696), ('EMPLOYMENT_Employed part-time, Student <= 0.00', -0.09892943560475259), ('CURRENT_OFFER_Integrated Solar <= 0.00', -0.06781694174515678), ('HAS_WIND <= 0.00', 0.055359760226349655), ('HAS_PV <= 0.00', 0.05268652989167884), ('CURRENT_OFFER_Other <= 0.00', -0.05035618296092384), ('CURRENT_ISSUE_GPRS Issue <= 0.00', -0.04997345580390468), ('EMPLOYMENT_Employed part-time, Stay at home parent <= 0.00', -0.04756058767585045), ('HAS_EV <= 0.00', 0.041094211873581046), ('CURRENT_ISSUE_Network Issue <= 0.00', -0.027885066084522285)]"
52,"[('CURRENT_OFFER_Free Energy Audits <= 0.00', -0.15861322443089984), ('EMPLOYMENT_Employed part-time, Student <= 0.00', -0.05999094509153429), ('HAS_WIND <= 0.00', 0.0594029830521736), ('HAS_PV <= 0.00', 0.05823669538823566), ('CURRENT_ISSUE_GPRS Issue <= 0.00', -0.055618003970785104), ('CURRENT_OFFER_Integrated Solar <= 0.00', -0.042077503160491934), ('HAS_EV <= 0.00', 0.040978529718001075), ('CURRENT_OFFER_Other <= 0.00', -0.03269671339295758), ('CURRENT_ISSUE_Network Issue <= 0.00', -0.029752196988793007), ('0.00 < COMPLAINTS <= 1.00', 0.02736166291898524)]"
53,"[('CURRENT_OFFER_Free Energy Audits <= 0.00', -0.16733893427192081), ('EMPLOYMENT_Employed part-time, Student <= 0.00', -0.0759638489200508), ('HAS_PV <= 0.00', 0.05387071456947215), ('HAS_WIND <= 0.00', 0.05327597255776855), ('CURRENT_OFFER_Integrated Solar <= 0.00', -0.046880565669466544), ('HAS_EV <= 0.00', 0.04142212932204441), ('CURRENT_OFFER_Other <= 0.00', 0.03609789695867403), ('TENURE <= 17.00', 0.028940420783886932), ('CURRENT_OFFER_Customer Rebates <= 0.00', -0.026560206968936722), ('CURRENT_ISSUE_Power Outage <= 0.00', -0.018243540672678447)]"
54,"[('CURRENT_OFFER_Free Energy Audits <= 0.00', -0.1609805253701425), ('EMPLOYMENT_Employed part-time, Student <= 0.00', -0.059829553454126286), ('HAS_PV <= 0.00', 0.050254231620974046), ('CURRENT_ISSUE_Power Outage <= 0.00', -0.049997652420578936), ('HAS_WIND <= 0.00', 0.04997460786627554), ('CURRENT_ISSUE_GPRS Issue <= 0.00', -0.049534132018207826), ('CURRENT_OFFER_Small Scale Wind <= 0.00', 0.046891121759607024), ('CURRENT_OFFER_Integrated Solar <= 0.00', -0.04153859163410788), ('HAS_EV <= 0.00', 0.0379600464593002), ('CURRENT_ISSUE_Network Issue <= 0.00', -0.026273408505222688)]"
55,"[('CURRENT_OFFER_Free Energy Audits > 0.00', 0.14376826862965728), ('EMPLOYMENT_Employed part-time, Student <= 0.00', -0.06409071120096711), ('HAS_WIND <= 0.00', 0.058505431063794355), ('CURRENT_ISSUE_Low Voltage <= 0.00', -0.057360670619043395), ('HAS_PV > 0.00', -0.04891684691408701), ('CURRENT_ISSUE_Network Issue <= 0.00', -0.0447497758953323), ('CURRENT_ISSUE_GPRS Issue <= 0.00', -0.04455711751189593), ('HAS_EV <= 0.00', 0.044216790672517624), ('EMPLOYMENT_Employed part-time, Stay at home parent <= 0.00', -0.027838272844053175), ('CURRENT_ISSUE_Power Outage <= 0.00', -0.022497237424212203)]"
56,"[('CURRENT_OFFER_Free Energy Audits <= 0.00', -0.16060327586860917), ('HAS_WIND <= 0.00', 0.05311536800632149), ('CURRENT_OFFER_Demand Response Program <= 0.00', -0.051190867840596434), ('HAS_PV > 0.00', -0.04733687150783759), ('CURRENT_ISSUE_Network Issue <= 0.00', -0.0462691463216591), ('EMPLOYMENT_Employed part-time, Student <= 0.00', -0.04580571536025679), ('0.00 < HAS_EV <= 1.00', -0.03707388936116399), ('CURRENT_OFFER_Other <= 0.00', -0.02737833015985395), ('CURRENT_OFFER_Customer Rebates <= 0.00', 0.025751334027390594), ('CURRENT_ISSUE_Equipment failure <= 0.00', 0.014357255955443314)]"
57,"[('CURRENT_OFFER_Free Energy Audits <= 0.00', -0.15588315831312546), ('EMPLOYMENT_Employed part-time, Student <= 0.00', -0.09057569067009527), ('HAS_WIND <= 0.00', 0.060305037851500425), ('HAS_PV > 0.00', -0.053256622851424136), ('HAS_EV <= 0.00', 0.039894650367445085), ('EMPLOYMENT_Not currently employed <= 0.00', 0.025924614229046218), ('0.00 < COMPLAINTS <= 1.00', 0.02487944304803402), ('ENERGY_EFFICIENCY <= 0.38', 0.02144842872601353), ('CURRENT_ISSUE_GPRS Issue <= 0.00', 0.018327398941351016), ('CURRENT_ISSUE_Network Issue <= 0.00', -0.015434169985927736)]"
58,"[('CURRENT_OFFER_Free Energy Audits <= 0.00', -0.13941768673314894), ('CURRENT_OFFER_Integrated Solar <= 0.00', -0.06757303522753301), ('HAS_WIND <= 0.00', 0.05703956508704277), ('HAS_PV <= 0.00', 0.054247417806662694), ('EMPLOYMENT_Employed part-time, Student <= 0.00', -0.05045344984987874), ('HAS_EV <= 0.00', 0.04211718013820892), ('CURRENT_ISSUE_GPRS Issue <= 0.00', -0.03332595034134838), ('CURRENT_OFFER_Customer Rebates <= 0.00', 0.027612538169026417), ('CURRENT_ISSUE_Power Outage <= 0.00', -0.024964864696695174), ('COMPLAINTS <= 0.00', -0.02439237812591536)]"
59,"[('CURRENT_OFFER_Free Energy Audits <= 0.00', -0.13803501184166223), ('CURRENT_OFFER_Integrated Solar <= 0.00', -0.06758919869350631), ('HAS_PV > 0.00', -0.05565654962115207), ('HAS_WIND <= 0.00', 0.05445375746164061), ('CURRENT_OFFER_Other <= 0.00', -0.05106792133127284), ('HAS_EV <= 0.00', 0.04575974389937348), ('EMPLOYMENT_Employed part-time, Student <= 0.00', -0.03459749359558396), ('COMPLAINTS <= 0.00', -0.02939992268608152), ('CURRENT_OFFER_Customer Rebates <= 0.00', 0.02772900028760549), ('CURRENT_OFFER_Demand Response Program <= 0.00', -0.023558816181747204)]"
60,"[('CURRENT_OFFER_Free Energy Audits <= 0.00', -0.16754014111081014), ('CURRENT_OFFER_Integrated Solar <= 0.00', -0.09896358395780776), ('EMPLOYMENT_Employed part-time, Student <= 0.00', -0.05942811679787011), ('HAS_PV <= 0.00', 0.055658231883579455), ('HAS_WIND <= 0.00', 0.054659459982260024), ('CURRENT_ISSUE_Equipment failure <= 0.00', 0.045165306541801425), ('0.00 < HAS_EV <= 1.00', -0.042064321783021955), ('CURRENT_ISSUE_GPRS Issue <= 0.00', -0.03950730756489207), ('CURRENT_ISSUE_Power Outage <= 0.00', -0.032546921659131374), ('COMPLAINTS <= 0.00', -0.024267390712951597)]"
61,"[('CURRENT_OFFER_Free Energy Audits <= 0.00', -0.15704194282495265), ('CURRENT_OFFER_Integrated Solar <= 0.00', -0.06049087857100131), ('HAS_WIND <= 0.00', 0.05441065651399063), ('EMPLOYMENT_Employed part-time, Student <= 0.00', -0.05405448565291551), ('HAS_PV <= 0.00', 0.04755497164893948), ('HAS_EV <= 0.00', 0.039441736294644016), ('CURRENT_OFFER_Demand Response Program <= 0.00', -0.03297045657634891), ('CURRENT_ISSUE_Equipment failure <= 0.00', 0.032160125651156814), ('CURRENT_ISSUE_Power Outage <= 0.00', -0.024755211881907914), ('CURRENT_ISSUE_Low Voltage <= 0.00', 0.006689192973286557)]"
62,"[('CURRENT_OFFER_Free Energy Audits <= 0.00', -0.1531358709034372), ('CURRENT_OFFER_Integrated Solar <= 0.00', -0.09876321950762854), ('EMPLOYMENT_Employed part-time, Student <= 0.00', -0.06763597577098157), ('HAS_WIND <= 0.00', 0.058204269982343994), ('HAS_PV <= 0.00', 0.05358853382731872), ('CURRENT_OFFER_Other <= 0.00', -0.042257888326588534), ('HAS_EV <= 0.00', 0.03769340514720885), ('CURRENT_ISSUE_Power Outage <= 0.00', -0.03376868224207533), ('CURRENT_OFFER_Customer Rebates <= 0.00', 0.025575922529703206), ('CURRENT_ISSUE_Low Voltage <= 0.00', 0.015372410970246038)]"
63,"[('CURRENT_OFFER_Free Energy Audits <= 0.00', -0.1471695348549381), ('EMPLOYMENT_Employed part-time, Student <= 0.00', -0.07871518841896118), ('CURRENT_OFFER_Integrated Solar <= 0.00', -0.07467707319642285), ('CURRENT_OFFER_Other <= 0.00', -0.07041269791937854), ('HAS_PV > 0.00', -0.06037982057794042), ('HAS_WIND <= 0.00', 0.05405056592186311), ('0.00 < HAS_EV <= 1.00', -0.044197153803053384), ('CURRENT_OFFER_Demand Response Program <= 0.00', -0.02892767351385783), ('EMPLOYMENT_Employed part-time, Stay at home parent <= 0.00', -0.027386154677796683), ('CURRENT_ISSUE_GPRS Issue <= 0.00', 0.018411127951279128)]"
64,"[('CURRENT_OFFER_Free Energy Audits <= 0.00', -0.15974104691771138), ('EMPLOYMENT_Employed part-time, Student <= 0.00', -0.08206383529315753), ('HAS_PV <= 0.00', 0.05527335977503158), ('HAS_WIND <= 0.00', 0.05240824226530423), ('HAS_EV <= 0.00', 0.042916724116691556), ('CURRENT_OFFER_Other <= 0.00', -0.0411032483708072), ('CURRENT_ISSUE_Power Outage <= 0.00', -0.04036330116224685), ('CURRENT_ISSUE_GPRS Issue <= 0.00', -0.03892766289517819), ('EMPLOYMENT_Unknown <= 0.00', -0.032276996344094304), ('COMPLAINTS <= 0.00', -0.028590334600683196)]"
65,"[('CURRENT_OFFER_Free Energy Audits <= 0.00', -0.15874470388221507), ('EMPLOYMENT_Employed part-time, Student <= 0.00', -0.10160444546843271), ('CURRENT_OFFER_Integrated Solar <= 0.00', -0.07451358432951526), ('HAS_WIND <= 0.00', 0.05501728811655901), ('HAS_PV <= 0.00', 0.05320777409741958), ('CURRENT_OFFER_Other <= 0.00', 0.04721717598563706), ('0.00 < HAS_EV <= 1.00', -0.042536246492744435), ('CURRENT_ISSUE_GPRS Issue <= 0.00', -0.04126994933790098), ('CURRENT_ISSUE_Network Issue <= 0.00', -0.028550492050653766), ('CURRENT_ISSUE_Equipment failure <= 0.00', -0.026035332605691325)]"
66,"[('CURRENT_OFFER_Free Energy Audits <= 0.00', -0.1535803622653896), ('CURRENT_OFFER_Integrated Solar <= 0.00', -0.09140834914943322), ('EMPLOYMENT_Employed part-time, Student <= 0.00', -0.060362553825531816), ('HAS_PV <= 0.00', 0.056930883110256986), ('HAS_WIND <= 0.00', 0.053963991939846696), ('HAS_EV <= 0.00', 0.041020452566589906), ('EMPLOYMENT_Unknown <= 0.00', -0.03429531483727763), ('CURRENT_ISSUE_Equipment failure <= 0.00', 0.026293216016647206), ('CURRENT_ISSUE_GPRS Issue <= 0.00', -0.02236438104675409), ('CURRENT_ISSUE_Low Voltage <= 0.00', 0.01129625055538691)]"
67,"[('CURRENT_OFFER_Free Energy Audits <= 0.00', -0.15644133336489596), ('CURRENT_OFFER_Integrated Solar <= 0.00', -0.1128835781467418), ('CURRENT_ISSUE_Power Outage <= 0.00', -0.0600317857591041), ('HAS_WIND <= 0.00', 0.0573540983402806), ('HAS_PV <= 0.00', 0.053632917655441946), ('CURRENT_ISSUE_Network Issue <= 0.00', -0.05257952389575525), ('EMPLOYMENT_Employed part-time, Student <= 0.00', -0.05236420072666666), ('HAS_EV <= 0.00', 0.03964736782600361), ('CURRENT_ISSUE_GPRS Issue <= 0.00', -0.03307004458135514), ('CURRENT_OFFER_Demand Response Program <= 0.00', 0.02730463501420152)]"
68,"[('CURRENT_OFFER_Free Energy Audits <= 0.00', -0.1615461746674685), ('CURRENT_OFFER_Integrated Solar <= 0.00', -0.05716023739783301), ('HAS_WIND <= 0.00', 0.05155324483623735), ('EMPLOYMENT_Employed part-time, Student <= 0.00', -0.05119916352564497), ('HAS_PV > 0.00', -0.04876891061390982), ('HAS_EV <= 0.00', 0.04346461170409383), ('CURRENT_ISSUE_Network Issue <= 0.00', -0.034660612745766414), ('ENERGY_EFFICIENCY <= 0.38', 0.029147908994198005), ('COMPLAINTS <= 0.00', -0.02569142366648498), ('CURRENT_ISSUE_Equipment failure <= 0.00', 0.023820156235297863)]"
69,"[('CURRENT_OFFER_Free Energy Audits <= 0.00', -0.15327620661494565), ('EMPLOYMENT_Employed part-time, Student <= 0.00', -0.06995811025969369), ('CURRENT_ISSUE_Low Voltage <= 0.00', 0.05957161827019798), ('HAS_PV <= 0.00', 0.05779338266071925), ('HAS_WIND <= 0.00', 0.05419300319073651), ('CURRENT_OFFER_Integrated Solar <= 0.00', -0.04589999633737296), ('0.00 < HAS_EV <= 1.00', -0.038076811612147814), ('EMPLOYMENT_Employed part-time, Stay at home parent <= 0.00', -0.0349463992172517), ('TENURE <= 17.00', 0.030501787795360665), ('COMPLAINTS <= 0.00', -0.02983093288431901)]"
70,"[('CURRENT_OFFER_Free Energy Audits <= 0.00', -0.1608673874926464), ('EMPLOYMENT_Employed part-time, Student <= 0.00', -0.07956736206296411), ('CURRENT_ISSUE_Network Issue <= 0.00', -0.06292350319278094), ('HAS_PV <= 0.00', 0.055878960320942694), ('CURRENT_OFFER_Small Scale Wind <= 0.00', 0.05577521016265822), ('HAS_WIND <= 0.00', 0.0508919906229076), ('CURRENT_OFFER_Integrated Solar <= 0.00', -0.04714340638103228), ('HAS_EV <= 0.00', 0.043041634217316924), ('EMPLOYMENT_Employed part-time, Stay at home parent <= 0.00', -0.0420420225778791), ('CURRENT_OFFER_Customer Rebates <= 0.00', -0.026990364846449233)]"
71,"[('CURRENT_OFFER_Free Energy Audits <= 0.00', -0.14038937163077617), ('EMPLOYMENT_Employed part-time, Student <= 0.00', -0.07955556757737316), ('CURRENT_OFFER_Integrated Solar <= 0.00', -0.07916939024015578), ('HAS_PV <= 0.00', 0.05252366346752919), ('HAS_WIND <= 0.00', 0.04625469136908125), ('HAS_EV <= 0.00', 0.04124521477273335), ('CURRENT_OFFER_Demand Response Program <= 0.00', -0.033290584660486414), ('CURRENT_ISSUE_GPRS Issue <= 0.00', -0.026427127746147666), ('EMPLOYMENT_Employed part-time, Stay at home parent <= 0.00', 0.022173393213770723), ('CURRENT_ISSUE_Power Outage <= 0.00', 0.010722527940847925)]"
72,"[('CURRENT_OFFER_Free Energy Audits <= 0.00', -0.12017949011917539), ('CURRENT_ISSUE_Power Outage <= 0.00', -0.08726594160059913), ('CURRENT_OFFER_Integrated Solar <= 0.00', -0.07778433773731179), ('EMPLOYMENT_Employed part-time, Student <= 0.00', -0.06309337896670945), ('HAS_WIND <= 0.00', 0.058291402343947855), ('HAS_PV <= 0.00', 0.04852579568845506), ('HAS_EV <= 0.00', 0.04128996717174685), ('TENURE <= 17.00', 0.03143274489415449), ('CURRENT_OFFER_Small Scale Wind <= 0.00', 0.02695334160723561), ('CURRENT_ISSUE_GPRS Issue <= 0.00', 0.010890201592692873)]"
73,"[('CURRENT_OFFER_Free Energy Audits <= 0.00', -0.1418529821670661), ('CURRENT_OFFER_Integrated Solar <= 0.00', -0.07272156002463247), ('EMPLOYMENT_Employed part-time, Student <= 0.00', -0.06820102915131449), ('CURRENT_ISSUE_GPRS Issue <= 0.00', -0.061426735552897946), ('HAS_WIND <= 0.00', 0.05857587540520454), ('HAS_PV > 0.00', -0.051477010057249015), ('CURRENT_ISSUE_Low Voltage <= 0.00', 0.04305967523242933), ('HAS_EV <= 0.00', 0.04270718529264005), ('COMPLAINTS <= 0.00', -0.02848118028653019), ('CURRENT_OFFER_Small Scale Wind <= 0.00', 0.02582852717304524)]"
74,"[('CURRENT_OFFER_Free Energy Audits <= 0.00', -0.10622849372802123), ('HAS_WIND <= 0.00', 0.057489403078374766), ('HAS_PV <= 0.00', 0.052264094257176756), ('CURRENT_ISSUE_Network Issue <= 0.00', -0.045779411087892095), ('HAS_EV <= 0.00', 0.04160848662487711), ('CURRENT_OFFER_Small Scale Wind <= 0.00', 0.039732613982713064), ('CURRENT_OFFER_Demand Response Program <= 0.00', -0.037380008114049054), ('CURRENT_OFFER_Other <= 0.00', -0.02946259728890102), ('CURRENT_ISSUE_GPRS Issue <= 0.00', -0.02589158622918308), ('EMPLOYMENT_Not currently employed <= 0.00', 0.025199777351105148)]"
75,"[('CURRENT_OFFER_Free Energy Audits <= 0.00', -0.22018189046709088), ('CURRENT_ISSUE_Network Issue <= 0.00', -0.14069770621740513), ('CURRENT_OFFER_Integrated Solar <= 0.00', -0.11426115722191289), ('HAS_PV <= 0.00', 0.05694830540671908), ('HAS_WIND <= 0.00', 0.05230474826017834), ('EMPLOYMENT_Employed part-time, Student <= 0.00', -0.0496704983130227), ('HAS_EV <= 0.00', 0.04162796657114603), ('CURRENT_OFFER_Other <= 0.00', -0.03673511965974216), ('COMPLAINTS <= 0.00', -0.027358007209143224), ('EMPLOYMENT_Not currently employed <= 0.00', 0.027047553363685053)]"
76,"[('CURRENT_OFFER_Free Energy Audits <= 0.00', -0.20042868146348136), ('HAS_WIND <= 0.00', 0.054825313461849504), ('HAS_PV <= 0.00', 0.05118589072657426), ('CURRENT_OFFER_Customer Rebates <= 0.00', -0.049907868171097866), ('0.00 < HAS_EV <= 1.00', -0.03742949653087711), ('EMPLOYMENT_Unknown <= 0.00', -0.037287118831719444), ('CURRENT_ISSUE_Network Issue <= 0.00', 0.037156366627705065), ('EMPLOYMENT_Employed part-time, Student <= 0.00', -0.03209567274273407), ('TENURE <= 17.00', 0.03185452497332694), ('CURRENT_ISSUE_Low Voltage <= 0.00', 0.012679781179765898)]"
77,"[('CURRENT_OFFER_Free Energy Audits <= 0.00', -0.16060997584288972), ('CURRENT_OFFER_New Construction Incentives <= 0.00', -0.07059706854466648), ('HAS_PV <= 0.00', 0.052281115430001156), ('HAS_WIND > 0.00', -0.05132163067632844), ('EMPLOYMENT_Employed part-time, Student <= 0.00', -0.04879441454311214), ('CURRENT_ISSUE_Low Voltage <= 0.00', -0.04251503364192722), ('0.00 < HAS_EV <= 1.00', -0.03916461776598791), ('CURRENT_ISSUE_GPRS Issue <= 0.00', -0.03821506433773617), ('CURRENT_OFFER_Other <= 0.00', -0.028536259761872438), ('CURRENT_ISSUE_Power Outage <= 0.00', -0.022063481220009402)]"
78,"[('CURRENT_OFFER_Free Energy Audits <= 0.00', -0.1776196465170985), ('EMPLOYMENT_Employed part-time, Student <= 0.00', -0.10364361009989875), ('CURRENT_OFFER_Integrated Solar <= 0.00', -0.07570236330168179), ('HAS_WIND <= 0.00', 0.06038006104583765), ('HAS_PV <= 0.00', 0.052975255760500085), ('0.00 < HAS_EV <= 1.00', -0.045491227089790365), ('CURRENT_ISSUE_Equipment failure <= 0.00', 0.029130483836173372), ('0.00 < COMPLAINTS <= 1.00', 0.02883567019012567), ('EMPLOYMENT_Employed part-time, Stay at home parent <= 0.00', -0.020528074499668078), ('CURRENT_OFFER_Small Scale Wind <= 0.00', -0.02027153180300591)]"
79,"[('CURRENT_OFFER_Free Energy Audits <= 0.00', -0.13743015746507156), ('CURRENT_OFFER_Integrated Solar <= 0.00', -0.060645294369566026), ('HAS_WIND <= 0.00', 0.05454939322398892), ('HAS_PV <= 0.00', 0.05210740809126214), ('CURRENT_ISSUE_Network Issue <= 0.00', -0.04406194814562186), ('EMPLOYMENT_Employed part-time, Student <= 0.00', -0.042166625717805044), ('HAS_EV <= 0.00', 0.03942353758750687), ('CURRENT_ISSUE_Low Voltage <= 0.00', -0.02645277787229224), ('CURRENT_ISSUE_Power Outage <= 0.00', -0.02317311174718315), ('CURRENT_ISSUE_GPRS Issue <= 0.00', 0.01688151727404073)]"
80,"[('CURRENT_OFFER_Free Energy Audits <= 0.00', -0.11719639493590361), ('HAS_PV <= 0.00', 0.05575608468346208), ('HAS_WIND <= 0.00', 0.0551944029427068), ('CURRENT_OFFER_Customer Rebates <= 0.00', -0.0489173252006236), ('EMPLOYMENT_Employed part-time, Student <= 0.00', -0.047087692039324884), ('CURRENT_OFFER_Integrated Solar <= 0.00', -0.04630649709391933), ('CURRENT_ISSUE_Network Issue <= 0.00', -0.04525047870299762), ('0.00 < HAS_EV <= 1.00', -0.037298654501995376), ('CURRENT_ISSUE_GPRS Issue <= 0.00', -0.036147630064422384), ('EMPLOYMENT_Employed part-time, Stay at home parent <= 0.00', -0.02391390540355354)]"
81,"[('CURRENT_OFFER_Free Energy Audits <= 0.00', -0.18671348065519794), ('EMPLOYMENT_Employed part-time, Student <= 0.00', -0.09511349203164624), ('HAS_WIND <= 0.00', 0.05774100921019247), ('HAS_PV <= 0.00', 0.048465252645816186), ('CURRENT_OFFER_Integrated Solar <= 0.00', -0.047686295963344484), ('HAS_EV <= 0.00', 0.04089040295948633), ('CURRENT_OFFER_Other <= 0.00', 0.03937935006983652), ('CURRENT_OFFER_Customer Rebates <= 0.00', 0.026483804798600984), ('CURRENT_ISSUE_Power Outage <= 0.00', -0.023324192952062874), ('CURRENT_OFFER_Small Scale Wind <= 0.00', 0.01875461483805029)]"
82,"[('CURRENT_OFFER_Free Energy Audits <= 0.00', -0.1375623811474653), ('CURRENT_OFFER_Integrated Solar <= 0.00', -0.06283917240223917), ('CURRENT_ISSUE_Power Outage <= 0.00', -0.05562462560101907), ('HAS_WIND <= 0.00', 0.05412426415924737), ('EMPLOYMENT_Employed part-time, Student <= 0.00', -0.05116028315607268), ('CURRENT_ISSUE_GPRS Issue <= 0.00', -0.049146066201298105), ('CURRENT_OFFER_Demand Response Program <= 0.00', -0.04874804727137544), ('HAS_PV <= 0.00', 0.045716442630167956), ('CURRENT_ISSUE_Network Issue <= 0.00', -0.04493031006529843), ('CURRENT_OFFER_Other <= 0.00', -0.01597743378739431)]"
83,"[('CURRENT_OFFER_Free Energy Audits <= 0.00', -0.1282361865650044), ('CURRENT_ISSUE_Network Issue <= 0.00', -0.07145991644957392), ('HAS_PV <= 0.00', 0.056964555445788115), ('HAS_WIND <= 0.00', 0.05683818726008433), ('CURRENT_OFFER_Integrated Solar <= 0.00', -0.054446491350345357), ('CURRENT_ISSUE_GPRS Issue <= 0.00', -0.05013809828113509), ('EMPLOYMENT_Employed part-time, Student <= 0.00', -0.04749790436694385), ('HAS_EV <= 0.00', 0.04254319618427402), ('CURRENT_OFFER_Other <= 0.00', -0.04089171874042549), ('CURRENT_ISSUE_Low Voltage <= 0.00', -0.028355811159257647)]"
84,"[('CURRENT_OFFER_Free Energy Audits <= 0.00', -0.13275272673077287), ('CURRENT_ISSUE_Network Issue <= 0.00', -0.0821380749781989), ('CURRENT_ISSUE_Equipment failure <= 0.00', 0.06380968810879868), ('EMPLOYMENT_Employed part-time, Student <= 0.00', -0.0625740397852656), ('HAS_PV <= 0.00', 0.05933653961877531), ('HAS_WIND <= 0.00', 0.05442050730582369), ('EMPLOYMENT_Employed part-time, Stay at home parent <= 0.00', -0.05054982774199902), ('HAS_EV <= 0.00', 0.037127815000512356), ('CURRENT_ISSUE_Low Voltage <= 0.00', -0.03693310424014054), ('CURRENT_OFFER_Integrated Solar <= 0.00', -0.018404573972152033)]"
85,"[('CURRENT_OFFER_Free Energy Audits <= 0.00', -0.0918619365082644), ('CURRENT_ISSUE_Equipment failure <= 0.00', -0.07375060026169826), ('CURRENT_ISSUE_Network Issue <= 0.00', -0.06400302363303303), ('HAS_PV > 0.00', -0.055022508283855374), ('HAS_WIND <= 0.00', 0.05374872528306453), ('EMPLOYMENT_Employed part-time, Student <= 0.00', -0.05334746583147194), ('HAS_EV <= 0.00', 0.043026701944105294), ('CURRENT_OFFER_Other <= 0.00', 0.02701374175879069), ('CURRENT_OFFER_Integrated Solar <= 0.00', -0.026680499832711976), ('CURRENT_ISSUE_Low Voltage <= 0.00', 0.026558751826947124)]"
86,"[('CURRENT_OFFER_Free Energy Audits <= 0.00', -0.12623660673565207), ('CURRENT_OFFER_Integrated Solar <= 0.00', -0.09085488799272977), ('HAS_PV <= 0.00', 0.05455792610217252), ('HAS_WIND <= 0.00', 0.0504647849970882), ('CURRENT_OFFER_Small Scale Wind <= 0.00', 0.04638344232515309), ('0.00 < HAS_EV <= 1.00', -0.04417762234266881), ('CURRENT_ISSUE_GPRS Issue <= 0.00', -0.042424959379628535), ('EMPLOYMENT_Employed part-time, Student <= 0.00', -0.037179301713089585), ('0.00 < COMPLAINTS <= 1.00', 0.03366737141176274), ('EMPLOYMENT_Not currently employed <= 0.00', 0.026472397593602794)]"
87,"[('CURRENT_OFFER_Free Energy Audits <= 0.00', -0.1646104705929707), ('CURRENT_ISSUE_GPRS Issue <= 0.00', 0.061169248490269224), ('HAS_PV <= 0.00', 0.055625568360790995), ('HAS_WIND <= 0.00', 0.05070278004981297), ('EMPLOYMENT_Employed part-time, Student <= 0.00', -0.04977136283557372), ('CURRENT_OFFER_Integrated Solar <= 0.00', -0.04475596292709122), ('HAS_EV <= 0.00', 0.04078280586986331), ('CURRENT_OFFER_Demand Response Program <= 0.00', -0.03953415987478229), ('CURRENT_ISSUE_Network Issue <= 0.00', -0.0352731005561203), ('CURRENT_ISSUE_Equipment failure <= 0.00', 0.023028258939267323)]"
88,"[('CURRENT_OFFER_Free Energy Audits > 0.00', 0.12492282560381854), ('CURRENT_ISSUE_GPRS Issue <= 0.00', -0.08404155200145086), ('EMPLOYMENT_Employed part-time, Student <= 0.00', -0.07635071710378571), ('HAS_WIND <= 0.00', 0.05935901192140605), ('HAS_PV <= 0.00', 0.0532906066398506), ('CURRENT_ISSUE_Equipment failure <= 0.00', 0.05010493616025365), ('HAS_EV <= 0.00', 0.04055406195925992), ('EMPLOYMENT_Not currently employed <= 0.00', 0.025868743621852527), ('CURRENT_ISSUE_Network Issue <= 0.00', -0.023062751921456216), ('CURRENT_ISSUE_Power Outage <= 0.00', -0.009740330021243465)]"
89,"[('CURRENT_OFFER_Free Energy Audits <= 0.00', -0.17043235760708733), ('EMPLOYMENT_Employed part-time, Student <= 0.00', -0.0684867471178439), ('HAS_WIND <= 0.00', 0.05976621414867119), ('CURRENT_OFFER_Other <= 0.00', -0.0547178435048016), ('HAS_PV <= 0.00', 0.052994203267678196), ('CURRENT_OFFER_Integrated Solar <= 0.00', -0.04280561275625804), ('HAS_EV <= 0.00', 0.04153112846859767), ('CURRENT_OFFER_Demand Response Program <= 0.00', -0.03343821526461513), ('TENURE <= 17.00', 0.031187918610585147), ('0.00 < COMPLAINTS <= 1.00', 0.026793879600455442)]"
90,"[('CURRENT_OFFER_Free Energy Audits > 0.00', 0.18138391998903391), ('EMPLOYMENT_Employed part-time, Student <= 0.00', -0.06813173440665928), ('CURRENT_ISSUE_Power Outage <= 0.00', -0.05741720362856448), ('HAS_WIND <= 0.00', 0.05317401353967263), ('HAS_PV <= 0.00', 0.0521279968249174), ('CURRENT_OFFER_Integrated Solar <= 0.00', -0.04422455127027056), ('0.00 < HAS_EV <= 1.00', -0.04035950767964529), ('CURRENT_ISSUE_GPRS Issue <= 0.00', 0.033867182312262586), ('CURRENT_OFFER_Other <= 0.00', -0.03257907730298128), ('CURRENT_ISSUE_Network Issue <= 0.00', -0.031158339079070965)]"
91,"[('CURRENT_OFFER_Free Energy Audits <= 0.00', -0.12082658430633901), ('EMPLOYMENT_Employed part-time, Student <= 0.00', -0.06090522604182822), ('HAS_PV <= 0.00', 0.05977786547750138), ('CURRENT_OFFER_Integrated Solar <= 0.00', -0.05877195480878693), ('HAS_WIND <= 0.00', 0.0512998858338242), ('HAS_EV <= 0.00', 0.04290075791254159), ('CURRENT_ISSUE_Power Outage <= 0.00', -0.03602394605134389), ('ENERGY_EFFICIENCY <= 0.38', 0.025410035695156305), ('0.00 < COMPLAINTS <= 1.00', 0.02496632162097749), ('CURRENT_OFFER_Customer Rebates <= 0.00', 0.024198029752260906)]"
92,"[('CURRENT_OFFER_Free Energy Audits <= 0.00', -0.12607271126419808), ('CURRENT_OFFER_Integrated Solar <= 0.00', -0.07999849296581456), ('EMPLOYMENT_Employed part-time, Student <= 0.00', -0.05856587949750256), ('HAS_WIND > 0.00', -0.05848664757031419), ('CURRENT_ISSUE_Equipment failure <= 0.00', -0.054880648154057333), ('HAS_PV <= 0.00', 0.0466767355256687), ('HAS_EV <= 0.00', 0.04217365949466863), ('EMPLOYMENT_Employed part-time, Stay at home parent <= 0.00', -0.02895463415869405), ('EMPLOYMENT_Not currently employed <= 0.00', 0.025323411620649685), ('CURRENT_OFFER_Customer Rebates <= 0.00', 0.02097853170019757)]"
93,"[('CURRENT_OFFER_Free Energy Audits <= 0.00', -0.1301909414914166), ('CURRENT_OFFER_Integrated Solar <= 0.00', -0.0620446038818256), ('EMPLOYMENT_Employed part-time, Student <= 0.00', -0.061180069145759235), ('HAS_WIND <= 0.00', 0.0550856084269963), ('HAS_PV <= 0.00', 0.05338631959434603), ('HAS_EV <= 0.00', 0.04113123546145577), ('CURRENT_ISSUE_Network Issue <= 0.00', -0.04084903836016958), ('CURRENT_ISSUE_Low Voltage <= 0.00', 0.03272994993582628), ('CURRENT_ISSUE_GPRS Issue <= 0.00', -0.03163231209492998), ('COMPLAINTS <= 0.00', -0.029717698527046282)]"
94,"[('CURRENT_OFFER_Free Energy Audits <= 0.00', -0.1740529009699902), ('CURRENT_ISSUE_Power Outage <= 0.00', -0.06490227962631609), ('HAS_PV <= 0.00', 0.05095171752021042), ('HAS_WIND <= 0.00', 0.04916438782948712), ('EMPLOYMENT_Employed part-time, Student <= 0.00', -0.0484737434854151), ('HAS_EV <= 0.00', 0.04032962662645636), ('CURRENT_ISSUE_GPRS Issue <= 0.00', -0.036820284285024665), ('EMPLOYMENT_Employed part-time, Stay at home parent <= 0.00', 0.02718850750818123), ('EMPLOYMENT_Unknown <= 0.00', -0.023700786984573438), ('CURRENT_ISSUE_Low Voltage <= 0.00', -0.01098976626435294)]"
95,"[('CURRENT_OFFER_Free Energy Audits <= 0.00', -0.13992015874907834), ('EMPLOYMENT_Employed part-time, Student <= 0.00', -0.062259652576744894), ('HAS_WIND <= 0.00', 0.053161437492141216), ('CURRENT_OFFER_Customer Rebates <= 0.00', 0.0527945946805966), ('HAS_PV <= 0.00', 0.04958456262473229), ('CURRENT_ISSUE_Network Issue <= 0.00', -0.04468810058544855), ('HAS_EV <= 0.00', 0.0394624415716054), ('TENURE <= 17.00', 0.03020444323017622), ('CURRENT_OFFER_Other <= 0.00', -0.026872665957552038), ('CURRENT_ISSUE_Power Outage <= 0.00', -0.01250224646063323)]"
96,"[('CURRENT_OFFER_Free Energy Audits <= 0.00', -0.14135540062418095), ('CURRENT_OFFER_Integrated Solar <= 0.00', -0.10624421552088412), ('HAS_PV <= 0.00', 0.06220191274875496), ('HAS_WIND > 0.00', -0.057426083853666515), ('CURRENT_ISSUE_Low Voltage <= 0.00', 0.056660271725366175), ('EMPLOYMENT_Employed part-time, Student <= 0.00', -0.05112842585537403), ('HAS_EV <= 0.00', 0.04082670637587522), ('CURRENT_ISSUE_GPRS Issue <= 0.00', -0.03435283602873964), ('0.00 < COMPLAINTS <= 1.00', 0.031379677485144086), ('EMPLOYMENT_Employed part-time, Stay at home parent <= 0.00', -0.03114987769140105)]"
97,"[('CURRENT_OFFER_Free Energy Audits <= 0.00', -0.1609189366000084), ('HAS_WIND <= 0.00', 0.05892100887777068), ('CURRENT_OFFER_Integrated Solar <= 0.00', -0.05582624822407272), ('HAS_PV > 0.00', -0.054663824506875645), ('EMPLOYMENT_Employed part-time, Student <= 0.00', -0.048392645993873225), ('HAS_EV <= 0.00', 0.037931083026734896), ('CURRENT_ISSUE_GPRS Issue <= 0.00', -0.031623550072179346), ('EMPLOYMENT_Not currently employed <= 0.00', 0.028625941056584277), ('COMPLAINTS <= 0.00', -0.027218914583698118), ('CURRENT_ISSUE_Power Outage <= 0.00', -0.027025640157461263)]"
98,"[('CURRENT_OFFER_Free Energy Audits <= 0.00', -0.15080880101339986), ('EMPLOYMENT_Employed part-time, Student <= 0.00', -0.056851246546489285), ('HAS_WIND <= 0.00', 0.05649188379723604), ('HAS_PV <= 0.00', 0.055781055329567106), ('CURRENT_ISSUE_Low Voltage <= 0.00', 0.0509498993249175), ('0.00 < HAS_EV <= 1.00', -0.03911440276049584), ('COMPLAINTS <= 0.00', -0.02891572820235359), ('CURRENT_ISSUE_Network Issue <= 0.00', -0.021757229099082766), ('EMPLOYMENT_Not currently employed <= 0.00', 0.020676167453407224), ('CURRENT_OFFER_Other <= 0.00', 0.00027256500536929247)]"
99,"[('CURRENT_OFFER_Free Energy Audits <= 0.00', -0.13004434268642748), ('CURRENT_ISSUE_GPRS Issue <= 0.00', -0.07335764587273517), ('HAS_WIND > 0.00', -0.05970270263726383), ('HAS_PV > 0.00', -0.0554895065074855), ('EMPLOYMENT_Employed part-time, Student <= 0.00', -0.051335200314036364), ('CURRENT_ISSUE_Equipment failure <= 0.00', 0.037916550164460446), ('HAS_EV <= 0.00', 0.03735783638220628), ('CURRENT_ISSUE_Network Issue <= 0.00', -0.03628258168504347), ('CURRENT_OFFER_Demand Response Program <= 0.00', -0.02107864005575031), ('CURRENT_ISSUE_Power Outage <= 0.00', 0.007475268019143107)]"
100,"[('CURRENT_OFFER_Free Energy Audits <= 0.00', -0.1557951481004455), ('CURRENT_OFFER_Integrated Solar <= 0.00', -0.08864918231880219), ('EMPLOYMENT_Employed part-time, Student <= 0.00', -0.08042727332598155), ('HAS_PV <= 0.00', 0.05972728723177343), ('HAS_WIND <= 0.00', 0.05198880785077058), ('0.00 < HAS_EV <= 1.00', -0.03985233009459875), ('CURRENT_ISSUE_Power Outage <= 0.00', -0.03872370684833429), ('CURRENT_ISSUE_Equipment failure <= 0.00', 0.03511458901919103), ('EMPLOYMENT_Employed part-time, Stay at home parent <= 0.00', -0.0306484292448058), ('CURRENT_ISSUE_GPRS Issue <= 0.00', -0.02932370793285162)]"
