{"description":"Policy deny asset type","fields":[],"relationships":[],"localized_metadata_attributes":{"name":{"default":"Policy deny","en":"Policy deny","de":"Richtlinienverweigerung","es":"Denegación de política","fr":"Refus de stratégie","it":"Rifiuto politica","ja":"ポリシー拒否","ko":"정책 거부","pt":"Política negam","ru":"Отказ в политике","sv":"Förneka","zh":"策略拒绝","zh-TW":"原則拒絕"}},"global_search_searchable":[],"attribute_only":true,"is_column_custom_attribute":false,"can_have_image":false,"version":1,"name":"policy_deny","scope":"GLOBAL","allow_decorators":false}