{"metadata":{"asset_id":"c655a0e8-22e3-4f18-819f-0306795915dd","asset_attributes":["data_asset"],"name":"Scrap_Analysis_Daily_Official.str","asset_type":"data_asset","created_at":"2021-09-30T19:25:39Z","description":"","origin_country":"us","owner_id":"1000331005","project_id":"7d97fabd-f258-4eec-a1aa-e541688f863a","size":45110,"tags":[],"usage":{"last_update_time":1633029941377,"last_updated_at":"2021-09-30T19:25:41Z"}},"entity":{"data_asset":{"mime_type":"application/octet-stream","dataset":false}},"attachments":[{"id":"40c7fcbd-2899-476d-b0a8-a7f9894fe04a","version":2,"asset_type":"data_asset","name":"Scrap_Analysis_Daily_Official.str","mime":"application/octet-stream","datasource_type":"81bafdbd-b7c6-45c5-a4fd-6ec135f66f4e","object_key":"data_asset/Scrap_Analysis_Daily_Official.str","creator_id":"icp4d-dev","create_time":1633029940682,"size":45110,"is_remote":false,"is_managed":false,"is_referenced":true,"is_object_key_read_only":false,"is_user_provided_path_key":true,"transfer_complete":true,"is_partitioned":false,"complete_time_ticks":1633029940682,"user_data":{},"test_doc":0,"handle":{"key":"data_asset/Scrap_Analysis_Daily_Official.str","upload_id":"done","max_part_num":1},"usage":{"access_count":0,"last_accessor_id":"icp4d-dev","last_access_time":1633029940682}}]}