{"metadata":{"asset_id":"2a228b3e-74aa-4b97-bc94-a4a17259507b","asset_attributes":["data_asset"],"name":"WeatherHistory.csv","asset_type":"data_asset","created_at":"2021-09-30T19:25:40Z","description":"","origin_country":"us","owner_id":"1000331005","project_id":"7d97fabd-f258-4eec-a1aa-e541688f863a","size":652447,"tags":[],"usage":{"last_update_time":1633029941777,"last_updated_at":"2021-09-30T19:25:41Z"}},"entity":{"data_asset":{"mime_type":"text/csv","dataset":false}},"attachments":[{"id":"c698e05a-b007-421e-b05b-a19f4f45f55b","version":2,"asset_type":"data_asset","name":"WeatherHistory.csv","mime":"text/csv","datasource_type":"81bafdbd-b7c6-45c5-a4fd-6ec135f66f4e","object_key":"data_asset/WeatherHistory.csv","creator_id":"icp4d-dev","create_time":1633029941160,"size":652447,"is_remote":false,"is_managed":false,"is_referenced":true,"is_object_key_read_only":false,"is_user_provided_path_key":true,"transfer_complete":true,"is_partitioned":false,"complete_time_ticks":1633029941160,"user_data":{},"test_doc":0,"handle":{"key":"data_asset/WeatherHistory.csv","upload_id":"done","max_part_num":1},"usage":{"access_count":0,"last_accessor_id":"icp4d-dev","last_access_time":1633029941160}}]}