{"metadata":{"asset_id":"4b702273-476f-44e5-b3d7-bbd9c3493d63","asset_attributes":["data_asset"],"name":"Manufacuturing Weather Forecast.csv","asset_type":"data_asset","created_at":"2021-09-30T19:25:38Z","description":"","origin_country":"us","owner_id":"1000331005","project_id":"7d97fabd-f258-4eec-a1aa-e541688f863a","size":272,"tags":[],"usage":{"last_update_time":1633029940416,"last_updated_at":"2021-09-30T19:25:40Z"}},"entity":{"data_asset":{"mime_type":"text/csv","dataset":false}},"attachments":[{"id":"7c15d59a-2032-451a-8be1-4a1feea162a4","version":2,"asset_type":"data_asset","name":"Manufacuturing Weather Forecast.csv","mime":"text/csv","datasource_type":"81bafdbd-b7c6-45c5-a4fd-6ec135f66f4e","object_key":"data_asset/Manufacuturing Weather Forecast.csv","creator_id":"icp4d-dev","create_time":1633029939436,"size":272,"is_remote":false,"is_managed":false,"is_referenced":true,"is_object_key_read_only":false,"is_user_provided_path_key":true,"transfer_complete":true,"is_partitioned":false,"complete_time_ticks":1633029939436,"user_data":{},"test_doc":0,"handle":{"key":"data_asset/Manufacuturing Weather Forecast.csv","upload_id":"done","max_part_num":1},"usage":{"access_count":0,"last_accessor_id":"icp4d-dev","last_access_time":1633029939436}}]}