{"metadata":{"asset_id":"b12edc97-c0c5-43c9-908f-5b62a157cebf","asset_attributes":["data_asset"],"name":"Scrap_Data.csv","asset_type":"data_asset","created_at":"2021-09-30T19:25:39Z","description":"","origin_country":"us","owner_id":"1000331005","project_id":"7d97fabd-f258-4eec-a1aa-e541688f863a","size":94116,"tags":[],"usage":{"last_update_time":1633029942277,"last_updated_at":"2021-09-30T19:25:42Z"}},"entity":{"data_asset":{"mime_type":"text/csv","dataset":false}},"attachments":[{"id":"e3c58c2b-1fd4-47a1-a4c3-e11190bf8388","version":2,"asset_type":"data_asset","name":"Scrap_Data.csv","mime":"text/csv","datasource_type":"81bafdbd-b7c6-45c5-a4fd-6ec135f66f4e","object_key":"data_asset/Scrap_Data.csv","creator_id":"icp4d-dev","create_time":1633029941555,"size":94116,"is_remote":false,"is_managed":false,"is_referenced":true,"is_object_key_read_only":false,"is_user_provided_path_key":true,"transfer_complete":true,"is_partitioned":false,"complete_time_ticks":1633029941555,"user_data":{},"test_doc":0,"handle":{"key":"data_asset/Scrap_Data.csv","upload_id":"done","max_part_num":1},"usage":{"access_count":0,"last_accessor_id":"icp4d-dev","last_access_time":1633029941555}}]}