{"metadata":{"asset_id":"d079bd45-8456-46f9-85b3-15d886b09f13","asset_attributes":["data_asset"],"name":"All Weather And Manufacting Data.csv","asset_type":"data_asset","created_at":"2021-09-30T19:25:39Z","description":"","origin_country":"us","owner_id":"1000331005","project_id":"7d97fabd-f258-4eec-a1aa-e541688f863a","size":187072,"tags":[],"usage":{"last_update_time":1633029941337,"last_updated_at":"2021-09-30T19:25:41Z"}},"entity":{"data_asset":{"mime_type":"text/csv","dataset":false}},"attachments":[{"id":"fb193a97-ca3f-4d85-9fd5-4c712e3eac9b","version":2,"asset_type":"data_asset","name":"All Weather And Manufacting Data.csv","mime":"text/csv","datasource_type":"81bafdbd-b7c6-45c5-a4fd-6ec135f66f4e","object_key":"data_asset/All Weather And Manufacting Data.csv","creator_id":"icp4d-dev","create_time":1633029940561,"size":187072,"is_remote":false,"is_managed":false,"is_referenced":true,"is_object_key_read_only":false,"is_user_provided_path_key":true,"transfer_complete":true,"is_partitioned":false,"complete_time_ticks":1633029940561,"user_data":{},"test_doc":0,"handle":{"key":"data_asset/All Weather And Manufacting Data.csv","upload_id":"done","max_part_num":1},"usage":{"access_count":0,"last_accessor_id":"icp4d-dev","last_access_time":1633029940561}}]}