{"columns_required": ["CUSTOMER_CUSTOMER_ID", "CUSTOMER_SUMMARY_END_DATE", "CUSTOMER_SUMMARY_START_DATE", "CUSTOMER_STATUS", "CUSTOMER_SUMMARY_FUNDS_UNDER_MANAGEMENT", "CUSTOMER_EFFECTIVE_DATE", "CUSTOMER_RELATIONSHIP_START_DATE"], "feature_attributes": ["CUSTOMER_AGE_RANGE", "CUSTOMER_GENDER", "CUSTOMER_EDUCATION_LEVEL", "CUSTOMER_URBAN_CODE", "CUSTOMER_MARKET_GROUP", "CUSTOMER_EMPLOYMENT_STATUS", "CUSTOMER_MARITAL_STATUS", "CUSTOMER_SUMMARY_TOTAL_AMOUNT_OF_DEPOSITS", "CUSTOMER_NUMBER_OF_DEPENDENT_ADULTS", "CUSTOMER_NUMBER_OF_DEPENDENT_CHILDREN", "CUSTOMER_ANNUAL_INCOME", "CUSTOMER_SUMMARY_NUMBER_OF_ACCOUNTS", "CUSTOMER_SUMMARY_FUNDS_UNDER_MANAGEMENT", "CUSTOMER_SUMMARY_AVERAGE_SENTIMENT_SCORE", "CUSTOMER_INTERNET_BANKING_INDICATOR", "CUSTOMER_FAMILY_SIZE", "NUM_ACCOUNTS_WITH_RISK_TOLERANCE_HIGH", "NUM_ACCOUNTS_WITH_RISK_TOLERANCE_LOW", "NUM_ACCOUNTS_WITH_RISK_TOLERANCE_MODERATE", "NUM_ACCOUNTS_WITH_RISK_TOLERANCE_VERY_LOW", "NUM_ACCOUNTS_WITH_INVESTMENT_OBJECTIVE_GROWTH", "NUM_ACCOUNTS_WITH_INVESTMENT_OBJECTIVE_INCOME", "NUM_ACCOUNTS_WITH_INVESTMENT_OBJECTIVE_PLANNING", "NUM_ACCOUNTS_WITH_INVESTMENT_OBJECTIVE_SECURE_GROWTH", "NUM_ACCOUNTS_WITH_INVESTMENT_OBJECTIVE_SECURITY"], "derive_column_list": ["CUSTOMER_SUMMARY_TOTAL_AMOUNT_OF_DEPOSITS", "CUSTOMER_SUMMARY_FINANCIAL_ASSETS", "CUSTOMER_SUMMARY_TOTAL_AMOUNT_OF_MARKET_CHANGE", "CUSTOMER_SUMMARY_NUMBER_OF_TRANSACTIONS", "CUSTOMER_SUMMARY_FUNDS_UNDER_MANAGEMENT", "CUSTOMER_SUMMARY_NON_FINANCIAL_ASSETS", "CUSTOMER_SUMMARY_NUMBER_OF_MOBILE_LOGINS", "CUSTOMER_SUMMARY_NUMBER_OF_LOGINS"], "granularity_key": "CUSTOMER_CUSTOMER_ID", "target_attribute": "TARGET", "status_attribute": "CUSTOMER_STATUS", "funds_attribute": "CUSTOMER_SUMMARY_FUNDS_UNDER_MANAGEMENT", "date_customer_joined": "CUSTOMER_RELATIONSHIP_START_DATE", "customer_end_date": "CUSTOMER_SUMMARY_END_DATE", "customer_start_date": "CUSTOMER_SUMMARY_START_DATE", "period_attribute": "CUSTOMER_TENURE", "status_flag_attrition": "Inactive", "AUM_reduction_threshold": 0.75, "forecast_horizon": 6, "observation_window": 6, "sum_list": ["CUSTOMER_SUMMARY_TOTAL_AMOUNT_OF_DEPOSITS", "CUSTOMER_SUMMARY_TOTAL_AMOUNT_OF_MARKET_CHANGE", "CUSTOMER_SUMMARY_NUMBER_OF_TRANSACTIONS"], "cat_threshold": 10, "cols_used_for_training": ["CUSTOMER_SUMMARY_FUNDS_UNDER_MANAGEMENT", "NUM_ACCOUNTS_WITH_INVESTMENT_OBJECTIVE_INCOME", "NUM_ACCOUNTS_WITH_INVESTMENT_OBJECTIVE_SECURITY", "NUM_ACCOUNTS_WITH_INVESTMENT_OBJECTIVE_PLANNING", "CUSTOMER_INTERNET_BANKING_INDICATOR", "NUM_ACCOUNTS_WITH_INVESTMENT_OBJECTIVE_GROWTH", "CUSTOMER_SUMMARY_NUMBER_OF_ACCOUNTS", "NUM_ACCOUNTS_WITH_RISK_TOLERANCE_LOW", "CUSTOMER_NUMBER_OF_DEPENDENT_CHILDREN", "NUM_ACCOUNTS_WITH_RISK_TOLERANCE_VERY_LOW", "NUM_ACCOUNTS_WITH_INVESTMENT_OBJECTIVE_SECURE_GROWTH", "CUSTOMER_ANNUAL_INCOME", "NUM_ACCOUNTS_WITH_RISK_TOLERANCE_MODERATE", "CUSTOMER_SUMMARY_AVERAGE_SENTIMENT_SCORE", "CUSTOMER_FAMILY_SIZE", "NUM_ACCOUNTS_WITH_RISK_TOLERANCE_HIGH", "CUSTOMER_SUMMARY_TOTAL_AMOUNT_OF_DEPOSITS", "TARGET", "CUSTOMER_SUMMARY_TOTAL_AMOUNT_OF_DEPOSITS_mean", "CUSTOMER_SUMMARY_TOTAL_AMOUNT_OF_DEPOSITS_std", "CUSTOMER_SUMMARY_TOTAL_AMOUNT_OF_DEPOSITS_min", "CUSTOMER_SUMMARY_TOTAL_AMOUNT_OF_DEPOSITS_max", "CUSTOMER_SUMMARY_FUNDS_UNDER_MANAGEMENT_mean", "CUSTOMER_SUMMARY_FUNDS_UNDER_MANAGEMENT_min", "CUSTOMER_SUMMARY_FUNDS_UNDER_MANAGEMENT_max", "CUSTOMER_SUMMARY_TOTAL_AMOUNT_OF_DEPOSITS_max_min_ratio", "CUSTOMER_SUMMARY_TOTAL_AMOUNT_OF_DEPOSITS_std_norm", "CUSTOMER_SUMMARY_TOTAL_AMOUNT_OF_DEPOSITS_current_vs_mean", "CUSTOMER_SUMMARY_TOTAL_AMOUNT_OF_DEPOSITS_current_vs_6_months_ago", "CUSTOMER_SUMMARY_TOTAL_AMOUNT_OF_DEPOSITS_sum", "CUSTOMER_TENURE", "CUSTOMER_AGE_RANGE_30 to 40", "CUSTOMER_AGE_RANGE_40 to 55", "CUSTOMER_AGE_RANGE_55 to 65", "CUSTOMER_AGE_RANGE_65 and over", "CUSTOMER_MARITAL_STATUS_Married", "CUSTOMER_MARITAL_STATUS_Single", "CUSTOMER_EDUCATION_LEVEL_High School", "CUSTOMER_EDUCATION_LEVEL_PhD", "CUSTOMER_EDUCATION_LEVEL_Professional", "CUSTOMER_EDUCATION_LEVEL_University", "CUSTOMER_GENDER_Male", "CUSTOMER_MARKET_GROUP_Gifting", "CUSTOMER_MARKET_GROUP_Spending", "CUSTOMER_MARKET_GROUP_Starting", "CUSTOMER_EMPLOYMENT_STATUS_Homemaker", "CUSTOMER_EMPLOYMENT_STATUS_Retired", "CUSTOMER_EMPLOYMENT_STATUS_Selfemployed", "CUSTOMER_EMPLOYMENT_STATUS_Unemployed", "CUSTOMER_URBAN_CODE_Rural", "CUSTOMER_URBAN_CODE_Urban"]}