PAT_ZIP,PAT_LAT,PAT_LONG
73949,36.56372419,-101.8954584
75001,32.89528185,-96.85748791
75002,33.08608452,-96.63990234
75006,32.91712972,-96.83450186
75007,32.90940476,-96.83933048
75009,33.30679102,-96.73405499
75010,33.03905885,-96.84242404
75013,33.06456719,-96.71063791
75019,32.95619942,-96.95455728
75020,33.69351959,-96.59971835
75021,33.77159232,-96.56494169
75022,32.99534207,-97.0781043
75023,33.05282945,-96.7414243
75024,33.0994446,-96.79197513
75025,33.07010427,-96.69759791
75028,33.04024187,-97.04202991
75032,32.86905374,-96.60120817
75034,33.16898644,-96.86373995
75035,33.18121705,-96.720068
75038,32.86231021,-96.95781226
75039,32.85527596,-96.85373962
75040,32.92730224,-96.62353913
75041,32.87453516,-96.73566593
75042,32.91129991,-96.63890775
75043,32.62708721,-96.77625365
75044,32.94874938,-96.67521271
75048,32.97393426,-96.60284396
75050,32.75319915,-96.99714117
75051,32.74125738,-96.98194849
75052,32.73623666,-96.99889675
75054,32.65853055,-97.02223057
75056,33.06526153,-96.90422189
75057,33.05178449,-96.99142445
75058,33.48258304,-96.71208581
75060,32.80698525,-96.910561
75061,32.82280454,-96.85852408
75062,32.84358666,-96.89942352
75063,32.88896586,-96.90657964
75065,33.08853579,-97.00883046
75067,33.01506408,-97.02662297
75068,33.18411145,-96.86408908
75069,33.20899725,-96.63284854
75070,33.19742356,-96.72257313
75071,33.18844304,-96.71023117
75074,33.02397346,-96.72290417
75075,32.95437354,-96.73109085
75076,33.77040005,-96.59695957
75077,33.05146625,-97.05864118
75078,33.21737496,-96.79489168
75080,32.89008601,-96.75505949
75081,32.89726116,-96.69404224
75082,32.9954179,-96.69998469
75087,32.90679228,-96.55373422
75088,32.86972532,-96.66874051
75089,32.8768181,-96.67582731
75090,33.63942266,-96.63907021
75092,33.65382042,-96.63874657
75093,32.98077069,-96.78390599
75094,33.03957258,-96.7016343
75098,32.94521127,-96.6020745
75103,32.74566959,-96.02698643
75104,32.67475809,-96.93617607
75109,32.07110517,-96.44391597
75110,32.06546008,-96.43344794
75114,32.5362214,-96.461664
75115,32.66400114,-96.85982938
75116,32.76881353,-96.81119213
75119,32.33399465,-96.65578784
75124,32.315,-95.99816947
75125,32.51752755,-96.740001
75126,32.79360438,-96.61946923
75132,32.89722805,-96.37993825
75134,32.7205866,-96.76018289
75135,33.10217895,-96.1619647
75137,32.61653929,-96.91025199
75140,32.65690539,-95.7179187
75141,32.74359042,-96.76520136
75142,32.56645916,-96.25418514
75143,32.36798075,-96.17788463
75144,32.093385,-96.18740359
75146,32.62789652,-96.72532132
75147,32.42242743,-96.06454018
75148,32.13002908,-96.01387351
75149,32.38938202,-96.82248002
75150,32.66479871,-96.74726947
75152,32.40563972,-96.65537865
75153,32.11531296,-96.19603967
75154,32.54539401,-96.83653202
75156,32.32350888,-96.09856568
75158,32.46086262,-96.41324742
75159,32.76580955,-96.67655226
75160,32.74572716,-96.23978072
75161,32.75401968,-96.23335474
75163,32.17674131,-96.11421065
75164,32.91184108,-96.265092
75165,32.38222002,-96.80949058
75166,32.92718914,-96.66969886
75167,32.41104098,-96.94535042
75169,32.67573554,-95.96831276
75172,32.57242089,-96.68104464
75173,33.05428691,-96.4061886
75180,32.27664749,-96.77298315
75181,32.21896518,-96.80402377
75182,32.1181354,-96.95066228
75189,32.93748605,-96.38142555
75201,32.82103622,-96.83972826
75202,32.82262799,-96.78970316
75203,32.7951534,-96.81914696
75204,32.79596354,-96.79556035
75205,32.8314481,-96.77459877
75206,32.83202496,-96.75933457
75207,32.86253174,-96.75866013
75208,32.80076734,-96.81019609
75209,32.81505751,-96.75781569
75210,32.82230966,-96.80741298
75211,32.74679341,-96.89942407
75212,32.8161788,-96.84290198
75214,32.80409916,-96.75450253
75215,32.80076376,-96.79089994
75216,32.80821084,-96.76997681
75217,32.7690009,-96.74992741
75218,32.86297957,-96.71782813
75219,32.81037395,-96.79873467
75220,32.84728996,-96.89113924
75223,32.82802013,-96.79282834
75224,32.81600534,-96.7144738
75225,32.84123067,-96.76365204
75226,32.83338407,-96.77948251
75227,32.5985477,-96.78413646
75228,32.83263565,-96.66268607
75229,32.82969429,-96.80441034
75230,32.83733634,-96.80444704
75231,32.81867468,-96.77081237
75232,32.8569371,-96.81089373
75233,32.82739805,-96.83136501
75234,32.85570613,-96.86390724
75235,32.77783007,-96.79663236
75236,32.75137877,-96.84854988
75237,32.69492237,-96.82042981
75238,32.86719505,-96.69910922
75240,32.85578874,-96.81567698
75241,32.77020088,-96.77750702
75243,32.89152091,-96.69443112
75244,32.86859607,-96.80627419
75246,32.81436469,-96.79614781
75247,32.84303852,-96.8982517
75248,32.81826805,-96.79925139
75249,32.76434726,-96.8628173
75251,32.8046857,-96.78057429
75252,32.9269079,-96.76046196
75253,32.49050654,-96.76079318
75254,32.89407529,-96.81035602
75270,32.82062662,-96.81092278
75287,32.96950862,-96.81143682
75390,32.80525219,-96.74914513
75401,33.14044549,-96.15017465
75402,33.11078196,-96.13563871
75407,33.09725265,-96.51786726
75409,33.35544463,-96.52842988
75414,33.61935142,-96.40762871
75416,33.67959669,-95.34527228
75417,33.45510727,-95.13621652
75418,33.56728124,-96.15824756
75422,33.11199346,-95.8975411
75423,33.27856332,-96.23296339
75424,33.1261944,-96.38183663
75426,33.64809538,-95.03647786
75428,33.27586053,-95.91023209
75431,32.99798721,-95.49457965
75432,33.44125101,-95.61498317
75438,33.60391558,-96.0888601
75439,33.57292774,-96.36353223
75440,32.85676361,-95.79259011
75442,33.15946262,-96.38088792
75446,33.62856968,-95.96303311
75452,33.34823065,-96.27192136
75453,32.92480977,-95.89299077
75454,33.21073265,-96.66263661
75455,33.21333861,-94.96761745
75457,33.18809091,-95.24240744
75459,33.61597472,-96.64815958
75460,33.68633115,-95.52931089
75462,33.57572236,-95.9071231
75469,33.45790569,-95.93078885
75472,32.92866667,-95.90219088
75473,33.73012459,-95.54119608
75474,32.92116721,-96.10473294
75477,33.55045755,-95.77527106
75479,33.6045217,-96.32930999
75482,33.15522683,-95.60369809
75487,33.34367701,-95.15045842
75489,33.5007816,-96.41909357
75490,33.40208943,-96.28842215
75491,33.53295786,-96.43309381
75492,33.61822546,-95.93584914
75494,32.98780275,-95.26539691
75495,33.47490286,-96.56133553
75496,33.3697866,-96.02368626
75501,33.39659248,-94.13527739
75503,33.4502478,-94.13534282
75550,33.46240074,-94.8763753
75551,33.17430556,-94.15540867
75556,33.19781079,-94.0640881
75559,33.58052654,-94.63492646
75560,33.22622082,-94.35921535
75561,33.45999218,-94.27002321
75563,33.01704485,-94.34482001
75566,33.15913996,-94.49261491
75567,33.29351151,-94.30941551
75568,33.18682177,-94.57534595
75569,33.45503624,-94.13161383
75570,33.48340266,-94.45733409
75571,33.18085279,-94.77275891
75572,33.16830962,-94.18522886
75601,32.50133557,-94.7668379
75602,32.50432939,-94.76211815
75603,32.51703634,-94.77397491
75604,32.50814775,-94.77746506
75605,32.50682377,-94.74076959
75630,32.90357711,-94.55040966
75631,32.29187375,-94.48612176
75633,32.15428131,-94.32416861
75638,33.02534143,-94.74401682
75644,32.73156669,-94.99304765
75647,32.53721554,-94.92188601
75650,32.48044521,-94.53853644
75652,32.19449655,-94.76002207
75654,32.1921773,-94.74965124
75656,33.01758122,-94.57822051
75657,32.81748311,-94.35405659
75661,32.60568013,-94.17904266
75662,32.38681103,-94.86560545
75668,32.90255438,-94.67864573
75670,32.52900169,-94.35954403
75672,32.53961783,-94.37059284
75681,31.88142315,-94.61717639
75682,32.24169516,-94.94190254
75683,32.78024604,-94.76978594
75684,32.25727425,-94.97137585
75686,32.98702545,-94.94340327
75691,32.32525103,-94.5118095
75692,32.46467784,-94.08510043
75693,32.50520364,-94.78685027
75701,32.31309876,-95.3137768
75702,32.30560631,-95.27327115
75703,32.31249989,-95.32834181
75704,32.3731596,-95.33508926
75706,32.34268711,-95.31332987
75707,32.34015225,-95.32635974
75708,32.30932839,-95.3200001
75709,32.34740205,-95.32073744
75750,32.26983952,-95.00783858
75751,32.15104088,-95.87306594
75752,32.16972372,-95.87122909
75756,32.31269799,-95.61922065
75757,32.11479537,-95.34208916
75758,32.27020832,-95.51223032
75760,31.75905513,-94.82573995
75762,32.36223271,-95.34258702
75763,32.04678952,-95.54092901
75765,32.64093283,-95.24866908
75766,31.94806135,-95.28235521
75771,32.53391268,-95.4253868
75773,32.68351908,-95.44695337
75778,32.21094237,-95.75664607
75783,32.84693186,-95.51423528
75784,31.84435917,-94.93196742
75785,31.77180478,-95.18970995
75789,32.09573119,-95.11773221
75790,32.54430884,-95.69002649
75791,32.30057029,-95.28155168
75801,31.80925912,-95.62483809
75803,31.79976563,-95.62126308
75831,31.48764977,-96.00888195
75833,31.22443721,-95.86592877
75835,31.28964041,-95.4418809
75840,31.75298574,-96.12382549
75844,31.49127407,-95.42960052
75845,31.0764416,-95.18193867
75846,31.30722362,-96.19099
75848,31.83317162,-96.37574727
75859,31.90373224,-96.25048116
75860,31.61775381,-96.24918435
75901,31.2777615,-94.74055082
75904,31.31189809,-94.77667237
75925,31.60053751,-95.11223251
75931,31.09710441,-94.04088465
75935,31.77146091,-94.19213329
75936,30.91474183,-94.56590457
75937,31.49668126,-94.37126554
75939,31.02986517,-94.78974129
75941,31.28467237,-94.75868538
75946,31.78399217,-94.48917859
75948,31.3052361,-93.80421773
75951,30.97184878,-94.03599253
75954,31.91486727,-94.05457976
75956,30.68270182,-93.98016531
75961,31.61758619,-94.64223652
75962,31.61201027,-94.65191524
75964,31.64932205,-94.6451479
75965,31.6138602,-94.60327112
75966,30.84307865,-93.7286688
75968,31.32997834,-93.9388729
75972,31.48964668,-94.12343782
75974,31.92579329,-94.27708497
75975,31.89122931,-94.37718573
75979,30.73067315,-94.40675309
76001,32.63961903,-97.09982437
76002,32.63626624,-97.07862018
76006,32.72571315,-97.17973817
76008,32.74809452,-97.43669073
76009,32.46495723,-97.31302006
76010,32.66461243,-97.06054946
76011,32.70174885,-97.08658858
76012,32.75401967,-97.2206476
76013,32.72612036,-97.22932108
76014,32.69973018,-97.13150046
76015,32.6858982,-97.11656223
76016,32.70615548,-97.11969269
76017,32.69813534,-97.14687733
76018,32.6862452,-97.07566
76020,32.85005479,-97.44407352
76021,32.86017464,-97.11360823
76022,32.84263354,-97.15890283
76023,33.11884843,-97.20618262
76028,32.59250958,-97.31665496
76031,32.40113301,-97.3277732
76033,32.32911232,-97.4412272
76034,32.85929129,-97.13728121
76035,32.67952787,-97.64206454
76036,32.61285297,-97.37707482
76039,32.81829277,-97.20969193
76040,32.77046881,-97.17301104
76044,32.44631328,-97.49894977
76048,32.45986422,-97.74594404
76049,32.45636289,-97.7606091
76050,32.32324415,-97.2175788
76051,32.90483164,-97.16127895
76052,32.76558578,-97.30631423
76053,32.82614157,-97.21048226
76054,32.86675634,-97.15058157
76055,32.20120717,-97.18203524
76058,32.42129794,-97.40356774
76059,32.393837,-97.26325995
76060,32.7314272,-97.21184858
76063,32.6388138,-97.08105664
76065,32.54765143,-96.99896888
76067,32.84221664,-97.96584152
76071,32.87309641,-97.43708607
76077,32.22575748,-97.72719045
76078,33.14022912,-97.47337016
76082,32.96663115,-97.70275283
76084,32.57561541,-97.06218272
76085,32.77421656,-97.74987845
76086,32.77367645,-97.76724278
76087,32.71068304,-97.74774027
76088,32.81291641,-97.91830838
76092,32.95852098,-97.12242844
76093,32.31059863,-97.53816422
76102,32.78413622,-97.31679811
76103,32.78814776,-97.34575454
76104,32.8048752,-97.32964538
76105,32.74379285,-97.36747121
76106,32.80353895,-97.33417788
76107,32.75646854,-97.34191387
76108,32.74289787,-97.36024901
76109,32.79032667,-97.30996063
76110,32.76274283,-97.31538989
76111,32.79672031,-97.29475903
76112,32.74237001,-97.21164701
76114,32.79188515,-97.36528982
76115,32.76541975,-97.33453658
76116,32.76669423,-97.32972379
76117,32.833119,-97.25999743
76118,32.79584061,-97.26292975
76119,32.73083379,-97.21100787
76120,32.73648229,-97.17271906
76123,32.77540146,-97.34982618
76126,32.76495529,-97.35769972
76127,32.74756688,-97.32770753
76129,32.77370097,-97.28317719
76131,32.81026249,-97.34427504
76132,32.75636706,-97.36670154
76133,32.75958007,-97.29670858
76134,32.77314423,-97.31723288
76135,32.4457713,-97.38422167
76137,32.82542757,-97.28558109
76140,32.70234761,-97.29967814
76148,32.85144155,-97.27738696
76155,32.85241507,-97.18086964
76164,32.79391051,-97.30086491
76177,32.77375105,-97.29388855
76179,32.81938837,-97.34975559
76180,32.84865209,-97.2155821
76182,32.86956287,-97.20669368
76201,33.24582606,-97.17552915
76205,33.23367138,-97.1452822
76207,33.24169109,-97.18325679
76208,33.19889072,-97.10422532
76209,33.23522033,-97.10386858
76210,33.19017501,-97.08511205
76226,33.1205408,-97.12729975
76227,33.23670661,-96.97737237
76228,33.66651565,-98.06408032
76230,33.54021514,-97.92377109
76233,33.52776143,-96.83545246
76234,33.25878129,-97.51093514
76240,33.64298435,-97.19743523
76244,32.80263814,-97.31496041
76247,32.90139869,-97.2606924
76248,32.87170811,-97.25724707
76249,33.2440917,-97.20533525
76250,33.63624943,-97.16028023
76252,33.7252322,-97.38306349
76255,33.83854032,-97.77850554
76258,33.29348274,-97.02762998
76259,33.21854632,-97.17098858
76262,32.9482106,-97.21414608
76265,33.76079692,-97.5349874
76266,33.26346631,-97.15574933
76271,33.44976755,-96.8784379
76273,33.7517999,-96.93173115
76301,33.96165653,-98.49913662
76302,33.91741272,-98.49971572
76305,33.92768129,-98.54502187
76306,33.89465107,-98.53027429
76308,33.92778049,-98.51999246
76309,33.92921829,-98.54457466
76310,33.91361339,-98.54224413
76311,33.93621981,-98.48302656
76354,34.01613427,-98.45869292
76357,33.99281518,-98.25616148
76360,33.97999982,-98.86622071
76363,33.48234838,-99.50817319
76365,33.81808372,-98.22876633
76367,33.9322745,-98.53981128
76372,33.25059796,-98.91435901
76377,34.03695726,-98.28654236
76379,33.67047405,-98.50953004
76380,33.55131146,-99.21079367
76384,34.135154,-99.31318787
76401,32.24746889,-98.21291312
76402,32.24152259,-98.22316549
76424,32.80350349,-98.8817645
76426,33.20424076,-97.83830667
76430,32.76029093,-99.30856485
76431,33.26928553,-97.8281495
76432,31.83531296,-98.83992467
76437,32.38508736,-99.03071449
76442,31.91663016,-98.63952539
76443,32.16103672,-99.25796767
76446,32.10212439,-98.36142531
76448,32.3870311,-98.81238078
76449,32.87368177,-98.33711713
76450,33.05149444,-98.63206246
76453,32.55207905,-98.32096487
76454,32.2047541,-98.72786955
76458,33.31191433,-98.15006306
76462,32.48686629,-98.00629366
76463,32.48734883,-98.42616998
76470,32.48412792,-98.67954185
76471,32.14947046,-98.96227767
76475,32.66792434,-98.50723523
76483,33.23238167,-99.2533135
76501,31.13115222,-97.34934549
76502,31.05342099,-97.42828771
76504,31.1101331,-97.3787813
76508,31.08151544,-97.3559838
76511,30.80830433,-97.43547949
76513,31.0761419,-97.49785566
76518,30.91735604,-97.1202966
76520,30.87462243,-96.93193649
76522,31.13215457,-97.88236698
76524,31.37093285,-97.21248453
76527,30.88797172,-97.79096943
76528,31.46100152,-97.73646779
76530,30.73883251,-97.3684975
76531,31.68188167,-98.14502152
76534,30.86584758,-97.40244148
76541,31.07120836,-97.71371799
76542,31.09939195,-97.75153948
76543,31.06321869,-97.65742039
76544,31.07192576,-97.73104982
76548,31.05598055,-97.68796536
76549,31.06664407,-97.74102001
76550,31.09917872,-98.20585541
76554,31.04625925,-97.39754961
76556,30.67739211,-96.85965008
76557,31.1883263,-97.36876131
76559,31.06336379,-97.59231695
76561,31.43365117,-97.36646687
76567,30.64470089,-97.00671972
76571,31.0560112,-97.66591532
76574,30.56729435,-97.42133216
76578,30.49837983,-97.23244232
76579,31.1421364,-97.32428217
76596,31.44926214,-97.7347579
76597,31.44396284,-97.66449456
76598,31.45806657,-97.73125035
76599,31.45701067,-97.73699783
76621,31.84086988,-97.0857175
76626,32.1304624,-96.72884139
76630,31.38315799,-97.21229416
76632,31.27374988,-97.04006012
76633,31.5310966,-97.18594356
76634,31.84072967,-97.54620753
76635,31.74933692,-96.69450569
76638,31.5389539,-97.17079432
76639,31.87152247,-96.68714271
76640,31.568876,-97.15146672
76641,32.03797276,-96.85623172
76642,31.5127139,-96.5643764
76643,31.51056172,-97.18150617
76645,31.99994344,-97.10049533
76648,31.88921499,-96.85137863
76649,31.98543087,-97.85041338
76651,32.17514042,-96.9766543
76653,31.30835094,-96.59096683
76655,31.4862623,-97.15936025
76657,31.52699039,-97.28437736
76661,31.33605961,-96.86474931
76664,31.58521128,-96.76429373
76665,31.97483978,-97.6338531
76666,32.03537776,-96.90864881
76667,31.67077052,-96.51692861
76676,31.71703599,-96.86713239
76682,31.4347917,-96.93724814
76686,31.80006004,-96.56514299
76689,31.66038582,-97.46816288
76691,31.78315405,-97.09362984
76692,31.89268977,-97.30965384
76693,31.79784127,-96.38364885
76701,31.53176144,-97.19506337
76704,31.54443961,-97.17678474
76705,31.59361984,-97.13854276
76706,31.49470295,-97.18777491
76707,31.53203494,-97.16458487
76708,31.56238584,-97.20676974
76710,31.54683475,-97.22241332
76711,31.51835623,-97.17515135
76712,31.50280936,-97.20554996
76798,31.54279681,-97.16612413
76801,31.74826978,-98.97970928
76802,31.73985721,-98.97070465
76821,31.74183973,-99.89438516
76823,31.74749169,-99.12759502
76825,31.11092232,-99.44699716
76834,31.85673195,-99.4955008
76837,31.21581582,-99.89824134
76844,31.40570435,-98.56755888
76849,30.45963719,-99.85150618
76853,31.22726351,-98.41098492
76856,30.68810748,-99.28344513
76858,31.15148293,-99.63712344
76859,30.90086788,-99.81861101
76861,31.60150017,-100.1519427
76864,31.53942848,-98.77049004
76877,31.16528305,-98.74342585
76878,31.74683817,-99.28760137
76901,31.43201886,-100.4598971
76903,31.46838561,-100.4903773
76904,31.44823978,-100.5430279
76905,31.43330733,-100.5103619
76908,31.46650206,-100.5540179
76932,31.21085786,-101.4890547
76933,31.84821889,-100.2774922
76936,30.87793124,-100.607993
76943,30.53664016,-101.2975041
76945,31.84727548,-100.6128646
76950,30.55764712,-100.6294393
76951,31.83125933,-101.0396871
77002,29.78504625,-95.36537403
77003,29.77507736,-95.46515737
77004,29.82368756,-95.39687473
77005,29.77533239,-95.39951521
77006,29.75538758,-95.42888895
77007,29.86251392,-95.4860386
77008,29.81707301,-95.40830074
77009,29.76886678,-95.39857799
77010,29.81010722,-95.37158054
77011,29.79928723,-95.45561057
77012,29.79325468,-95.39370278
77013,29.81526923,-95.38826039
77014,29.79811012,-95.42372397
77015,29.79847797,-95.34263715
77016,29.80659606,-95.36904736
77017,29.82170331,-95.49463922
77018,29.83925433,-95.41295803
77019,29.80602424,-95.47200271
77020,29.81096093,-95.4111923
77021,29.77053011,-95.42980879
77022,29.79455391,-95.39420229
77023,29.77702518,-95.39812342
77024,29.77608503,-95.45520653
77025,29.77363041,-95.39244268
77026,29.79651485,-95.42608399
77027,29.80191883,-95.40942042
77028,29.73095779,-95.39578742
77029,29.78936364,-95.32112983
77030,29.80041716,-95.42433323
77031,29.7352514,-95.36888541
77032,29.79288111,-95.39045649
77033,29.74899872,-95.41139033
77034,29.79332831,-95.42099911
77035,29.7196806,-95.42765687
77036,29.79695853,-95.43025226
77037,29.79445858,-95.3941364
77038,29.79610397,-95.39717394
77039,29.77389614,-95.40623613
77040,29.79736378,-95.41488462
77041,29.76987679,-95.46306587
77042,29.80096954,-95.42372671
77043,29.80410936,-95.42996295
77044,29.79447157,-95.40736611
77045,29.78226131,-95.43113388
77046,29.80923443,-95.41903316
77047,29.71398136,-95.39446327
77048,29.80258168,-95.39031077
77049,29.8367616,-95.43880744
77050,29.82006133,-95.42295347
77051,29.79552984,-95.37550578
77053,29.77478272,-95.42051959
77054,29.82904504,-95.39487649
77055,29.78514359,-95.3435586
77056,29.79952073,-95.4034533
77057,29.80099884,-95.39075716
77058,29.71217976,-95.24603634
77059,29.74261619,-95.27352375
77060,29.82042029,-95.43376929
77061,29.82778914,-95.3633472
77062,29.76500005,-95.34177123
77063,29.7670231,-95.38925459
77064,29.76911467,-95.43793981
77065,29.77967629,-95.40410625
77066,29.7976653,-95.39594343
77067,29.79007653,-95.41182041
77068,29.80965487,-95.37594704
77069,29.83399961,-95.42277533
77070,29.78588084,-95.42089696
77071,29.74638168,-95.40771092
77072,29.79412721,-95.44092852
77073,29.80929669,-95.37225776
77074,29.83835328,-95.40683547
77075,29.77562733,-95.39572569
77076,29.81054027,-95.34512873
77077,29.77220888,-95.39374588
77078,29.81574131,-95.36824425
77079,29.82908282,-95.43038902
77080,29.83573651,-95.38201994
77081,29.77987433,-95.42443351
77082,29.76330407,-95.39380097
77083,29.74815276,-95.43546499
77084,29.79985507,-95.41128773
77085,29.74167835,-95.43863697
77086,29.79951576,-95.38567433
77087,29.77241037,-95.40401392
77088,29.77274591,-95.4190184
77089,29.62103738,-95.34730957
77090,29.79508253,-95.40903887
77091,29.8258022,-95.42168696
77092,29.81869927,-95.37600854
77093,29.75606066,-95.40849675
77094,29.81244163,-95.41250254
77095,29.77512753,-95.42704408
77096,29.82195041,-95.4480232
77098,29.83603125,-95.41326933
77099,29.81370968,-95.43748502
77201,29.82082357,-95.47377593
77301,30.27062186,-95.45270559
77302,30.30439107,-95.43041752
77303,30.32199905,-95.44388836
77304,30.31208885,-95.49294525
77306,30.27886244,-95.30449042
77316,30.35329328,-95.67105505
77318,30.39134755,-95.46794151
77320,30.73503812,-95.54180224
77327,30.31646235,-95.06192508
77328,30.3637259,-95.12806263
77331,30.59253816,-95.15794746
77336,29.76666904,-95.40997011
77338,29.84476136,-95.4185915
77339,29.79916575,-95.40440588
77340,30.71304031,-95.5475995
77342,30.71468242,-95.53623439
77345,29.82883155,-95.42766955
77346,29.78406221,-95.40880014
77351,30.72233044,-94.82167634
77354,30.14515469,-95.68201836
77355,30.10138072,-94.78459896
77356,30.3234033,-95.46465412
77357,29.86397878,-95.37525726
77360,30.86726312,-95.10564739
77362,30.15892726,-95.66975906
77365,29.76651299,-95.40586505
77367,30.81746662,-95.54609108
77371,30.46627869,-94.978765
77372,30.28820312,-95.15569392
77373,29.79663448,-95.35911754
77375,29.83825645,-95.45931005
77377,29.89801237,-95.48393955
77378,30.34411499,-95.45376094
77379,29.78470448,-95.34048996
77380,30.12898582,-95.36404229
77381,30.16185766,-95.42785854
77382,30.28992786,-95.54492213
77384,30.29959892,-95.49563617
77385,30.28908288,-95.5073585
77386,29.8436607,-95.35911187
77388,29.79366927,-95.44576922
77396,29.82807738,-95.3636961
77401,29.76568769,-95.40365397
77406,29.76715746,-95.52179066
77407,29.81330856,-95.41523927
77414,28.97304487,-95.88750787
77417,29.45859774,-95.85201871
77418,29.99578209,-96.25310725
77422,29.0322935,-95.48445059
77423,29.85696197,-95.96566761
77428,28.65318329,-96.16506367
77429,29.79407321,-95.40809173
77433,29.8129708,-95.39826415
77434,29.54969559,-96.29488369
77435,29.53906421,-96.0601227
77437,29.21074281,-96.23184251
77441,29.66401771,-95.87535893
77445,30.09562914,-95.99480152
77446,30.09104116,-95.99635141
77447,29.76303038,-95.40434012
77449,29.79095562,-95.41645793
77450,29.77952233,-95.37436435
77459,29.57760486,-95.56454795
77461,29.44386482,-95.84049165
77465,28.69609867,-96.21958135
77466,29.79791555,-96.01233572
77469,29.5284044,-95.66085482
77471,29.46572057,-95.8359595
77473,29.74975808,-96.11060746
77474,29.77427009,-96.18554335
77477,29.6609521,-95.51204616
77478,29.68474768,-95.51897538
77479,29.57444648,-95.63723571
77480,29.10879517,-95.78167759
77481,29.46092069,-95.59545547
77484,29.85606612,-95.53550263
77485,29.58354051,-95.99924527
77486,29.14396271,-95.6892
77488,29.31234617,-96.06348664
77489,29.68138418,-95.49478264
77493,29.79353069,-95.54759123
77494,29.8119073,-95.5736254
77498,29.69474712,-95.53096578
77502,29.65212624,-95.15361258
77503,29.73500247,-95.28606622
77504,29.73736965,-95.30214209
77505,29.66225015,-95.11578937
77506,29.7446588,-95.28859057
77507,29.65113761,-95.12161243
77510,29.39445727,-95.05375436
77511,29.46133208,-95.24480071
77514,29.68388455,-94.65296832
77515,29.15739153,-95.45760679
77517,29.4419094,-95.12017402
77518,29.41294949,-94.98329573
77520,29.76747659,-95.21898776
77521,29.78226663,-94.95825106
77523,29.77982669,-94.9327407
77530,29.76216733,-95.40965135
77531,29.03955112,-95.4011216
77532,29.76138061,-95.47193982
77534,29.26213175,-95.29495716
77535,30.0415435,-94.88568269
77536,29.70713963,-95.2169117
77538,29.99603195,-94.54517375
77539,29.42457294,-95.09233191
77541,29.06081981,-95.31578047
77545,29.51727656,-95.40785415
77546,29.6260934,-95.24122247
77547,29.78592327,-95.42192975
77550,29.27388753,-94.86112474
77551,29.2662141,-94.8671801
77554,29.3079409,-94.89710901
77562,29.77348273,-94.97541813
77563,29.34633594,-95.05051241
77565,29.49663145,-95.08675802
77566,29.03846648,-95.43504302
77568,29.39293846,-95.03011309
77571,29.71347782,-95.20273586
77573,29.48550921,-95.13461477
77575,30.047466,-94.8771404
77577,29.34743848,-95.34050942
77578,29.48996334,-95.37985405
77580,29.95264476,-94.88201184
77581,29.53900748,-95.3348274
77583,29.47917051,-95.37022527
77584,29.4479048,-95.32755118
77586,29.61924009,-95.08941581
77587,29.76093547,-95.32887417
77590,29.39570803,-94.99389849
77591,29.3876478,-94.98978024
77598,29.60140798,-95.26911035
77611,30.00109798,-93.88219523
77613,30.00501396,-94.29576755
77619,29.94174388,-93.92561222
77625,30.29485397,-94.27885505
77627,29.99800933,-94.05609375
77630,30.03683387,-94.04595943
77632,30.12700413,-93.80989315
77640,29.94624949,-93.93581501
77642,29.96299512,-93.95217638
77651,29.92902609,-93.94790313
77655,29.88775784,-93.99878755
77656,30.41200518,-94.16561468
77657,30.23558894,-94.1876354
77659,30.15089546,-94.39576282
77662,30.17591741,-94.01371543
77701,30.09426191,-94.13933614
77702,30.08218065,-94.1426374
77703,30.08605658,-94.13340715
77705,30.01720709,-94.08409414
77706,30.07450201,-94.14448317
77707,30.07357184,-94.14956914
77708,30.03813255,-94.15246482
77713,30.07245038,-94.15886726
77801,30.64825782,-96.34688116
77802,30.64549165,-96.33808819
77803,30.65496254,-96.36626567
77807,30.64185779,-96.33903335
77808,30.64274424,-96.33529164
77833,30.19414481,-96.41120576
77836,30.5518408,-96.73188442
77837,30.99097392,-96.69922973
77840,30.63827533,-96.36666106
77845,30.63832797,-96.35248441
77859,30.83265794,-96.55450789
77864,30.9742819,-95.91451856
77868,30.36047884,-96.06967746
77878,30.43585003,-96.46948089
77879,30.34344535,-96.57945242
77901,28.86003062,-96.97093154
77904,28.8297649,-96.9952311
77905,28.84661236,-96.98730452
77954,29.11540617,-97.26950378
77957,29.02221163,-96.68395332
77962,29.02969651,-96.48713584
77963,28.65692638,-97.42395322
77964,29.41817979,-96.90878544
77968,28.86055167,-96.98284873
77978,28.64404189,-96.56190029
77979,28.59317114,-96.59632213
77984,29.47079617,-97.16131251
77995,29.20915415,-97.07081198
78006,29.79558088,-98.68222784
78009,29.32041317,-98.8980291
78011,28.80185646,-98.72110335
78014,28.42517983,-99.19436974
78015,29.82177595,-98.65702896
78016,29.17438267,-98.97677388
78017,28.73442629,-99.19162307
78019,28.01634669,-99.36404639
78022,28.26757815,-98.12859799
78023,29.49297727,-98.56494105
78025,30.07749029,-99.2239531
78026,28.86130138,-98.57343821
78028,30.04924559,-99.1314831
78039,29.34047676,-98.82179568
78040,27.56334365,-99.46017768
78041,27.56141343,-99.45201794
78043,27.53459337,-99.39611521
78045,27.58134971,-99.47122571
78046,27.54256047,-99.44952652
78052,29.20617282,-98.77758796
78056,29.48900257,-98.47892547
78059,29.21988536,-98.83300993
78061,28.87635355,-99.11545284
78064,28.95851189,-98.43783341
78065,29.11364201,-98.66969188
78069,29.20178102,-98.67359157
78070,29.83873102,-98.41663461
78072,28.3118488,-98.57944675
78073,29.46618001,-98.51632919
78076,26.92082894,-99.15300536
78102,28.41278103,-97.69554666
78108,29.55128422,-98.23745766
78109,29.49786189,-98.48256654
78112,29.44132484,-98.49594804
78113,28.87147072,-98.21013921
78114,29.14966611,-98.19831985
78118,28.82516859,-98.03998955
78119,28.77657548,-97.86750282
78121,29.34150196,-98.0757635
78123,29.59502128,-97.96290226
78124,29.58777357,-98.2258553
78130,29.73777739,-98.15655495
78132,29.70651433,-98.17919731
78140,29.28843791,-97.73521091
78147,29.06334595,-98.07048884
78148,29.56971176,-98.28976331
78151,28.8494304,-97.66652535
78152,29.40984194,-98.21300766
78154,29.51479536,-98.35929386
78155,29.5920569,-97.97630655
78160,29.26230923,-97.9448246
78163,29.75661557,-98.54753369
78164,29.00798131,-97.51278509
78201,29.441015,-98.53969394
78202,29.46543158,-98.51656573
78203,29.45102235,-98.50376211
78204,29.45195665,-98.49719783
78205,29.46031465,-98.50973081
78207,29.43584883,-98.48391736
78208,29.46558698,-98.53349287
78209,29.45628181,-98.48898223
78210,29.4752924,-98.51601409
78211,29.4526572,-98.50771524
78212,29.45611942,-98.52203552
78213,29.49779091,-98.52847899
78214,29.46581889,-98.52701158
78215,29.45200109,-98.53858779
78216,29.46762395,-98.52624563
78217,29.47309846,-98.5543668
78218,29.47989437,-98.47881256
78219,29.45413956,-98.51408481
78220,29.47706552,-98.53580841
78221,29.4559822,-98.53134775
78222,29.46422967,-98.50837303
78223,29.43998214,-98.51264032
78224,29.4412181,-98.49785179
78225,29.46147336,-98.52859294
78226,29.45528868,-98.52128872
78227,29.45828826,-98.54909215
78228,29.46478849,-98.51718602
78229,29.44666169,-98.53459491
78230,29.4851359,-98.50897224
78231,29.47017768,-98.52704255
78232,29.48536897,-98.49671355
78233,29.49833848,-98.41573343
78234,29.44918393,-98.55352103
78235,29.4451186,-98.5426454
78236,29.46837346,-98.49500128
78237,29.43682722,-98.54103209
78238,29.48344529,-98.54572533
78239,29.44836856,-98.48708264
78240,29.48675009,-98.52582039
78242,29.47905754,-98.5573381
78243,29.44302479,-98.53606238
78244,29.46812709,-98.48216561
78245,29.45851246,-98.50442763
78247,29.47354099,-98.50990839
78248,29.48556884,-98.51927473
78249,29.46492876,-98.51899622
78250,29.47674185,-98.49064768
78251,29.47154447,-98.52447655
78252,29.46998941,-98.52025862
78253,29.45332462,-98.5174512
78254,29.46665844,-98.53189709
78255,29.42458747,-98.52389652
78256,29.46931367,-98.52011756
78257,29.47091022,-98.49125343
78258,29.4868698,-98.51675326
78259,29.42306049,-98.46353691
78260,29.44792145,-98.48032191
78263,29.44634048,-98.52984976
78264,29.48275247,-98.53346691
78266,29.52278492,-98.48637504
78330,31.62528238,-106.1213054
78332,27.68711806,-98.16438493
78335,27.89899428,-97.15398114
78336,27.88648102,-97.17621142
78340,28.0744832,-97.21858634
78343,27.61241629,-97.78324256
78355,27.20875818,-98.218759
78357,27.87938767,-98.60757835
78361,27.04290997,-98.75919138
78362,27.81139154,-97.35150319
78363,27.45857796,-97.85348023
78368,28.49744255,-97.7560671
78370,27.81376289,-97.46890522
78372,27.9804576,-98.06375919
78373,27.79807947,-97.37535972
78374,27.84762958,-97.38165235
78375,27.38983748,-98.13992753
78377,28.2921947,-97.16603962
78380,27.78025552,-97.52619875
78382,28.06436184,-97.10078955
78384,27.87034594,-98.397591
78385,27.11689504,-97.89762009
78387,28.12416608,-97.56387785
78390,27.93668942,-97.36340762
78393,28.20884471,-97.36408551
78401,27.76203849,-97.37254357
78402,27.77052892,-97.43383895
78404,27.77976017,-97.41062671
78405,27.77250453,-97.47900466
78406,27.74584217,-97.39559883
78407,27.75657209,-97.44032272
78408,27.76196367,-97.38661042
78409,27.79429293,-97.49897647
78410,27.7743374,-97.47086358
78411,27.77409899,-97.42973774
78412,27.76279406,-97.3637004
78413,27.78227541,-97.44968403
78414,27.77662313,-97.36872383
78415,27.78402279,-97.43048427
78416,27.76066171,-97.40358826
78417,27.76259841,-97.40255148
78418,27.77435946,-97.45353103
78419,27.76636832,-97.39343657
78501,26.20562045,-98.22908823
78503,26.25280076,-98.25802547
78504,26.29644714,-98.22785449
78516,26.19938347,-98.21516922
78520,26.03050062,-97.45742946
78521,26.06229153,-97.48953015
78526,26.04103523,-97.46737278
78535,26.21568955,-97.73793289
78537,26.14879348,-98.09194064
78538,26.36299062,-97.95272819
78539,26.31321731,-98.22698235
78541,26.31542101,-98.21976695
78542,26.37305286,-98.19308688
78543,26.29476717,-97.99799647
78545,28.51879517,-98.44057496
78548,26.23855463,-98.60428158
78550,26.2021123,-97.67231955
78552,26.18633211,-97.69963907
78557,26.11908807,-98.23593516
78559,26.15367128,-97.83385414
78560,26.26078538,-98.49714232
78562,26.28381264,-97.90172264
78566,26.13887065,-97.55225292
78569,26.44795172,-97.70707084
78570,26.16657406,-97.94702337
78572,26.26506993,-98.30908143
78573,26.28067549,-98.30375133
78574,26.26283247,-98.35330919
78575,26.02689077,-97.424907
78576,26.26950605,-98.45656004
78577,26.19344123,-98.22102452
78578,26.04560053,-97.45470694
78579,26.10783007,-97.98326706
78580,26.47679511,-97.74694362
78582,26.48454676,-98.79373412
78583,26.06860414,-97.47343347
78584,28.50904218,-98.03245477
78586,26.12283662,-97.5799371
78589,26.29354119,-98.43573624
78593,26.54186157,-98.7052238
78595,26.29012642,-98.56087299
78596,26.15887082,-97.95063233
78597,26.23185022,-97.28921372
78602,30.10914397,-97.33557156
78605,30.82316687,-98.21194437
78606,30.10824508,-98.40145823
78610,30.17985862,-97.80966782
78611,30.81613536,-98.27080839
78613,30.45737444,-97.80255138
78617,30.34965453,-97.75925381
78619,30.16145575,-98.07376554
78620,30.07414947,-98.03990091
78621,30.34102208,-97.41257677
78624,30.31830824,-98.93770411
78626,30.60096299,-97.69311012
78628,30.58215851,-97.73239456
78629,29.49357593,-97.44829992
78633,30.64139899,-97.71306067
78634,30.52915256,-97.5621794
78636,30.36306777,-98.43824805
78640,30.0518701,-97.82930913
78641,30.44242738,-97.79638648
78642,30.67531749,-97.76714447
78643,30.68919433,-98.68457167
78644,29.88655081,-97.63630548
78645,29.71698393,-98.14445536
78648,29.68841318,-97.64118314
78652,30.27530437,-97.7773984
78653,30.36658283,-97.65612397
78654,30.5730942,-98.22315744
78655,29.85536489,-97.88675638
78656,29.87491486,-97.90283266
78657,30.54047645,-98.34713887
78660,30.42479175,-97.68735871
78663,30.44139204,-98.40434722
78664,30.42762641,-97.66661382
78665,30.59160812,-97.68349117
78666,29.87887814,-97.89262512
78669,30.06544504,-98.14050963
78676,29.96085354,-98.06842114
78681,30.40722641,-97.75030873
78701,30.33799039,-97.75970033
78702,30.31092546,-97.75743866
78703,30.31220365,-97.75973802
78704,30.34981494,-97.79802932
78705,30.30523835,-97.77335205
78712,30.27829697,-97.77630477
78717,30.45160321,-97.74943441
78719,30.31365495,-97.72855931
78721,30.30757107,-97.76953431
78722,30.30055343,-97.71790259
78723,30.277556,-97.78294893
78724,30.29931522,-97.74573221
78725,30.29031224,-97.74000237
78726,30.38946396,-97.79600523
78727,30.31031579,-97.75918075
78728,30.41419106,-97.74247153
78729,30.30720477,-97.74356681
78730,30.29801681,-97.79761527
78731,30.33468156,-97.75522667
78732,30.35333028,-97.7526619
78733,30.31751218,-97.76799719
78734,30.35598718,-97.83823611
78735,30.28053613,-97.75593416
78736,30.31897722,-97.76513654
78737,30.33998656,-97.77414559
78738,30.3303055,-97.84872411
78739,30.27363943,-97.79046861
78741,30.33735672,-97.75320168
78742,30.3227694,-97.72289962
78744,30.31744131,-97.76814189
78745,30.32929797,-97.76776106
78746,30.3194385,-97.75406155
78747,30.30923838,-97.75473561
78748,30.30233618,-97.77993663
78749,30.31920024,-97.75695502
78750,30.38403724,-97.76568149
78751,30.33302562,-97.74618498
78752,30.29246258,-97.75225698
78753,30.30375422,-97.7658738
78754,30.31725346,-97.79956071
78756,30.26813527,-97.77884288
78757,30.3098618,-97.75463524
78758,30.32875336,-97.762994
78759,30.27061798,-97.73711732
78801,29.35203147,-99.88496067
78827,28.4164928,-99.74360519
78832,29.30160966,-100.4413044
78834,28.51527961,-99.90271187
78839,28.73585897,-99.80790216
78840,29.566907,-100.8690312
78852,28.71952452,-100.3939317
78861,29.37952616,-99.09851053
78873,29.77865438,-99.75250352
78881,29.3840861,-99.50492863
78934,29.68954263,-96.60923847
78940,29.96526657,-96.66804928
78941,29.81197158,-97.1280805
78942,30.17300601,-96.94597699
78943,29.7619185,-96.512619
78944,30.05359269,-96.55783196
78945,29.98621647,-96.87195388
78947,30.41377007,-97.0684741
78956,29.72006551,-96.892554
78957,30.02534668,-97.17444801
78959,29.68332824,-97.32036303
78962,29.70668687,-96.73141817
79005,36.41155822,-100.4979727
79007,35.6975662,-101.4033106
79009,34.54090842,-102.8870117
79013,36.05828476,-101.995864
79014,35.93450159,-100.3066345
79015,34.91908274,-101.9117184
79016,34.9458357,-101.9162077
79019,35.01793685,-101.387501
79022,36.16469832,-102.5725755
79024,36.40670371,-100.3252314
79027,34.64186431,-102.2872715
79029,35.87753994,-101.9811382
79031,34.2914306,-102.4814662
79034,36.38795436,-100.1351284
79035,34.69705586,-102.7905022
79036,35.58088671,-101.5709293
79039,35.27073343,-101.0755663
79040,36.30893985,-101.5997271
79041,34.03967104,-101.9465085
79043,34.3507555,-102.0926939
79045,34.91492861,-102.5550264
79046,36.10987554,-100.0745162
79052,34.31989286,-101.7596063
79054,35.40950846,-100.8490192
79057,35.20393928,-100.600083
79059,35.83960239,-100.7351097
79064,34.20977111,-102.1735884
79065,35.54884503,-100.9287141
79070,36.27620797,-100.7933329
79072,34.17203213,-101.7579009
79079,35.26851951,-100.2988835
79081,36.14196905,-101.2619023
79084,36.26428264,-101.9915505
79086,36.02610994,-101.752679
79087,36.34825431,-102.8997813
79088,34.55085231,-101.7585921
79095,34.90061443,-100.2732276
79096,35.42465706,-100.2333167
79097,35.45177102,-101.1584176
79101,35.2009288,-101.8895843
79102,35.18873457,-101.8927319
79103,35.20397046,-101.857777
79104,35.18275191,-101.8557574
79106,35.22062277,-101.8785229
79107,35.18189541,-101.8212803
79108,35.19092676,-101.8770245
79109,35.16976197,-101.8530569
79110,35.22567699,-101.8733195
79111,35.19375966,-101.8658322
79118,35.20128418,-101.8627399
79119,35.20372701,-101.8797721
79121,35.24807284,-101.8782601
79124,35.19341894,-101.8615092
79201,34.43968353,-100.2247926
79225,34.23997084,-99.57176518
79226,34.90784198,-100.9818188
79227,34.00400842,-99.67444134
79235,33.97956997,-101.2624891
79236,33.73651989,-100.4670387
79241,34.15369236,-101.4374567
79248,33.98256373,-100.237972
79250,33.92677244,-101.6380403
79252,34.23550108,-99.73325751
79261,34.43325327,-100.778254
79311,33.88513472,-101.8935921
79312,34.02289254,-102.4808223
79313,33.79183346,-102.1864861
79316,33.10388751,-102.3427165
79323,33.00274007,-102.8640242
79325,34.40504598,-102.977905
79329,33.69193959,-101.6663416
79331,32.71177419,-101.9986228
79336,33.64320294,-102.4009002
79339,33.90315254,-102.328555
79346,33.67786901,-102.773353
79347,34.22467125,-102.7450845
79356,33.28177838,-101.3426735
79357,33.59756348,-101.3772666
79358,33.48260276,-102.2088543
79359,32.98911054,-102.6238055
79360,32.68263331,-102.731527
79363,33.73064597,-102.0156021
79364,33.47927313,-101.6451472
79366,33.54552489,-101.6607815
79367,33.66698575,-102.2231995
79370,33.49356401,-100.8573752
79371,33.90688008,-102.6231767
79372,33.45102411,-102.5029783
79373,33.15968955,-101.8537574
79379,33.49474,-102.609337
79381,33.27890475,-101.7624872
79382,33.53205305,-101.9120396
79401,33.56116635,-101.910885
79403,33.56766725,-101.9313126
79404,33.53487127,-101.9196207
79406,33.55040329,-101.892468
79407,33.55359505,-101.8972469
79410,33.55854662,-101.8792492
79411,33.54460221,-101.8895423
79412,33.5539858,-101.9090236
79413,33.54463685,-101.8884895
79414,33.55597171,-101.9161278
79415,33.58950085,-101.9059438
79416,33.55988889,-101.8954886
79423,33.55888125,-101.8824124
79424,33.55277419,-101.8731486
79501,32.73494021,-99.90942901
79502,33.15521545,-100.2570435
79504,32.36131521,-99.38745301
79505,33.60744238,-99.75348975
79506,32.08776112,-100.3295705
79508,32.29617122,-99.85473303
79510,32.35336938,-99.51386551
79511,32.30392707,-101.2211719
79512,32.30302816,-100.9365771
79520,32.88083884,-100.1204774
79521,33.00631953,-99.74077607
79529,33.41669208,-99.83277884
79532,32.45042453,-100.6890731
79536,32.4510809,-99.98895484
79543,32.73551707,-100.394648
79545,32.43210477,-100.5703344
79546,32.88152409,-100.4737231
79547,33.20594604,-99.92210656
79549,32.83442465,-100.8522583
79553,32.98887952,-99.78996463
79556,32.44269839,-100.3521421
79561,32.47032733,-100.2377867
79562,32.25203611,-99.90034443
79563,32.45663477,-99.78889511
79567,31.96641143,-99.98769091
79601,32.44205897,-99.77401545
79602,32.42169182,-99.79708791
79603,32.4530693,-99.76046213
79605,32.44193047,-99.78498237
79606,32.42642751,-99.78958434
79607,32.43773411,-99.77161662
79699,32.4370233,-99.76400845
79701,31.99175786,-102.1183737
79703,31.99850596,-102.0937729
79705,31.98400907,-102.0881869
79706,31.91638853,-102.2193452
79707,31.93613598,-102.2018432
79714,32.33538867,-102.6884297
79718,30.99044771,-103.5982391
79719,31.50192729,-103.3946082
79720,32.20942378,-101.4608049
79731,31.43110732,-102.4663162
79735,30.81201863,-102.8429303
79739,31.79971593,-101.5260414
79741,31.95764179,-102.6431909
79742,31.34885747,-102.8650627
79744,30.88064144,-102.0109651
79745,31.83346378,-103.0810394
79752,31.16695623,-102.1952857
79756,31.57222781,-102.950155
79761,31.86981888,-102.2492488
79762,31.86930564,-102.3229471
79763,31.89592497,-102.3201197
79764,31.87136964,-102.3466952
79765,31.93011327,-102.218773
79766,31.85158564,-102.3274954
79772,31.58775686,-103.1156842
79777,31.5410205,-102.9849479
79778,31.16673394,-101.9435246
79782,31.98999214,-102.0600936
79788,31.54263671,-102.9518236
79789,31.70888238,-103.1925651
79821,31.8528088,-106.4650118
79830,30.16805876,-103.5226264
79835,31.82342914,-106.4142885
79836,31.6020128,-106.2108295
79837,32.22841946,-105.2973281
79843,30.17029953,-104.0067059
79845,29.65200705,-104.4102945
79849,31.58689783,-106.2094101
79854,30.54375435,-104.6152199
79855,31.07715341,-104.6715927
79901,31.78477813,-106.4028012
79902,31.80034678,-106.3913516
79903,31.81780505,-106.3827832
79904,31.81859729,-106.4054833
79905,31.81638268,-106.4263345
79906,31.81207391,-106.4346189
79907,31.80998646,-106.45576
79908,31.81511033,-106.4083559
79911,31.80322056,-106.4045106
79912,31.82454136,-106.4525166
79915,31.8261153,-106.4174911
79920,31.80554386,-106.4138814
79922,31.82068219,-106.4380983
79924,31.81573588,-106.4321041
79925,31.81886864,-106.4365058
79927,31.73356686,-106.3429989
79928,31.68160872,-106.2118865
79930,31.80009981,-106.3822313
79932,31.8148773,-106.4247101
79934,31.8423169,-106.4431207
79935,31.81058963,-106.419833
79936,31.81324157,-106.4351514
79938,31.80122888,-106.4013626
88063,31.82133529,-106.395311
