{"metadata":{"asset_id":"0a904271-4968-490b-a105-526c3e76bb68","asset_attributes":["data_asset"],"name":"account_summary.csv","asset_type":"data_asset","created_at":"2023-05-15T12:07:53Z","description":"","origin_country":"us","owner_id":"1000331035","project_id":"6dd0bfa1-dfa2-49d6-bb5b-7b85d8914c2f","size":14863961,"tags":[],"usage":{"last_update_time":1684152473464,"last_updated_at":"2023-05-15T12:07:53Z"}},"entity":{"data_asset":{"mime_type":"text/csv","dataset":false}},"attachments":[{"id":"e408f1c9-ed99-47d7-b7df-bf9d757ad04b","version":2,"asset_type":"data_asset","name":"account_summary.csv","mime":"text/csv","datasource_type":"81bafdbd-b7c6-45c5-a4fd-6ec135f66f4e","object_key":"data_asset/account_summary.csv","creator_id":"icp4d-dev","create_time":1684152473408,"size":14863961,"is_remote":false,"is_managed":false,"is_referenced":true,"is_object_key_read_only":false,"is_user_provided_path_key":true,"transfer_complete":true,"is_partitioned":false,"complete_time_ticks":1684152473408,"user_data":{},"test_doc":0,"handle":{"type":"assetfiles","key":"data_asset/account_summary.csv","upload_id":"done","max_part_num":1},"usage":{"access_count":0,"last_accessor_id":"icp4d-dev","last_access_time":1684152473408}}]}