{"metadata":{"asset_id":"84d8210b-1ef6-4104-b3d3-65d09f34c18a","asset_attributes":["data_asset"],"name":"CUSTOMER_HISTORY_VIEW.sql","asset_type":"data_asset","created_at":"2023-05-15T12:07:53Z","description":"","origin_country":"us","owner_id":"1000331035","project_id":"6dd0bfa1-dfa2-49d6-bb5b-7b85d8914c2f","size":22386,"tags":[],"usage":{"last_update_time":1684152473307,"last_updated_at":"2023-05-15T12:07:53Z"}},"entity":{"data_asset":{"mime_type":"application/octet-stream","dataset":false}},"attachments":[{"id":"a1481937-c19d-4b43-98ba-75da54244cc6","version":2,"asset_type":"data_asset","name":"CUSTOMER_HISTORY_VIEW.sql","mime":"application/octet-stream","datasource_type":"81bafdbd-b7c6-45c5-a4fd-6ec135f66f4e","object_key":"data_asset/CUSTOMER_HISTORY_VIEW.sql","creator_id":"icp4d-dev","create_time":1684152473270,"size":22386,"is_remote":false,"is_managed":false,"is_referenced":true,"is_object_key_read_only":false,"is_user_provided_path_key":true,"transfer_complete":true,"is_partitioned":false,"complete_time_ticks":1684152473270,"user_data":{},"test_doc":0,"handle":{"type":"assetfiles","key":"data_asset/CUSTOMER_HISTORY_VIEW.sql","upload_id":"done","max_part_num":1},"usage":{"access_count":0,"last_accessor_id":"icp4d-dev","last_access_time":1684152473270}}]}