{"metadata":{"asset_id":"e2bbd3d8-ae7a-46bb-a831-1cab5bbf0795","asset_attributes":["data_asset"],"name":"training_user_inputs_and_prepped_column_names.json","asset_type":"data_asset","created_at":"2023-05-15T12:07:52Z","description":"","origin_country":"us","owner_id":"1000331035","project_id":"6dd0bfa1-dfa2-49d6-bb5b-7b85d8914c2f","size":4337,"tags":[],"usage":{"last_update_time":1684152473042,"last_updated_at":"2023-05-15T12:07:53Z"}},"entity":{"data_asset":{"mime_type":"application/json","dataset":false}},"attachments":[{"id":"3444e063-bc00-4d66-841e-8f3ee0629bcd","version":2,"asset_type":"data_asset","name":"training_user_inputs_and_prepped_column_names.json","mime":"application/json","datasource_type":"81bafdbd-b7c6-45c5-a4fd-6ec135f66f4e","object_key":"data_asset/training_user_inputs_and_prepped_column_names.json","creator_id":"icp4d-dev","create_time":1684152472981,"size":4337,"is_remote":false,"is_managed":false,"is_referenced":true,"is_object_key_read_only":false,"is_user_provided_path_key":true,"transfer_complete":true,"is_partitioned":false,"complete_time_ticks":1684152472981,"user_data":{},"test_doc":0,"handle":{"type":"assetfiles","key":"data_asset/training_user_inputs_and_prepped_column_names.json","upload_id":"done","max_part_num":1},"usage":{"access_count":0,"last_accessor_id":"icp4d-dev","last_access_time":1684152472981}}]}