{"metadata":{"asset_id":"3c7eadc9-6df5-46d9-b5ee-0a8defca66a9","asset_attributes":["data_asset"],"name":"Readme - Financial Markets Customer Attrition Prediction.pdf","asset_type":"data_asset","created_at":"2023-05-15T12:07:52Z","origin_country":"us","owner_id":"1000331035","project_id":"6dd0bfa1-dfa2-49d6-bb5b-7b85d8914c2f","size":93125,"usage":{"last_update_time":1684152473131,"last_updated_at":"2023-05-15T12:07:53Z"}},"entity":{"data_asset":{"mime_type":"application/pdf","dataset":false}},"attachments":[{"id":"1c4024bc-c409-474d-b01c-b6496e24fc63","version":2,"asset_type":"data_asset","name":"Readme - Financial Markets Customer Attrition Prediction.pdf","mime":"application/pdf","datasource_type":"81bafdbd-b7c6-45c5-a4fd-6ec135f66f4e","object_key":"data_asset/Readme - Financial Markets Customer Attrition Prediction.pdf","creator_id":"icp4d-dev","create_time":1684152473040,"size":93125,"is_remote":false,"is_managed":false,"is_referenced":true,"is_object_key_read_only":true,"is_user_provided_path_key":true,"transfer_complete":true,"is_partitioned":false,"complete_time_ticks":1684152473040,"user_data":{},"test_doc":0,"handle":{"type":"assetfiles","key":"data_asset/Readme - Financial Markets Customer Attrition Prediction.pdf","upload_id":"done","max_part_num":1},"usage":{"access_count":0,"last_accessor_id":"icp4d-dev","last_access_time":1684152473040}}]}