{"metadata":{"asset_id":"cd14076a-8c25-4cf0-ba03-46f86bc166cb","asset_attributes":["data_asset"],"name":"customer-attrition-map-terms.csv","asset_type":"data_asset","created_at":"2023-05-15T12:07:52Z","description":"","origin_country":"us","owner_id":"1000331035","project_id":"6dd0bfa1-dfa2-49d6-bb5b-7b85d8914c2f","size":25488,"tags":[],"usage":{"last_update_time":1684152473076,"last_updated_at":"2023-05-15T12:07:53Z"}},"entity":{"data_asset":{"mime_type":"text/csv","dataset":false}},"attachments":[{"id":"ba6845ca-8210-46e9-82ef-c4bb4fec417d","version":2,"asset_type":"data_asset","name":"customer-attrition-map-terms.csv","mime":"text/csv","datasource_type":"81bafdbd-b7c6-45c5-a4fd-6ec135f66f4e","object_key":"data_asset/customer-attrition-map-terms.csv","creator_id":"icp4d-dev","create_time":1684152473001,"size":25488,"is_remote":false,"is_managed":false,"is_referenced":true,"is_object_key_read_only":false,"is_user_provided_path_key":true,"transfer_complete":true,"is_partitioned":false,"complete_time_ticks":1684152473001,"user_data":{},"test_doc":0,"handle":{"type":"assetfiles","key":"data_asset/customer-attrition-map-terms.csv","upload_id":"done","max_part_num":1},"usage":{"access_count":0,"last_accessor_id":"icp4d-dev","last_access_time":1684152473001}}]}