{"metadata":{"asset_id":"d63d19d4-1dad-489b-98b5-35c3ead29989","asset_attributes":["data_asset"],"name":"customer-attrition-prediction-analytics-dashboard.zip","asset_type":"data_asset","created_at":"2023-05-15T12:07:52Z","origin_country":"us","owner_id":"1000331035","project_id":"6dd0bfa1-dfa2-49d6-bb5b-7b85d8914c2f","size":10180817,"usage":{"last_update_time":1684152473110,"last_updated_at":"2023-05-15T12:07:53Z"}},"entity":{"data_asset":{"mime_type":"application/zip","dataset":false}},"attachments":[{"id":"18cd65a1-68db-497a-9fbd-a8f704efad64","version":2,"asset_type":"data_asset","name":"customer-attrition-prediction-analytics-dashboard.zip","mime":"application/zip","datasource_type":"81bafdbd-b7c6-45c5-a4fd-6ec135f66f4e","object_key":"data_asset/customer-attrition-prediction-analytics-dashboard.zip","creator_id":"icp4d-dev","create_time":1684152473031,"size":10180817,"is_remote":false,"is_managed":false,"is_referenced":true,"is_object_key_read_only":true,"is_user_provided_path_key":true,"transfer_complete":true,"is_partitioned":false,"complete_time_ticks":1684152473031,"user_data":{},"test_doc":0,"handle":{"type":"assetfiles","key":"data_asset/customer-attrition-prediction-analytics-dashboard.zip","upload_id":"done","max_part_num":1},"usage":{"access_count":0,"last_accessor_id":"icp4d-dev","last_access_time":1684152473031}}]}