{"metadata":{"asset_id":"90c22266-5928-40c6-ac82-f06a6e83f807","asset_attributes":["job"],"name":"import-wkc-glossary notebook job","asset_type":"job","created_at":"2023-05-15T12:07:57Z","origin_country":"us","owner_id":"1000331035","project_id":"6dd0bfa1-dfa2-49d6-bb5b-7b85d8914c2f","size":0,"usage":{"last_update_time":1684152477409,"last_updated_at":"2023-05-15T12:07:57Z"}},"entity":{"job":{"asset_ref_type":"notebook","configuration":{"env_id":"rt231py-6dd0bfa1-dfa2-49d6-bb5b-7b85d8914c2f","file_ref":"","entrypoint":"","run_results":"log_and_new_notebook","env_type":"notebook","env_variables":[]},"last_run_initiator":"deprecated field","last_run_time":"deprecated field","last_run_status":"deprecated field","last_run_status_timestamp":0,"future_scheduled_runs":[],"enable_notifications":true,"project_name":"CustomerAttrition-project","asset_ref":"eb5f97a0-fa9f-4a69-966e-643ee1d41733","schedule_id":"","schedule_creator_id":""}}}