{"metadata":{"asset_id":"81d41f6f-d172-407c-a6a4-db0bc61569ba","asset_attributes":["job"],"name":"3-model-scoring-and-app-deployment-notebook-job","asset_type":"job","created_at":"2023-05-15T12:07:57Z","origin_country":"us","owner_id":"1000331035","project_id":"6dd0bfa1-dfa2-49d6-bb5b-7b85d8914c2f","size":0,"usage":{"last_update_time":1684152477401,"last_updated_at":"2023-05-15T12:07:57Z"}},"entity":{"job":{"asset_ref_type":"notebook","configuration":{"env_id":"rt231py-6dd0bfa1-dfa2-49d6-bb5b-7b85d8914c2f","file_ref":"","entrypoint":"","run_results":"log_and_new_notebook","env_type":"notebook","env_variables":[]},"last_run_initiator":"deprecated field","last_run_time":"deprecated field","last_run_status":"deprecated field","last_run_status_timestamp":0,"future_scheduled_runs":[],"enable_notifications":true,"project_name":"CustomerAttrition-project","asset_ref":"064ce65d-2aae-46a1-8137-b7121d2a0857","schedule_id":"","schedule_creator_id":""}}}