{"metadata":{"asset_id":"064ce65d-2aae-46a1-8137-b7121d2a0857","asset_attributes":["notebook"],"name":"3-model-scoring-and-app-deployment","asset_type":"notebook","created_at":"2023-05-15T12:07:53Z","description":"","origin_country":"us","owner_id":"1000331035","project_id":"6dd0bfa1-dfa2-49d6-bb5b-7b85d8914c2f","size":31113,"tags":["notebook"],"usage":{"last_update_time":1684152474105,"last_updated_at":"2023-05-15T12:07:54Z"}},"entity":{"notebook":{"kernel":{"name":"python3","display_name":"Python 3.10","language":"python"},"originates_from":{"type":"file"},"runtime":{"environment":"rt231py-6dd0bfa1-dfa2-49d6-bb5b-7b85d8914c2f"}}},"attachments":[{"id":"41f7e37d-3f92-4891-82d0-e39195a8a67a","version":2,"asset_type":"notebook","name":"attachment for notebook 064ce65d-2aae-46a1-8137-b7121d2a0857","description":"attachment for notebook 064ce65d-2aae-46a1-8137-b7121d2a0857","mime":"application/json","datasource_type":"81bafdbd-b7c6-45c5-a4fd-6ec135f66f4e","object_key":"notebook/3-model-scoring-and-app-deployment_BXOQLAfdL.ipynb","creator_id":"1000331035","create_time":1684152473792,"size":31113,"is_remote":false,"is_managed":false,"is_referenced":true,"is_object_key_read_only":false,"is_user_provided_path_key":true,"transfer_complete":true,"is_partitioned":false,"complete_time_ticks":1684152473792,"user_data":{},"test_doc":0,"handle":{"type":"assetfiles","key":"notebook/3-model-scoring-and-app-deployment_BXOQLAfdL.ipynb","upload_id":"done","max_part_num":1},"usage":{"access_count":0,"last_accessor_id":"1000331035","last_access_time":1684152473792}}]}