Business Terms,Column_header,Table,File
Account Number,ACCOUNT_ID,ENERGY and UTILITIES ACCELERATORS,ACCOUNT
Address Line 1 Description,APPT_NBR,ENERGY and UTILITIES ACCELERATORS,LOCATION
Age Group,AGE_GROUP,ENERGY and UTILITIES ACCELERATORS,CUSTOMER MICRO-SEGMENTATION INPUT
Base Usage,BASE_USAGE,ENERGY and UTILITIES ACCELERATORS,INVOICE
Bill Alternate Charge,ALTERNATE_CHARGE,ENERGY and UTILITIES ACCELERATORS,INVOICE
Bill Alternate Usage,ALTERNATE_USAGE,ENERGY and UTILITIES ACCELERATORS,INVOICE
Bill Base Charge,BASE_CHARGE,ENERGY and UTILITIES ACCELERATORS,INVOICE
Bill Overdue Balance,OVERDUE_BALANCE,ENERGY and UTILITIES ACCELERATORS,INVOICE
Bill Payment Due Date,DUE_DATE,ENERGY and UTILITIES ACCELERATORS,INVOICE
Bill Standing Charge,STANDING_CHARGE,ENERGY and UTILITIES ACCELERATORS,INVOICE
Bill Total Amount To Pay,TOTAL_TO_PAY,ENERGY and UTILITIES ACCELERATORS,INVOICE
Bill Total Net,TOTAL_NET,ENERGY and UTILITIES ACCELERATORS,INVOICE
Car Ownership Indicator,IS_CAR_OWNER,ENERGY and UTILITIES ACCELERATORS,CST_PROFILES
City Name,CITY,ENERGY and UTILITIES ACCELERATORS,LOCATION
Communication Type,ISSUE_CD,ENERGY and UTILITIES ACCELERATORS,ISSUE
Cost-to-Serve,COST_TO_SERVE,ENERGY and UTILITIES ACCELERATORS,CUSTOMER MICRO-SEGMENTATION INPUT
Credit Risk Score,CREDIT_HISTORY,ENERGY and UTILITIES ACCELERATORS,CUSTOMER
Credit Risk Score,CREDIT_HISTORY,ENERGY and UTILITIES ACCELERATORS,ACCOUNT
Customer Acquisition Cost,CLTV_RATIO,ENERGY and UTILITIES ACCELERATORS,CST_PROFILES
Customer Agreement Number,CURRENT_CONTRACT_ID,ENERGY and UTILITIES ACCELERATORS,CST_PROFILES
Customer Building Type,BUILDING_TYPE,ENERGY and UTILITIES ACCELERATORS,BUILDING_TYPE
Customer Communication,EMAIL_RESPONSE,ENERGY and UTILITIES ACCELERATORS,CST_PROFILES
Customer Communication,SMART_METER_COMMENTS,ENERGY and UTILITIES ACCELERATORS,CST_PROFILES
Customer Communication,CALL_CENTER_RESPONSE,ENERGY and UTILITIES ACCELERATORS,CST_PROFILES
Customer Complaints,COMPLAINTS,ENERGY and UTILITIES ACCELERATORS,CST_PROFILES
Customer Complaints,ISSUE_ID,ENERGY and UTILITIES ACCELERATORS,ISSUE
Customer Complaints,ISSUE,ENERGY and UTILITIES ACCELERATORS,ISSUE
Customer Complaints,ISSUE_CD,ENERGY and UTILITIES ACCELERATORS,ISSUE
Customer Credit Authority Level,CREDIT_RATING,ENERGY and UTILITIES ACCELERATORS,CST_PROFILES
Customer Identifier,CUSTOMER_ID,ENERGY and UTILITIES ACCELERATORS,CST_PROFILES
Customer Identifier,CUSTOMER_ID,ENERGY and UTILITIES ACCELERATORS,CUSTOMER MICRO-SEGMENTATION INPUT
Customer Income Segment,INCOME_LEVEL,ENERGY and UTILITIES ACCELERATORS,CUSTOMER MICRO-SEGMENTATION INPUT
Customer Lifetime Value,CLTV_RATIO,ENERGY and UTILITIES ACCELERATORS,CST_PROFILES
Customer Lifetime Value,CLTV,ENERGY and UTILITIES ACCELERATORS,CST_PROFILES
Customer Market Segment,CST_SEGMENT_ID,ENERGY and UTILITIES ACCELERATORS,CST_PROFILES
Customer Tenure,TENURE,ENERGY and UTILITIES ACCELERATORS,CST_PROFILES
Customer Type,CUSTOMER_TYPE,ENERGY and UTILITIES ACCELERATORS,CUSTOMER
Date Of Birth,AGE,ENERGY and UTILITIES ACCELERATORS,CST_PROFILES
Date Of Birth,DATE_OF_BIRTH,ENERGY and UTILITIES ACCELERATORS,CUSTOMER
Discount,HAS_DISCOUNT_PACKAGE,ENERGY and UTILITIES ACCELERATORS,CST_PROFILES
Ecological Product,PROD_ECOLOGICAL,ENERGY and UTILITIES ACCELERATORS,CUSTOMER MICRO-SEGMENTATION INPUT
Education Level,EDUCATION,ENERGY and UTILITIES ACCELERATORS,CUSTOMER MICRO-SEGMENTATION INPUT
Education Level,EDUCATION,ENERGY and UTILITIES ACCELERATORS,EDUCATION
Education Level,EDUCATION_CD,ENERGY and UTILITIES ACCELERATORS,EDUCATION
Education Level,EDUCATION_ID,ENERGY and UTILITIES ACCELERATORS,CUSTOMER
Electric Vehicle Indicator,HAS_EV,ENERGY and UTILITIES ACCELERATORS,CST_PROFILES
Electronic Bill Indicator,EBILL,ENERGY and UTILITIES ACCELERATORS,CST_PROFILES
Email Address,EMAIL,ENERGY and UTILITIES ACCELERATORS,CUSTOMER
Employment Status,EMPLOYMENT_ID,ENERGY and UTILITIES ACCELERATORS,CUSTOMER
Employment Status,EMPLOYMENT,ENERGY and UTILITIES ACCELERATORS,EMPLOYMENT
Employment Status,EMPLOYMENT_CD,ENERGY and UTILITIES ACCELERATORS,EMPLOYMENT
Energy Savings,ENERGY_SAVING,ENERGY and UTILITIES ACCELERATORS,CUSTOMER MICRO-SEGMENTATION INPUT
Energy Usage,ENERGY_USAGE_PER_MONTH,ENERGY and UTILITIES ACCELERATORS,CST_PROFILES
Energy Usage,TOTAL_USAGE_YEAR1,ENERGY and UTILITIES ACCELERATORS,CUSTOMER MICRO-SEGMENTATION INPUT
Energy Usage,TOTAL_USAGE_YEAR2,ENERGY and UTILITIES ACCELERATORS,CUSTOMER MICRO-SEGMENTATION INPUT
Environmental Charity,ENVIR_CHARITY,ENERGY and UTILITIES ACCELERATORS,CUSTOMER MICRO-SEGMENTATION INPUT
Ethically Sourced Product,PROD_REFORM,ENERGY and UTILITIES ACCELERATORS,CUSTOMER MICRO-SEGMENTATION INPUT
Fairtrade Product,PROD_FAIRTRADE,ENERGY and UTILITIES ACCELERATORS,CUSTOMER MICRO-SEGMENTATION INPUT
Family Cycle,FAMILY_CYCLE_ID,ENERGY and UTILITIES ACCELERATORS,CUSTOMER
First Name,FIRST_NAME,ENERGY and UTILITIES ACCELERATORS,CUSTOMER
Frequent Nature Visitor,FREQUENTING_NATURE,ENERGY and UTILITIES ACCELERATORS,CUSTOMER MICRO-SEGMENTATION INPUT
Gender,GENDER_CD,ENERGY and UTILITIES ACCELERATORS,GENDER
Gender,GENDER,ENERGY and UTILITIES ACCELERATORS,GENDER
Gender,GENDER_ID,ENERGY and UTILITIES ACCELERATORS,CUSTOMER
Green Energy,GREEN_ENERGY,ENERGY and UTILITIES ACCELERATORS,CUSTOMER MICRO-SEGMENTATION INPUT
Home Automation Indicator,HAS_HOME_AUTOMATION,ENERGY and UTILITIES ACCELERATORS,CST_PROFILES
Home Energy Efficiency Ratio,ENERGY_EFFICIENCY,ENERGY and UTILITIES ACCELERATORS,CST_PROFILES
Home Size,HOME_SIZE,ENERGY and UTILITIES ACCELERATORS,CST_PROFILES
Household Home Ownership,OWNS_HOME,ENERGY and UTILITIES ACCELERATORS,CST_PROFILES
Last Name,LAST_NAME,ENERGY and UTILITIES ACCELERATORS,CUSTOMER
Levy,LEVY,ENERGY and UTILITIES ACCELERATORS,INVOICE
Marital Status,MARITAL_STATUS_ID,ENERGY and UTILITIES ACCELERATORS,CUSTOMER
Marital Status,MARITAL_STATUS,ENERGY and UTILITIES ACCELERATORS,MARITAL_STATUS
Meat Substitute Product,PROD_MEAT_SUBST,ENERGY and UTILITIES ACCELERATORS,CUSTOMER MICRO-SEGMENTATION INPUT
Nature Preservation Charity,NATURE_CHARITY,ENERGY and UTILITIES ACCELERATORS,CUSTOMER MICRO-SEGMENTATION INPUT
Photovoltaic System Indicator,HAS_PV,ENERGY and UTILITIES ACCELERATORS,CST_PROFILES
Photovoltaic Zone Indicator,PV_ZONING,ENERGY and UTILITIES ACCELERATORS,CST_PROFILES
Postal Address,ADDRESS,ENERGY and UTILITIES ACCELERATORS,LOCATION
Product Offer,CURRENT_OFFER_ID,ENERGY and UTILITIES ACCELERATORS,CST_PROFILES
Product Warranty Indicator,IN_WARRANTY,ENERGY and UTILITIES ACCELERATORS,CST_PROFILES
Registered For Alerts Indicator,IS_REGISTERED_FOR_ALERTS,ENERGY and UTILITIES ACCELERATORS,CST_PROFILES
Smart Meter Indicator,SMART_METER_COMMENTS,ENERGY and UTILITIES ACCELERATORS,CST_PROFILES
Tax,TAX,ENERGY and UTILITIES ACCELERATORS,INVOICE
Telephone Number,PHONE_2,ENERGY and UTILITIES ACCELERATORS,CUSTOMER
Telephone Number,PHONE_1,ENERGY and UTILITIES ACCELERATORS,CUSTOMER
Thermostat Indicator,HAS_THERMOSTAT,ENERGY and UTILITIES ACCELERATORS,CST_PROFILES
Transaction Date,BILLING_DATE,ENERGY and UTILITIES ACCELERATORS,INVOICE
Wind Energy Indicator,HAS_WIND,ENERGY and UTILITIES ACCELERATORS,CST_PROFILES
Wind Zone Indicator,WIND_ZONING,ENERGY and UTILITIES ACCELERATORS,CST_PROFILES
Social Class,SOCIAL_CLASS_ID,ENERGY and UTILITIES ACCELERATORS,CUSTOMER
