{"metadata":{"asset_id":"308a843f-3083-4813-9ef1-4b2e8b1f4b0f","asset_attributes":["data_asset"],"name":"customer-segmentation-map-terms.csv","asset_type":"data_asset","created_at":"2023-05-16T09:28:25Z","description":"","origin_country":"us","owner_id":"1000331035","project_id":"62b18559-d594-4fac-97ce-71a753bd686e","size":27541,"tags":[],"usage":{"last_update_time":1684229305933,"last_updated_at":"2023-05-16T09:28:25Z"}},"entity":{"data_asset":{"mime_type":"text/csv","dataset":false}},"attachments":[{"id":"5da6e3ce-9c2a-44c0-97fa-9071b87d28fa","version":2,"asset_type":"data_asset","name":"customer-segmentation-map-terms.csv","mime":"text/csv","datasource_type":"81bafdbd-b7c6-45c5-a4fd-6ec135f66f4e","object_key":"data_asset/customer-segmentation-map-terms.csv","creator_id":"icp4d-dev","create_time":1684229305840,"size":27541,"is_remote":false,"is_managed":false,"is_referenced":true,"is_object_key_read_only":false,"is_user_provided_path_key":true,"transfer_complete":true,"is_partitioned":false,"complete_time_ticks":1684229305840,"user_data":{},"test_doc":0,"handle":{"type":"assetfiles","key":"data_asset/customer-segmentation-map-terms.csv","upload_id":"done","max_part_num":1},"usage":{"access_count":0,"last_accessor_id":"icp4d-dev","last_access_time":1684229305840}}]}