{"metadata":{"asset_id":"fe8c8e17-1cb1-4160-844c-a54bb41de7c8","asset_attributes":["data_asset"],"name":"pca.txt","asset_type":"data_asset","created_at":"2023-05-16T09:28:26Z","description":"","origin_country":"us","owner_id":"1000331035","project_id":"62b18559-d594-4fac-97ce-71a753bd686e","size":6857,"tags":[],"usage":{"last_update_time":1684229306128,"last_updated_at":"2023-05-16T09:28:26Z"}},"entity":{"data_asset":{"mime_type":"text/plain","dataset":false}},"attachments":[{"id":"a51aa611-3fe8-49a9-9b38-ec361f956c0e","version":2,"asset_type":"data_asset","name":"pca.txt","mime":"text/plain","datasource_type":"81bafdbd-b7c6-45c5-a4fd-6ec135f66f4e","object_key":"data_asset/pca.txt","creator_id":"icp4d-dev","create_time":1684229306090,"size":6857,"is_remote":false,"is_managed":false,"is_referenced":true,"is_object_key_read_only":false,"is_user_provided_path_key":true,"transfer_complete":true,"is_partitioned":false,"complete_time_ticks":1684229306090,"user_data":{},"test_doc":0,"handle":{"type":"assetfiles","key":"data_asset/pca.txt","upload_id":"done","max_part_num":1},"usage":{"access_count":0,"last_accessor_id":"icp4d-dev","last_access_time":1684229306090}}]}