{"metadata":{"asset_id":"58fc246c-398f-49c7-a185-517383fc6b91","asset_attributes":["data_asset"],"name":"account.csv","asset_type":"data_asset","created_at":"2023-05-16T09:28:25Z","description":"","origin_country":"us","owner_id":"1000331035","project_id":"62b18559-d594-4fac-97ce-71a753bd686e","size":610691,"tags":[],"usage":{"last_update_time":1684229305851,"last_updated_at":"2023-05-16T09:28:25Z"}},"entity":{"data_asset":{"mime_type":"text/csv","dataset":false}},"attachments":[{"id":"6200800a-a58b-4aad-87c7-1de4ded69dc6","version":2,"asset_type":"data_asset","name":"account.csv","mime":"text/csv","datasource_type":"81bafdbd-b7c6-45c5-a4fd-6ec135f66f4e","object_key":"data_asset/account.csv","creator_id":"icp4d-dev","create_time":1684229305767,"size":610691,"is_remote":false,"is_managed":false,"is_referenced":true,"is_object_key_read_only":false,"is_user_provided_path_key":true,"transfer_complete":true,"is_partitioned":false,"complete_time_ticks":1684229305767,"user_data":{},"test_doc":0,"handle":{"type":"assetfiles","key":"data_asset/account.csv","upload_id":"done","max_part_num":1},"usage":{"access_count":0,"last_accessor_id":"icp4d-dev","last_access_time":1684229305767}}]}