{"metadata":{"asset_id":"8816b49e-a6ac-44b5-ac9f-f8153290e542","asset_attributes":["data_asset"],"name":"CUSTOMER_FULL_SUMMARY_LATEST_VIEW.sql","asset_type":"data_asset","created_at":"2023-05-16T09:28:25Z","description":"","origin_country":"us","owner_id":"1000331035","project_id":"62b18559-d594-4fac-97ce-71a753bd686e","size":27494,"tags":[],"usage":{"last_update_time":1684229305865,"last_updated_at":"2023-05-16T09:28:25Z"}},"entity":{"data_asset":{"mime_type":"application/octet-stream","dataset":false}},"attachments":[{"id":"622a9b80-1a60-45d1-af11-a00c043ad335","version":2,"asset_type":"data_asset","name":"CUSTOMER_FULL_SUMMARY_LATEST_VIEW.sql","mime":"application/octet-stream","datasource_type":"81bafdbd-b7c6-45c5-a4fd-6ec135f66f4e","object_key":"data_asset/CUSTOMER_FULL_SUMMARY_LATEST_VIEW.sql","creator_id":"icp4d-dev","create_time":1684229305817,"size":27494,"is_remote":false,"is_managed":false,"is_referenced":true,"is_object_key_read_only":false,"is_user_provided_path_key":true,"transfer_complete":true,"is_partitioned":false,"complete_time_ticks":1684229305817,"user_data":{},"test_doc":0,"handle":{"type":"assetfiles","key":"data_asset/CUSTOMER_FULL_SUMMARY_LATEST_VIEW.sql","upload_id":"done","max_part_num":1},"usage":{"access_count":0,"last_accessor_id":"icp4d-dev","last_access_time":1684229305817}}]}