{"metadata":{"asset_id":"54c3b4a9-f174-4f6c-aa33-1c5b4d75d7cd","asset_attributes":["data_asset"],"name":"training_data.csv","asset_type":"data_asset","created_at":"2023-05-16T09:28:25Z","description":"","origin_country":"us","owner_id":"1000331035","project_id":"62b18559-d594-4fac-97ce-71a753bd686e","size":115372,"tags":[],"usage":{"last_update_time":1684321667604,"last_updated_at":"2023-05-17T11:07:47Z"}},"entity":{"data_asset":{"mime_type":"text/csv","dataset":false}},"attachments":[{"id":"6b37a430-e8a4-4b27-9c3c-52b22277a658","version":2,"asset_type":"data_asset","name":"training_data.csv","mime":"text/csv","datasource_type":"81bafdbd-b7c6-45c5-a4fd-6ec135f66f4e","object_key":"data_asset/training_data.csv","creator_id":"icp4d-dev","create_time":1684229305788,"size":115372,"is_remote":false,"is_managed":false,"is_referenced":true,"is_object_key_read_only":true,"is_user_provided_path_key":true,"transfer_complete":true,"is_partitioned":false,"complete_time_ticks":1684229305788,"user_data":{},"test_doc":0,"handle":{"type":"assetfiles","key":"data_asset/training_data.csv","upload_id":"done","max_part_num":1},"usage":{"access_count":2,"last_accessor_id":"1000330999","last_access_time":1684321667603,"last_updater_id":"1000330999","last_update_time":1684321667603}}]}