{"metadata":{"asset_id":"b63b5adb-88c7-4e14-8201-824896871fe0","asset_attributes":["data_asset"],"name":"customer-segmentation-analytics-dashboard.zip","asset_type":"data_asset","created_at":"2023-05-18T10:23:06Z","origin_country":"us","owner_id":"1000331035","project_id":"62b18559-d594-4fac-97ce-71a753bd686e","size":2827515,"usage":{"last_update_time":1684405386873,"last_updated_at":"2023-05-18T10:23:06Z"}},"entity":{"data_asset":{"mime_type":"application/zip","dataset":false}},"attachments":[{"id":"603f4eca-f8b7-44be-8f2e-633d9102c7a5","version":2,"asset_type":"data_asset","name":"customer-segmentation-analytics-dashboard.zip","mime":"application/zip","datasource_type":"81bafdbd-b7c6-45c5-a4fd-6ec135f66f4e","object_key":"data_asset/customer-segmentation-analytics-dashboard.zip","creator_id":"1000331035","create_time":1684405386887,"size":2827515,"is_remote":false,"is_managed":false,"is_referenced":true,"is_object_key_read_only":true,"is_user_provided_path_key":true,"transfer_complete":true,"is_partitioned":false,"complete_time_ticks":1684405386887,"user_data":{},"test_doc":0,"handle":{"type":"assetfiles","key":"data_asset/customer-segmentation-analytics-dashboard.zip","upload_id":"done","max_part_num":1},"usage":{"access_count":0,"last_accessor_id":"1000331035","last_access_time":1684405386887}}]}