{"metadata":{"asset_id":"f3fa92bd-9009-4253-bd21-a2783d279d4b","asset_attributes":["job"],"name":"3-model-scoring-and-app-deployment-notebook-job","asset_type":"job","created_at":"2023-05-16T09:28:28Z","origin_country":"us","owner_id":"1000331035","project_id":"62b18559-d594-4fac-97ce-71a753bd686e","size":0,"usage":{"last_update_time":1684229308365,"last_updated_at":"2023-05-16T09:28:28Z"}},"entity":{"job":{"asset_ref_type":"notebook","configuration":{"env_id":"rt231py-62b18559-d594-4fac-97ce-71a753bd686e","file_ref":"","entrypoint":"","run_results":"log_and_new_notebook","env_type":"notebook","env_variables":[]},"last_run_initiator":"deprecated field","last_run_time":"deprecated field","last_run_status":"deprecated field","last_run_status_timestamp":0,"future_scheduled_runs":[],"enable_notifications":true,"project_name":"CustomerSegmentation","asset_ref":"fa77a9d5-79d2-4c1c-a533-7b7a729e37e5","schedule_id":"","schedule_creator_id":""}}}