{"metadata":{"asset_id":"ba1dcd56-68ae-4bbb-8bab-889cba7286c3","asset_attributes":["notebook"],"name":"2-model-training","asset_type":"notebook","created_at":"2023-05-16T09:28:26Z","description":"This notebook transforms the data, builds machine learning models, and deploys a model. ","origin_country":"us","owner_id":"1000331035","project_id":"62b18559-d594-4fac-97ce-71a753bd686e","size":1148153,"tags":["notebook"],"usage":{"last_update_time":1684229306825,"last_updated_at":"2023-05-16T09:28:26Z"}},"entity":{"notebook":{"kernel":{"name":"python3","display_name":"Python 3.10","language":"python"},"originates_from":{"type":"file"},"runtime":{"environment":"rt231py-62b18559-d594-4fac-97ce-71a753bd686e"}}},"attachments":[{"id":"33e39f0d-21dc-4c66-8189-131554b64093","version":2,"asset_type":"notebook","name":"attachment for notebook ba1dcd56-68ae-4bbb-8bab-889cba7286c3","description":"attachment for notebook ba1dcd56-68ae-4bbb-8bab-889cba7286c3","mime":"application/json","datasource_type":"81bafdbd-b7c6-45c5-a4fd-6ec135f66f4e","object_key":"notebook/2-model-training-vb_sS_W3AIbQ.ipynb","creator_id":"1000331035","create_time":1684229306537,"size":1148153,"is_remote":false,"is_managed":false,"is_referenced":true,"is_object_key_read_only":false,"is_user_provided_path_key":true,"transfer_complete":true,"is_partitioned":false,"complete_time_ticks":1684229306537,"user_data":{},"test_doc":0,"handle":{"type":"assetfiles","key":"notebook/2-model-training-vb_sS_W3AIbQ.ipynb","upload_id":"done","max_part_num":1},"usage":{"access_count":0,"last_accessor_id":"1000331035","last_access_time":1684229306537}}]}