{"metadata":{"asset_id":"145c353c-caa6-465e-ac57-a0cd1ab8c775","asset_attributes":["data_asset"],"name":"Historical Sales.csv","asset_type":"data_asset","created_at":"2023-08-18T10:11:34Z","description":"","origin_country":"us","owner_id":"1000330999","project_id":"6bb7424d-df83-495c-837d-f9e5e8a307ee","size":17052394,"tags":["daas-enriched"],"usage":{"last_update_time":1692357283605,"last_updated_at":"2023-08-18T11:14:43Z"}},"entity":{"data_asset":{"mime_type":"text/csv","dataset":false}},"attachments":[{"id":"f455e58f-9e39-4873-a622-9a35f7d0de94","version":2,"asset_type":"data_asset","name":"Historical Sales.csv","mime":"text/csv","datasource_type":"81bafdbd-b7c6-45c5-a4fd-6ec135f66f4e","object_key":"data_asset/Historical Sales.csv","creator_id":"icp4d-dev","create_time":1692353495101,"size":13698947,"is_remote":false,"is_managed":false,"is_referenced":true,"is_object_key_read_only":false,"is_user_provided_path_key":true,"transfer_complete":true,"is_partitioned":false,"complete_time_ticks":1692353495101,"user_data":{},"test_doc":0,"handle":{"type":"assetfiles","key":"data_asset/Historical Sales.csv","upload_id":"done","max_part_num":1},"usage":{"access_count":0,"last_accessor_id":"icp4d-dev","last_access_time":1692353495101}},{"id":"b94d5671-121b-4259-a44d-76d90e0fd69c","version":2,"asset_type":"data_asset","mime":"application/vnd.ibm.bi.pq","datasource_type":"81bafdbd-b7c6-45c5-a4fd-6ec135f66f4e","object_key":"DaaS/8b6b94cf-cf57-462b-b42c-306019290313/pq/Historical_Sales_csv","creator_id":"icp4d-dev","create_time":1692353495280,"size":1656114,"is_remote":false,"is_managed":false,"is_referenced":true,"is_object_key_read_only":false,"is_user_provided_path_key":true,"transfer_complete":true,"is_partitioned":false,"complete_time_ticks":1692353495280,"user_data":{},"test_doc":0,"handle":{"type":"assetfiles","key":"DaaS/8b6b94cf-cf57-462b-b42c-306019290313/pq/Historical_Sales_csv","upload_id":"done","max_part_num":1},"usage":{"access_count":0,"last_accessor_id":"icp4d-dev","last_access_time":1692353495280}},{"id":"8ad18859-ac40-4002-8b59-b8cbaecb0454","version":2,"asset_type":"data_asset","mime":"application/json","datasource_type":"81bafdbd-b7c6-45c5-a4fd-6ec135f66f4e","object_key":"DaaS/8b6b94cf-cf57-462b-b42c-306019290313/module","creator_id":"icp4d-dev","create_time":1692353495509,"size":21278,"is_remote":false,"is_managed":false,"is_referenced":true,"is_object_key_read_only":false,"is_user_provided_path_key":true,"transfer_complete":true,"is_partitioned":false,"complete_time_ticks":1692353495509,"user_data":{},"test_doc":0,"handle":{"type":"assetfiles","key":"DaaS/8b6b94cf-cf57-462b-b42c-306019290313/module","upload_id":"done","max_part_num":1},"usage":{"access_count":0,"last_accessor_id":"icp4d-dev","last_access_time":1692353495509}},{"id":"421db270-1593-4241-acfa-4a8139962871","version":2,"asset_type":"data_asset","mime":"application/vnd.ibm.bi.pq","datasource_type":"81bafdbd-b7c6-45c5-a4fd-6ec135f66f4e","object_key":"DaaS/145c353c-caa6-465e-ac57-a0cd1ab8c775/pq/Historical_Sales_csv","creator_id":"1000330999","create_time":1692357283202,"size":1656113,"is_remote":false,"is_managed":false,"is_referenced":true,"is_object_key_read_only":false,"is_user_provided_path_key":true,"transfer_complete":true,"is_partitioned":false,"complete_time_ticks":1692357283202,"user_data":{},"test_doc":0,"handle":{"type":"assetfiles","key":"DaaS/145c353c-caa6-465e-ac57-a0cd1ab8c775/pq/Historical_Sales_csv","upload_id":"done","max_part_num":1},"usage":{"access_count":0,"last_accessor_id":"1000330999","last_access_time":1692357283202}},{"id":"71ecd4b7-0df0-4593-945c-6c6ef9258738","version":2,"asset_type":"data_asset","mime":"application/json","datasource_type":"81bafdbd-b7c6-45c5-a4fd-6ec135f66f4e","object_key":"DaaS/145c353c-caa6-465e-ac57-a0cd1ab8c775/module","creator_id":"1000330999","create_time":1692357283604,"size":19942,"is_remote":false,"is_managed":false,"is_referenced":true,"is_object_key_read_only":false,"is_user_provided_path_key":true,"transfer_complete":true,"is_partitioned":false,"complete_time_ticks":1692357283604,"user_data":{},"test_doc":0,"handle":{"type":"assetfiles","key":"DaaS/145c353c-caa6-465e-ac57-a0cd1ab8c775/module","upload_id":"done","max_part_num":1},"usage":{"access_count":0,"last_accessor_id":"1000330999","last_access_time":1692357283604}}]}