{"metadata":{"asset_id":"038a226c-afb1-4e56-a479-1f4c527f6060","asset_attributes":["data_asset"],"name":"Retail Analytics Dashboard from CP4D.json","asset_type":"data_asset","created_at":"2023-08-18T12:26:15Z","origin_country":"us","owner_id":"1000330999","project_id":"6bb7424d-df83-495c-837d-f9e5e8a307ee","size":915192,"usage":{"last_update_time":1692361612300,"last_updated_at":"2023-08-18T12:26:52Z"}},"entity":{"data_asset":{"mime_type":"application/json","dataset":false}},"attachments":[{"id":"85630561-fd43-4b62-955e-d64825587848","version":2,"asset_type":"data_asset","name":"Retail Analytics Dashboard from CP4D.json","mime":"application/json","datasource_type":"81bafdbd-b7c6-45c5-a4fd-6ec135f66f4e","object_key":"data_asset/Retail Analytics Dashboard from CP4D.json","creator_id":"1000330999","create_time":1692361612176,"size":915192,"is_remote":false,"is_managed":false,"is_referenced":true,"is_object_key_read_only":true,"is_user_provided_path_key":true,"transfer_complete":true,"is_partitioned":false,"complete_time_ticks":1692361612176,"user_data":{},"test_doc":0,"handle":{"type":"assetfiles","key":"data_asset/Retail Analytics Dashboard from CP4D.json","upload_id":"done","max_part_num":1},"usage":{"access_count":0,"last_accessor_id":"1000330999","last_access_time":1692361612176}}]}