{"metadata":{"asset_id":"5e665f4e-22bf-4a99-b5a6-4ef69cbc6185","asset_attributes":["data_asset"],"name":"retail-analytics-with-weather-glossary-categories.csv","asset_type":"data_asset","created_at":"2023-08-18T11:07:50Z","origin_country":"us","owner_id":"1000330999","project_id":"6bb7424d-df83-495c-837d-f9e5e8a307ee","size":11621,"tags":["daas-enriched"],"usage":{"last_update_time":1692357282008,"last_updated_at":"2023-08-18T11:14:42Z"}},"entity":{"data_asset":{"mime_type":"text/csv","dataset":false}},"attachments":[{"id":"f3227a8a-1f8c-4c5f-8ef3-bbc935ac57fd","version":2,"asset_type":"data_asset","name":"retail-analytics-with-weather-glossary-categories.csv","mime":"text/csv","datasource_type":"81bafdbd-b7c6-45c5-a4fd-6ec135f66f4e","object_key":"data_asset/retail-analytics-with-weather-glossary-categories.csv","creator_id":"1000330999","create_time":1692356870511,"size":507,"is_remote":false,"is_managed":false,"is_referenced":true,"is_object_key_read_only":true,"is_user_provided_path_key":true,"transfer_complete":true,"is_partitioned":false,"complete_time_ticks":1692356870511,"user_data":{},"test_doc":0,"handle":{"type":"assetfiles","key":"data_asset/retail-analytics-with-weather-glossary-categories.csv","upload_id":"done","max_part_num":1},"usage":{"access_count":0,"last_accessor_id":"1000330999","last_access_time":1692356870511}},{"id":"9799a526-999e-4434-aed5-04738f640f0c","version":2,"asset_type":"data_asset","mime":"application/vnd.ibm.bi.pq","datasource_type":"81bafdbd-b7c6-45c5-a4fd-6ec135f66f4e","object_key":"DaaS/5e665f4e-22bf-4a99-b5a6-4ef69cbc6185/pq/retail_analytics_with_weather_glossary_categories_csv","creator_id":"1000330999","create_time":1692357281482,"size":4598,"is_remote":false,"is_managed":false,"is_referenced":true,"is_object_key_read_only":false,"is_user_provided_path_key":true,"transfer_complete":true,"is_partitioned":false,"complete_time_ticks":1692357281482,"user_data":{},"test_doc":0,"handle":{"type":"assetfiles","key":"DaaS/5e665f4e-22bf-4a99-b5a6-4ef69cbc6185/pq/retail_analytics_with_weather_glossary_categories_csv","upload_id":"done","max_part_num":1},"usage":{"access_count":0,"last_accessor_id":"1000330999","last_access_time":1692357281482}},{"id":"c5afe392-10af-491b-bff2-e8a719ab2d27","version":2,"asset_type":"data_asset","mime":"application/json","datasource_type":"81bafdbd-b7c6-45c5-a4fd-6ec135f66f4e","object_key":"DaaS/5e665f4e-22bf-4a99-b5a6-4ef69cbc6185/module","creator_id":"1000330999","create_time":1692357281668,"size":6516,"is_remote":false,"is_managed":false,"is_referenced":true,"is_object_key_read_only":false,"is_user_provided_path_key":true,"transfer_complete":true,"is_partitioned":false,"complete_time_ticks":1692357281668,"user_data":{},"test_doc":0,"handle":{"type":"assetfiles","key":"DaaS/5e665f4e-22bf-4a99-b5a6-4ef69cbc6185/module","upload_id":"done","max_part_num":1},"usage":{"access_count":0,"last_accessor_id":"1000330999","last_access_time":1692357281668}}]}