{"metadata":{"asset_id":"87ff99c2-5e5c-4054-9e81-3dbe0da210c1","asset_attributes":["data_asset"],"name":"Retail and Weather Model Data.csv","asset_type":"data_asset","created_at":"2023-08-18T10:11:34Z","description":"","origin_country":"us","owner_id":"1000330999","project_id":"6bb7424d-df83-495c-837d-f9e5e8a307ee","size":3809887,"tags":["daas-enriched"],"usage":{"last_update_time":1692357282804,"last_updated_at":"2023-08-18T11:14:42Z"}},"entity":{"data_asset":{"mime_type":"text/csv","dataset":false}},"attachments":[{"id":"25f41573-96e8-40a2-820b-48ad35e5df99","version":2,"asset_type":"data_asset","name":"Retail and Weather Model Data.csv","mime":"text/csv","datasource_type":"81bafdbd-b7c6-45c5-a4fd-6ec135f66f4e","object_key":"data_asset/Retail and Weather Model Data.csv","creator_id":"icp4d-dev","create_time":1692353494985,"size":3334612,"is_remote":false,"is_managed":false,"is_referenced":true,"is_object_key_read_only":false,"is_user_provided_path_key":true,"transfer_complete":true,"is_partitioned":false,"complete_time_ticks":1692353494985,"user_data":{},"test_doc":0,"handle":{"type":"assetfiles","key":"data_asset/Retail and Weather Model Data.csv","upload_id":"done","max_part_num":1},"usage":{"access_count":0,"last_accessor_id":"icp4d-dev","last_access_time":1692353494985}},{"id":"1becf60c-f31c-4296-8b54-4b68c8bdb1f1","version":2,"asset_type":"data_asset","mime":"application/vnd.ibm.bi.pq","datasource_type":"81bafdbd-b7c6-45c5-a4fd-6ec135f66f4e","object_key":"DaaS/f2cbe777-4080-46ae-9990-0ac30a0aa5c7/pq/Retail_and_Weather_Model_Data_csv","creator_id":"icp4d-dev","create_time":1692353495199,"size":227355,"is_remote":false,"is_managed":false,"is_referenced":true,"is_object_key_read_only":false,"is_user_provided_path_key":true,"transfer_complete":true,"is_partitioned":false,"complete_time_ticks":1692353495199,"user_data":{},"test_doc":0,"handle":{"type":"assetfiles","key":"DaaS/f2cbe777-4080-46ae-9990-0ac30a0aa5c7/pq/Retail_and_Weather_Model_Data_csv","upload_id":"done","max_part_num":1},"usage":{"access_count":0,"last_accessor_id":"icp4d-dev","last_access_time":1692353495199}},{"id":"57df3168-b7e4-4bed-bc6b-dffc80a424e5","version":2,"asset_type":"data_asset","mime":"application/json","datasource_type":"81bafdbd-b7c6-45c5-a4fd-6ec135f66f4e","object_key":"DaaS/f2cbe777-4080-46ae-9990-0ac30a0aa5c7/module","creator_id":"icp4d-dev","create_time":1692353495417,"size":10635,"is_remote":false,"is_managed":false,"is_referenced":true,"is_object_key_read_only":false,"is_user_provided_path_key":true,"transfer_complete":true,"is_partitioned":false,"complete_time_ticks":1692353495417,"user_data":{},"test_doc":0,"handle":{"type":"assetfiles","key":"DaaS/f2cbe777-4080-46ae-9990-0ac30a0aa5c7/module","upload_id":"done","max_part_num":1},"usage":{"access_count":0,"last_accessor_id":"icp4d-dev","last_access_time":1692353495417}},{"id":"2b3a34a7-cffc-4d70-8c59-17cea2a9f653","version":2,"asset_type":"data_asset","mime":"application/vnd.ibm.bi.pq","datasource_type":"81bafdbd-b7c6-45c5-a4fd-6ec135f66f4e","object_key":"DaaS/87ff99c2-5e5c-4054-9e81-3dbe0da210c1/pq/Retail_and_Weather_Model_Data_csv","creator_id":"1000330999","create_time":1692357282340,"size":227356,"is_remote":false,"is_managed":false,"is_referenced":true,"is_object_key_read_only":false,"is_user_provided_path_key":true,"transfer_complete":true,"is_partitioned":false,"complete_time_ticks":1692357282340,"user_data":{},"test_doc":0,"handle":{"type":"assetfiles","key":"DaaS/87ff99c2-5e5c-4054-9e81-3dbe0da210c1/pq/Retail_and_Weather_Model_Data_csv","upload_id":"done","max_part_num":1},"usage":{"access_count":0,"last_accessor_id":"1000330999","last_access_time":1692357282340}},{"id":"e981229d-37d6-4b1f-8891-e25dc8275d62","version":2,"asset_type":"data_asset","mime":"application/json","datasource_type":"81bafdbd-b7c6-45c5-a4fd-6ec135f66f4e","object_key":"DaaS/87ff99c2-5e5c-4054-9e81-3dbe0da210c1/module","creator_id":"1000330999","create_time":1692357282803,"size":9929,"is_remote":false,"is_managed":false,"is_referenced":true,"is_object_key_read_only":false,"is_user_provided_path_key":true,"transfer_complete":true,"is_partitioned":false,"complete_time_ticks":1692357282803,"user_data":{},"test_doc":0,"handle":{"type":"assetfiles","key":"DaaS/87ff99c2-5e5c-4054-9e81-3dbe0da210c1/module","upload_id":"done","max_part_num":1},"usage":{"access_count":0,"last_accessor_id":"1000330999","last_access_time":1692357282803}}]}