{"metadata":{"asset_id":"091810c4-6773-4a2f-b864-fd87d380965d","asset_attributes":["data_asset"],"name":"INSTRUCTIONS_Retail And Weather 4.7.pdf","asset_type":"data_asset","created_at":"2023-08-18T10:11:34Z","origin_country":"us","owner_id":"1000330999","project_id":"6bb7424d-df83-495c-837d-f9e5e8a307ee","size":5413566,"usage":{"last_update_time":1692353495173,"last_updated_at":"2023-08-18T10:11:35Z"}},"entity":{"data_asset":{"mime_type":"application/pdf","dataset":false}},"attachments":[{"id":"b8e40358-f61d-4ef0-be7f-325634a12251","version":2,"asset_type":"data_asset","name":"INSTRUCTIONS_Retail And Weather 4.7.pdf","mime":"application/pdf","datasource_type":"81bafdbd-b7c6-45c5-a4fd-6ec135f66f4e","object_key":"data_asset/INSTRUCTIONS_Retail And Weather 4.7.pdf","creator_id":"icp4d-dev","create_time":1692353495015,"size":5413566,"is_remote":false,"is_managed":false,"is_referenced":true,"is_object_key_read_only":true,"is_user_provided_path_key":true,"transfer_complete":true,"is_partitioned":false,"complete_time_ticks":1692353495015,"user_data":{},"test_doc":0,"handle":{"type":"assetfiles","key":"data_asset/INSTRUCTIONS_Retail And Weather 4.7.pdf","upload_id":"done","max_part_num":1},"usage":{"access_count":0,"last_accessor_id":"icp4d-dev","last_access_time":1692353495015}}]}