{"metadata":{"asset_id":"475c8a65-f043-4ee4-8983-0c17900fa45e","asset_attributes":["job"],"name":"import-wkc-glossary-notebook-job","asset_type":"job","created_at":"2023-08-18T12:33:06Z","origin_country":"us","owner_id":"1000330999","project_id":"6bb7424d-df83-495c-837d-f9e5e8a307ee","size":0,"usage":{"last_update_time":1692361986409,"last_updated_at":"2023-08-18T12:33:06Z"}},"entity":{"job":{"asset_ref_type":"notebook","configuration":{"env_id":"rt231py-6bb7424d-df83-495c-837d-f9e5e8a307ee","file_ref":"","entrypoint":"","run_results":"log_and_new_notebook","env_type":"notebook","env_variables":[]},"last_run_initiator":"deprecated field","last_run_time":"deprecated field","last_run_status":"deprecated field","last_run_status_timestamp":0,"future_scheduled_runs":[],"enable_notifications":true,"retention_policy":{"amount":5},"project_name":"Weather-Retail-Analytics-4.7","asset_ref":"89fa96ca-1f12-4be7-a36d-1c73f0b6b3f8","schedule_id":"","schedule_creator_id":""}}}