ID,Scrap
"0085019C",1
"0201019C",1
"0043022C",1
"0069022C",1
"0214028C",1
"0049029C",1
"0164029C",1
"0367029C",1
"0378029C",1
"0048032C",1
"0117033C",1
"0288033C",1
"0747033C",1
"0749033C",1
"0343034C",1
"0600034C",1
"0017035C",1
"0269035C",1
"0161036C",1
"0230039C",1
"0250039C",1
"0048040C",1
"0148042C",1
"0289042C",1
"0411045C",1
"0472046C",1
"0821047C",1
"0039048C",1
"0435048C",1
"0437048C",1
"0451048C",1
"0048049C",1
"0066049C",1
"0008050C",1
"0197050C",1
"0649050C",1
"0691050C",1
"0699050C",1
"0751050C",1
"0763050C",1
"0781050C",1
"0825050C",1
"0829050C",1
"0837050C",1
"0847050C",1
"0849050C",1
"0001051C",1
"0029051C",1
"0035051C",1
"0041051C",1
"0062051C",1
"0105051C",1
"0106051C",1
"0149051C",1
"0153051C",1
"0280052C",1
"0007053C",1
"0042053C",1
"0154053C",1
"0063054C",1
"0096054C",1
"0232054C",1
"0372054C",1
"0383054C",1
"0413054C",1
"0061055C",1
"0067055C",1
"0069055C",1
"0176055C",1
"0197055C",1
"0263055C",1
"0466055C",1
"0511055C",1
"0524055C",1
"0539055C",1
"0569055C",1
"0573055C",1
"0639055C",1
"0669055C",1
"0671055C",1
"0693055C",1
"0730055C",1
"0738055C",1
"0742055C",1
"0752055C",1
"0035056C",1
"0038056C",1
"0060056C",1
"0064056C",1
"0109056C",1
"0131056C",1
"0140056C",1
"0159056C",1
"0161056C",1
"0218056C",1
"0217057C",1
"0051060C",1
"0143060C",1
"0144060C",1
"0227060C",1
"0230060C",1
"0261060C",1
"0269060C",1
"0361060C",1
"0377060C",1
"0389060C",1
"0428060C",1
"0470060C",1
"0506060C",1
"0527060C",1
"0561060C",1
"0018061C",1
"0133061C",1
"0230061C",1
"0239061C",1
"0241061C",1
"0275061C",1
"0447061C",1
"0527061C",1
"0081062C",1
"0337062C",1
"0706062C",1
"0710062C",1
"0012063C",1
"0269063C",1
"0315063C",1
"0426063C",1
"0455063C",1
"0497063C",1
"0615063C",1
"0696063C",1
"0023064C",1
"0259064C",1
"0301064C",1
"0415064C",1
"0435064C",1
"0529064C",1
"0544064C",1
"0025065C",1
"0029068C",1
"0120068C",1
"0147068C",1
"0244068C",1
"0245068C",1
"0269068C",1
"0273068C",1
"0280068C",1
"0305068C",1
"0452068C",1
"0467068C",1
"0031069C",1
"0537069C",1
"0749071C",1
"0155074C",1
"0020075C",1
"0151075C",1
"0239075C",1
"0285075C",1
"0297075C",1
"0309075C",1
"0325075C",1
"0505075C",1
"0585075C",1
"0819075C",1
"0123076C",1
"0073077C",1
"0137077C",1
"0148077C",1
"0045078C",1
"0141078C",1
"0142078C",1
"0143078C",1
"0177078C",1
"0184078C",1
"0196078C",1
"0199078C",1
"0211078C",1
"0216078C",1
"0456078C",1
"0631078C",1
"0344080C",1
"0053081C",1
"0059081C",1
"0103081C",1
"0109081C",1
"0111081C",1
"0187081C",1
"0207081C",1
"0415081C",1
"0438081C",1
"0454081C",1
"0456081C",1
"0474081C",1
"0527081C",1
"0543081C",1
"0551081C",1
"0567081C",1
"0583081C",1
"0600081C",1
"0015082C",1
"0025082C",1
"0039082C",1
"0042082C",1
"0060082C",1
"0122082C",1
"0129082C",1
"0141082C",1
"0179082C",1
"0193082C",1
"0202082C",1
"0207082C",1
"0229082C",1
"0249082C",1
"0319082C",1
"0325082C",1
"0349082C",1
"0351082C",1
"0396082C",1
"0402082C",1
"0469082C",1
"0494082C",1
"0496082C",1
"0500082C",1
"0537082C",1
"0645082C",1
"0655082C",1
"0034083C",1
"0044083C",1
"0073083C",1
"0096083C",1
"0108083C",1
"0132083C",1
"0146083C",1
"0148083C",1
"0218083C",1
"0220083C",1
"0238083C",1
"0252083C",1
"0254083C",1
"0260083C",1
"0261083C",1
"0264083C",1
"0275083C",1
"0276083C",1
"0325083C",1
"0334083C",1
"0385083C",1
"0389083C",1
"0394083C",1
"0437083C",1
"0487083C",1
"0491083C",1
"0501083C",1
"0504083C",1
"0535083C",1
"0548083C",1
"0553083C",1
"0554083C",1
"0556083C",1
"0559083C",1
"0045084C",1
"0056084C",1
"0088084C",1
"0108084C",1
"0134084C",1
"0149084C",1
"0157084C",1
"0172084C",1
"0183084C",1
"0189084C",1
"0217084C",1
"0224084C",1
"0231084C",1
"0234084C",1
"0242084C",1
"0361084C",1
"0368084C",1
"0372084C",1
"0377084C",1
"0407084C",1
"0417084C",1
"0431084C",1
"0435084C",1
"0437084C",1
"0439084C",1
"0459084C",1
"0489084C",1
"0491084C",1
"0493084C",1
"0502084C",1
"0511084C",1
"0523084C",1
"0535084C",1
"0549084C",1
"0791084C",1
"0805084C",1
"0806084C",1
"5018084C",1
"0017085C",1
"0027085C",1
"0035085C",1
"0040085C",1
"0048085C",1
"0050085C",1
"0053085C",1
"0058085C",1
"0062085C",1
"0073085C",1
"0011089C",1
"0017089C",1
"0037089C",1
"0059089C",1
"0061089C",1
"0085089C",1
"0096089C",1
"0133089C",1
"0155089C",1
"0173089C",1
"0227089C",1
"0323089C",1
"0372089C",1
"0403089C",1
"0413089C",1
"0431089C",1
"0442089C",1
"0450089C",1
"0460089C",1
"0461089C",1
"0469089C",1
"0485089C",1
"0489089C",1
"0513089C",1
"0521089C",1
"0524089C",1
"0528089C",1
"0532089C",1
"0535089C",1
"0018090C",1
"0058090C",1
"0066090C",1
"0083090C",1
"0084090C",1
"0105090C",1
"0129090C",1
"0135090C",1
"0167090C",1
"0185090C",1
"0210090C",1
"0212090C",1
"0218090C",1
"0222090C",1
"0224090C",1
"0258090C",1
"0304090C",1
"0313090C",1
"0319090C",1
"0338090C",1
"0347090C",1
"0349090C",1
"0355090C",1
"0408090C",1
"0417090C",1
"0457090C",1
"0460090C",1
"0489090C",1
"0537090C",1
"0538090C",1
"0545090C",1
"0583090C",1
"0019091C",1
"0024091C",1
"0107091C",1
"0141091C",1
"0187091C",1
"0195091C",1
"0199091C",1
"0203091C",1
"0285091C",1
"0297091C",1
"0355091C",1
"0384091C",1
"0399091C",1
"0520091C",1
"0169092C",1
"0436092C",1
"0511092C",1
"0051110C",1
"0079110C",1
"0093110C",1
"0097110C",1
"0117110C",1
"0209112C",1
"0215112C",1
"0219112C",1
"0281112C",1
"0840112C",1
"0201113C",1
"0340113C",1
"0367113C",1
"0525113C",1
"0569113C",1
"0634113C",1
"0639113C",1
"0701113C",1
"0002117C",1
"0013117C",1
"0086118C",1
"0013119C",1
"0262119C",1
"0549119C",1
"0590119C",1
"0022123C",1
"0240123C",1
"0622124C",1
"0637124C",1
"0643124C",1
"0319130C",1
"0327130C",1
"0585130C",1
"0074131C",1
"0148131C",1
"0231131C",1
"0291131C",1
"0335131C",1
"0376131C",1
"0812131C",1
"0060132C",1
"0079132C",1
"0085132C",1
"0089132C",1
"0147132C",1
"0152132C",1
"0159132C",1
"0165132C",1
"0166132C",1
"0174132C",1
"0235132C",1
"0245132C",1
"0273132C",1
"0507132C",1
"0004133C",1
"0077133C",1
"0085133C",1
"0111133C",1
"0124133C",1
"0126133C",1
"0145133C",1
"0147133C",1
"0148133C",1
"0149133C",1
"0168133C",1
"0176133C",1
"0196133C",1
"0229133C",1
"0231133C",1
"0233133C",1
"0235133C",1
"0293133C",1
"0296133C",1
"0301133C",1
"0308133C",1
"0312133C",1
"0316133C",1
"0323133C",1
"0329133C",1
"0355133C",1
"0388133C",1
"0393133C",1
"0409133C",1
"0410133C",1
"0433133C",1
"0794133C",1
"0177134C",1
"0237134C",1
"0280134C",1
"0330134C",1
"0338134C",1
"0343134C",1
"0347134C",1
"0352134C",1
"0360134C",1
"0361134C",1
"0362134C",1
"0364134C",1
"0366134C",1
"0368134C",1
"0372134C",1
"0408134C",1
"0414134C",1
"0415134C",1
"0417134C",1
"0420134C",1
"0426134C",1
"0429134C",1
"0438134C",1
"0443134C",1
"0444134C",1
"0452134C",1
"0453134C",1
"0454134C",1
"0462134C",1
"0468134C",1
"0472134C",1
"0474134C",1
"0475134C",1
"0476134C",1
"0477134C",1
"0482134C",1
"0483134C",1
"0500134C",1
"0502134C",1
"0503134C",1
"0504134C",1
"0510134C",1
"0514134C",1
"0516134C",1
"0518134C",1
"0520134C",1
"0527134C",1
"0539134C",1
"0543134C",1
"0556134C",1
"0561134C",1
"0578134C",1
"0582134C",1
"0603134C",1
"0624134C",1
"0658134C",1
"0664134C",1
"0671134C",1
"0681134C",1
"0686134C",1
"0704134C",1
"0720134C",1
"0723134C",1
"0725134C",1
"0753134C",1
"0761134C",1
"0791134C",1
"0799134C",1
"0806134C",1
"0008135C",1
"0017135C",1
"0031135C",1
"0046135C",1
"0085135C",1
"0128135C",1
"0657135C",1
"0005137C",1
"0016137C",1
"0021137C",1
"0049137C",1
"0050137C",1
"0098138C",1
"0104138C",1
"0107138C",1
"0114138C",1
"0132138C",1
"0168138C",1
"0180138C",1
"0186138C",1
"0205138C",1
"0208138C",1
"0218138C",1
"0226138C",1
"0234138C",1
"0239138C",1
"0277138C",1
"0339138C",1
"0368138C",1
"0413138C",1
"0414138C",1
"0441138C",1
"0442138C",1
"0448138C",1
"0450138C",1
"0461138C",1
"0486138C",1
"0493138C",1
"0497138C",1
"0529138C",1
"0551138C",1
"0558138C",1
"0002139C",1
"0032139C",1
"0045139C",1
"0053139C",1
"0059139C",1
"0061139C",1
"0062139C",1
"0070139C",1
"0077139C",1
"0082139C",1
"0104139C",1
"0441139C",1
"0237140C",1
"0524140C",1
"0090141C",1
"0171141C",1
"0178141C",1
"0192141C",1
"0195141C",1
"0211141C",1
"0261141C",1
"0294141C",1
"0340141C",1
"0382141C",1
"0006142C",1
"0126142C",1
"0170142C",1
"0014144C",1
"0072144C",1
"0080144C",1
"0107144C",1
"0108144C",1
"0118144C",1
"0146144C",1
"0167144C",1
"0197144C",1
"0205144C",1
"0209144C",1
"0330144C",1
"0086146C",1
"0266146C",1
"0745146C",1
"0761146C",1
"0764146C",1
"0783146C",1
"0788146C",1
"0789146C",1
"0822146C",1
"0828146C",1
"0017147C",1
"0024147C",1
"0040147C",1
"0072147C",1
"0080147C",1
"0602153C",1
"0458154C",1
"0164155C",1
"0312155C",1
"0326155C",1
"0337155C",1
"0338155C",1
"0347155C",1
"0351155C",1
"0355155C",1
"0356155C",1
"0362155C",1
"0366155C",1
"0372155C",1
"0377155C",1
"0406155C",1
"0412155C",1
"0454155C",1
"0467155C",1
"0472155C",1
"0476155C",1
"0477155C",1
"0478155C",1
"0482155C",1
"0483155C",1
"0484155C",1
"0485155C",1
"0493155C",1
"0496155C",1
"0499155C",1
"0511155C",1
"0512155C",1
"0513155C",1
"0518155C",1
"0541155C",1
"0592155C",1
"0672155C",1
"0761155C",1
"0782155C",1
"0783155C",1
"0787155C",1
"0788155C",1
"0829155C",1
"0830155C",1
"0835155C",1
"0836155C",1
"0846155C",1
"0857155C",1
"0859155C",1
"0861155C",1
"0864155C",1
"0870155C",1
"0898155C",1
"0901155C",1
"0903155C",1
"0904155C",1
"0920155C",1
"0921155C",1
"0932155C",1
"0946155C",1
"0947155C",1
"0954155C",1
"0955155C",1
"0971155C",1
"0985155C",1
"0994155C",1
"1008155C",1
"1009155C",1
"1011155C",1
"1016155C",1
"1017155C",1
"1021155C",1
"1024155C",1
"1027155C",1
"1038155C",1
"1042155C",1
"1055155C",1
"1057155C",1
"1063155C",1
"1074155C",1
"1080155C",1
"1089155C",1
"1092155C",1
"1093155C",1
"1094155C",1
"1099155C",1
"1101155C",1
"1102155C",1
"1109155C",1
"1111155C",1
"1114155C",1
"1115155C",1
"1116155C",1
"1118155C",1
"1119155C",1
"1121155C",1
"1122155C",1
"1123155C",1
"1127155C",1
"1128155C",1
"1129155C",1
"1135155C",1
"1136155C",1
"1139155C",1
"1143155C",1
"1144155C",1
"1183155C",1
"1187155C",1
"1189155C",1
"1191155C",1
"1196155C",1
"1197155C",1
"1198155C",1
"1201155C",1
"1205155C",1
"1211155C",1
"1212155C",1
"1214155C",1
"0021158C",1
"0068158C",1
"0073158C",1
"0084158C",1
"0108158C",1
"0114158C",1
"0137158C",1
"0157158C",1
"0161158C",1
"0207158C",1
"0213158C",1
"0256158C",1
"0269158C",1
"0274158C",1
"0277158C",1
"0285158C",1
"0303158C",1
"0304158C",1
"0310158C",1
"0332158C",1
"0334158C",1
"0336158C",1
"0347158C",1
"0363158C",1
"0370158C",1
"0371158C",1
"0379158C",1
"0380158C",1
"0383158C",1
"0386158C",1
"0387158C",1
"0391158C",1
"0393158C",1
"0395158C",1
"0397158C",1
"0401158C",1
"0409158C",1
"0413158C",1
"0414158C",1
"0430158C",1
"0432158C",1
"0440158C",1
"0444158C",1
"0447158C",1
"0466158C",1
"0489158C",1
"0490158C",1
"0492158C",1
"0494158C",1
"0519158C",1
"0524158C",1
"0525158C",1
"0532158C",1
"0538158C",1
"0540158C",1
"0541158C",1
"0544158C",1
"0548158C",1
"0554158C",1
"0555158C",1
"0556158C",1
"0557158C",1
"0559158C",1
"0560158C",1
"0562158C",1
"0565158C",1
"0567158C",1
"0570158C",1
"0571158C",1
"0572158C",1
"0577158C",1
"0580158C",1
"0584158C",1
"0585158C",1
"0586158C",1
"0589158C",1
"0590158C",1
"0593158C",1
"0595158C",1
"0598158C",1
"0600158C",1
"0601158C",1
"0602158C",1
"0603158C",1
"0604158C",1
"0605158C",1
"0606158C",1
"0609158C",1
"0610158C",1
"0611158C",1
"0613158C",1
"0615158C",1
"0617158C",1
"0620158C",1
"0624158C",1
"0625158C",1
"0626158C",1
"0628158C",1
"0633158C",1
"0636158C",1
"0646158C",1
"0648158C",1
"0651158C",1
"0653158C",1
"0654158C",1
"0656158C",1
"0658158C",1
"0660158C",1
"0662158C",1
"0664158C",1
"0665158C",1
"0667158C",1
"0668158C",1
"0670158C",1
"0677158C",1
"0678158C",1
"0679158C",1
"0680158C",1
"0681158C",1
"0690158C",1
"0008159C",1
"0012159C",1
"0013159C",1
"0014159C",1
"0015159C",1
"0016159C",1
"0017159C",1
"0018159C",1
"0019159C",1
"0023159C",1
"0025159C",1
"0026159C",1
"0028159C",1
"0029159C",1
"0031159C",1
"0032159C",1
"0037159C",1
"0045159C",1
"0049159C",1
"0059159C",1
"0061159C",1
"0071159C",1
"0096159C",1
"0109159C",1
"0116159C",1
"0118159C",1
"0126159C",1
"0164159C",1
"0181159C",1
"0188159C",1
"0226159C",1
"0255159C",1
"0260159C",1
"0304159C",1
"0320159C",1
"0331159C",1
"0368159C",1
"0406159C",1
"0410159C",1
"0437159C",1
"0441159C",1
"0446159C",1
"0448159C",1
"0476159C",1
"0502159C",1
"0504159C",1
"0612159C",1
"0638159C",1
"0658159C",1
"0674159C",1
"0675159C",1
"0686159C",1
"0695159C",1
"0723159C",1
"0013160C",1
"0021160C",1
"0024160C",1
"0027160C",1
"0033160C",1
"0064160C",1
"0069160C",1
"0081160C",1
"0087160C",1
"0101160C",1
"0119160C",1
"0123160C",1
"0133160C",1
"0147160C",1
"0150160C",1
"0170160C",1
"0267160C",1
"0294160C",1
"0353160C",1
"0360160C",1
"0367160C",1
"1097160C",1
"0019161C",1
"0033161C",1
"0037161C",1
"0039161C",1
"0057161C",1
"0063161C",1
"0071161C",1
"0079161C",1
"0091161C",1
"0095161C",1
"0137161C",1
"0139161C",1
"0151161C",1
"0157161C",1
"0159161C",1
"0164161C",1
"0173161C",1
"0198161C",1
"0204161C",1
"0208161C",1
"0209161C",1
"0212161C",1
"0214161C",1
"0220161C",1
"0221161C",1
"0235161C",1
"0236161C",1
"0241161C",1
"0252161C",1
"0254161C",1
"0267161C",1
"0269161C",1
"0271161C",1
"0276161C",1
"0282161C",1
"0295161C",1
"0302161C",1
"0320161C",1
"0331161C",1
"0335161C",1
"0339161C",1
"0345161C",1
"0363161C",1
"0367161C",1
"0374161C",1
"0381161C",1
"0384161C",1
"0399161C",1
"0410161C",1
"0423161C",1
"0427161C",1
"0433161C",1
"0447161C",1
"0449161C",1
"0454161C",1
"0463161C",1
"0465161C",1
"0473161C",1
"0476161C",1
"0477161C",1
"0489161C",1
"0513161C",1
"0517161C",1
"0521161C",1
"0523161C",1
"0532161C",1
"0536161C",1
"0542161C",1
"0574161C",1
"0578161C",1
"0583161C",1
"0593161C",1
"0595161C",1
"0949161C",1
"0007162C",1
"0019162C",1
"0027162C",1
"0056162C",1
"0073162C",1
"0105162C",1
"0138162C",1
"0146162C",1
"0152162C",1
"0164162C",1
"0170162C",1
"0174162C",1
"0182162C",1
"0186162C",1
"0224162C",1
"0236162C",1
"0240162C",1
"0246162C",1
"0249162C",1
"0266162C",1
"0268162C",1
"0288162C",1
"0290162C",1
"0325162C",1
"0342162C",1
"0348162C",1
"0350162C",1
"0355162C",1
"0365162C",1
"0371162C",1
"0395162C",1
"0415162C",1
"0416162C",1
"0420162C",1
"0426162C",1
"0442162C",1
"0446162C",1
"0452162C",1
"0464162C",1
"0472162C",1
"0474162C",1
"0480162C",1
"0486162C",1
"0490162C",1
"0494162C",1
"0502162C",1
"0508162C",1
"0515162C",1
"0522162C",1
"0526162C",1
"0528162C",1
"0540162C",1
"0546162C",1
"0548162C",1
"0554162C",1
"0574162C",1
"0648162C",1
"0673162C",1
"0676162C",1
"0702162C",1
"0705162C",1
"0722162C",1
"0742162C",1
"0752162C",1
"0758162C",1
"0764162C",1
"0770162C",1
"0773162C",1
"0001163C",1
"0002163C",1
"0003163C",1
"0008163C",1
"0010163C",1
"0013163C",1
"0014163C",1
"0015163C",1
"0018163C",1
"0031163C",1
"0033163C",1
"0034163C",1
"0036163C",1
"0049163C",1
"0053163C",1
"0054163C",1
"0055163C",1
"0059163C",1
"0064163C",1
"0065163C",1
"0066163C",1
"0068163C",1
"0070163C",1
"0071163C",1
"0072163C",1
"0073163C",1
"0074163C",1
"0076163C",1
"0078163C",1
"0079163C",1
"0080163C",1
"0081163C",1
"0083163C",1
"0085163C",1
"0087163C",1
"0088163C",1
"0089163C",1
"0091163C",1
"0096163C",1
"0097163C",1
"0100163C",1
"0103163C",1
"0104163C",1
"0107163C",1
"0109163C",1
"0111163C",1
"0112163C",1
"0113163C",1
"0115163C",1
"0116163C",1
"0117163C",1
"0121163C",1
"0125163C",1
"0126163C",1
"0128163C",1
"0130163C",1
"0132163C",1
"0134163C",1
"0135163C",1
"0143163C",1
"0145163C",1
"0147163C",1
"0148163C",1
"0150163C",1
"0151163C",1
"0152163C",1
"0159163C",1
"0164163C",1
"0001164C",1
"0002164C",1
"0003164C",1
"0016164C",1
"0019164C",1
"0020164C",1
"0028164C",1
"0029164C",1
"0031164C",1
"0036164C",1
"0044164C",1
"0045164C",1
"0048164C",1
"0050164C",1
"0052164C",1
"0053164C",1
"0057164C",1
"0058164C",1
"0062164C",1
"0066164C",1
"0068164C",1
"0076164C",1
"0077164C",1
"0105164C",1
"0002165C",1
"0003165C",1
"0016165C",1
"0022165C",1
"0025165C",1
"0026165C",1
"0034165C",1
"0036165C",1
"0039165C",1
"0044165C",1
"0052165C",1
"0066165C",1
"0101165C",1
"0109165C",1
"0110165C",1
"0112165C",1
"0126165C",1
"0130165C",1
"0150165C",1
"0175165C",1
"0205165C",1
"0226165C",1
"0356165C",1
"0038166C",1
"0054166C",1
"0056166C",1
"0084166C",1
"0110166C",1
"0111166C",1
"0128166C",1
"0133166C",1
"0155166C",1
"0168166C",1
"0184166C",1
"0194166C",1
"0197166C",1
"0224166C",1
"0243166C",1
"0254166C",1
"0276166C",1
"0312166C",1
"0345166C",1
"0352166C",1
"0638166C",1
"0902166C",1
"0952166C",1
"0990166C",1
"1008166C",1
"0126167C",1
"0136167C",1
"0246167C",1
"0300167C",1
"0338167C",1
"0392167C",1
"0402167C",1
"0405167C",1
"0421167C",1
"0470167C",1
"0485167C",1
"0497167C",1
"0501167C",1
"0509167C",1
"0563167C",1
"0571167C",1
"0582167C",1
"0598167C",1
"0612167C",1
"0623167C",1
"0138168C",1
"0195168C",1
"0204168C",1
"0213168C",1
"0235168C",1
"0266168C",1
"0302168C",1
"0324168C",1
"0354168C",1
"0398168C",1
"0428168C",1
"0446168C",1
"0450168C",1
"0468168C",1
"0493168C",1
"0622168C",1
"0657168C",1
"0693168C",1
"0730168C",1
"0063169C",1
"0088169C",1
"0089169C",1
"0130169C",1
"0141169C",1
"0142169C",1
"0152169C",1
"0211169C",1
"0245169C",1
"0314169C",1
"0324169C",1
"0334169C",1
"0340169C",1
"0341169C",1
"0355169C",1
"0358169C",1
"0360169C",1
"0365169C",1
"0367169C",1
"0369169C",1
"0371169C",1
"0372169C",1
"0419169C",1
"0420169C",1
"0423169C",1
"0424169C",1
"0425169C",1
"0426169C",1
"0427169C",1
"0432169C",1
"0436169C",1
"0441169C",1
"0447169C",1
"0449169C",1
"0451169C",1
"0458169C",1
"0463169C",1
"0464169C",1
"0465169C",1
"0468169C",1
"0469169C",1
"0472169C",1
"0473169C",1
"0486169C",1
"0492169C",1
"0501169C",1
"0502169C",1
"0503169C",1
"0508169C",1
"0514169C",1
"0517169C",1
"0518169C",1
"0519169C",1
"0523169C",1
"0526169C",1
"0528169C",1
"0532169C",1
"0540169C",1
"0543169C",1
"0544169C",1
"0545169C",1
"0546169C",1
"0549169C",1
"0552169C",1
"0553169C",1
"0554169C",1
"0560169C",1
"0562169C",1
"0563169C",1
"0564169C",1
"0568169C",1
"0569169C",1
"0571169C",1
"0572169C",1
"0573169C",1
"0578169C",1
"0582169C",1
"0583169C",1
"0585169C",1
"0588169C",1
"0591169C",1
"0596169C",1
"0601169C",1
"0602169C",1
"0604169C",1
"0608169C",1
"0617169C",1
"0627169C",1
"0631169C",1
"0632169C",1
"0655169C",1
"0667169C",1
"0670169C",1
"0672169C",1
"0673169C",1
"0674169C",1
"0680169C",1
"0681169C",1
"0683169C",1
"0685169C",1
"0686169C",1
"0687169C",1
"0688169C",1
"0690169C",1
"0707169C",1
"0716169C",1
"0738169C",1
"0740169C",1
"0762169C",1
"0768169C",1
"0007170C",1
"0009170C",1
"0010170C",1
"0011170C",1
"0014170C",1
"0018170C",1
"0020170C",1
"0023170C",1
"0024170C",1
"0026170C",1
"0030170C",1
"0032170C",1
"0037170C",1
"0040170C",1
"0042170C",1
"0044170C",1
"0045170C",1
"0048170C",1
"0050170C",1
"0051170C",1
"0052170C",1
"0054170C",1
"0057170C",1
"0062170C",1
"0066170C",1
"0073170C",1
"0076170C",1
"0089170C",1
"0097170C",1
"0132170C",1
"0135170C",1
"0143170C",1
"0172170C",1
"0196170C",1
"0207170C",1
"0209170C",1
"0220170C",1
"0226170C",1
"0231170C",1
"0237170C",1
"0250170C",1
"0260170C",1
"0269170C",1
"0271170C",1
"0277170C",1
"0280170C",1
"0281170C",1
"0282170C",1
"0285170C",1
"0286170C",1
"0288170C",1
"0291170C",1
"0302170C",1
"0306170C",1
"0309170C",1
"0323170C",1
"0330170C",1
"0336170C",1
"0337170C",1
"0347170C",1
"0348170C",1
"0359170C",1
"0393170C",1
"0540170C",1
"0541170C",1
"0555170C",1
"0350171C",1
"0151172C",1
"0152172C",1
"0154172C",1
"0162172C",1
"0166172C",1
"0169172C",1
"0173172C",1
"0184172C",1
"0190172C",1
"0193172C",1
"0204172C",1
"0211172C",1
"0215172C",1
"0217172C",1
"0220172C",1
"0221172C",1
"0224172C",1
"0226172C",1
"0228172C",1
"0231172C",1
"0235172C",1
"0236172C",1
"0243172C",1
"0244172C",1
"0247172C",1
"0248172C",1
"0251172C",1
"0253172C",1
"0254172C",1
"0255172C",1
"0261172C",1
"0262172C",1
"0263172C",1
"0264172C",1
"0265172C",1
"0267172C",1
"0278172C",1
"0280172C",1
"0285172C",1
"0291172C",1
"0294172C",1
"0306172C",1
"0309172C",1
"0315172C",1
"0316172C",1
"0319172C",1
"0326172C",1
"0328172C",1
"0332172C",1
"0336172C",1
"0342172C",1
"0349172C",1
"0353172C",1
"0355172C",1
"0356172C",1
"0358172C",1
"0360172C",1
"0365172C",1
"0367172C",1
"0371172C",1
"0373172C",1
"0374172C",1
"0375172C",1
"0376172C",1
"0378172C",1
"0384172C",1
"0389172C",1
"0391172C",1
"0394172C",1
"0399172C",1
"0403172C",1
"0406172C",1
"0421172C",1
"0426172C",1
"0434172C",1
"0435172C",1
"0444172C",1
"0445172C",1
"0450172C",1
"0457172C",1
"0459172C",1
"0477172C",1
"0478172C",1
"0484172C",1
"0494172C",1
"0496172C",1
"0505172C",1
"0506172C",1
"0512172C",1
"0513172C",1
"0516172C",1
"0521172C",1
"0523172C",1
"0526172C",1
"0529172C",1
"0531172C",1
"0533172C",1
"0534172C",1
"0541172C",1
"0543172C",1
"0546172C",1
"0555172C",1
"0562172C",1
"0564172C",1
"0565172C",1
"0566172C",1
"0568172C",1
"0571172C",1
"0572172C",1
"0576172C",1
"0577172C",1
"0581172C",1
"0583172C",1
"0584172C",1
"0588172C",1
"0589172C",1
"0590172C",1
"0593172C",1
"0596172C",1
"0598172C",1
"0601172C",1
"0604172C",1
"0606172C",1
"0607172C",1
"0608172C",1
"0609172C",1
"0610172C",1
"0613172C",1
"0616172C",1
"0617172C",1
"0623172C",1
"0624172C",1
"0625172C",1
"0626172C",1
"0627172C",1
"0628172C",1
"0631172C",1
"0632172C",1
"0634172C",1
"0637172C",1
"0642172C",1
"0645172C",1
"0646172C",1
"0648172C",1
"0649172C",1
"0651172C",1
"0652172C",1
"0656172C",1
"0658172C",1
"0661172C",1
"0663172C",1
"0664172C",1
"0665172C",1
"0666172C",1
"0667172C",1
"0668172C",1
"0672172C",1
"0693172C",1
"0697172C",1
"0700172C",1
"0701172C",1
"0719172C",1
"0720172C",1
"0733172C",1
"0750172C",1
"0754172C",1
"0755172C",1
"0757172C",1
"0767172C",1
"0781172C",1
"0782172C",1
"0788172C",1
"0789172C",1
"0790172C",1
"0791172C",1
"0792172C",1
"0002173C",1
"0005173C",1
"0006173C",1
"0010173C",1
"0014173C",1
"0015173C",1
"0016173C",1
"0020173C",1
"0025173C",1
"0026173C",1
"0055173C",1
"0056173C",1
"0058173C",1
"0062173C",1
"0064173C",1
"0065173C",1
"0068173C",1
"0071173C",1
"0072173C",1
"0075173C",1
"0081173C",1
"0082173C",1
"0085173C",1
"0106173C",1
"0110173C",1
"0123173C",1
"0128173C",1
"0371173C",1
"0014174C",1
"0016174C",1
"0087174C",1
"0146174C",1
"0154174C",1
"0166174C",1
"0177174C",1
"0181174C",1
"0182174C",1
"0187174C",1
"0194174C",1
"0200174C",1
"0204174C",1
"0217174C",1
"0233174C",1
"0236174C",1
"0241174C",1
"0242174C",1
"0258174C",1
"0274174C",1
"0282174C",1
"0288174C",1
"0291174C",1
"0297174C",1
"0304174C",1
"0307174C",1
"0311174C",1
"0314174C",1
"0315174C",1
"0316174C",1
"0324174C",1
"0326174C",1
"0330174C",1
"0335174C",1
"0339174C",1
"0340174C",1
"0348174C",1
"0350174C",1
"0356174C",1
"0360174C",1
"0366174C",1
"0374174C",1
"0380174C",1
"0382174C",1
"0384174C",1
"0390174C",1
"0392174C",1
"0395174C",1
"0397174C",1
"0408174C",1
"0410174C",1
"0411174C",1
"0413174C",1
"0415174C",1
"0417174C",1
"0418174C",1
"0422174C",1
"0424174C",1
"0425174C",1
"0426174C",1
"0428174C",1
"0430174C",1
"0432174C",1
"0433174C",1
"0435174C",1
"0436174C",1
"0440174C",1
"0441174C",1
"0442174C",1
"0443174C",1
"0444174C",1
"0448174C",1
"0453174C",1
"0464174C",1
"0470174C",1
"0475174C",1
"0481174C",1
"0494174C",1
"0002175C",1
"0003175C",1
"0009175C",1
"0012175C",1
"0013175C",1
"0016175C",1
"0019175C",1
"0021175C",1
"0022175C",1
"0028175C",1
"0030175C",1
"0031175C",1
"0032175C",1
"0038175C",1
"0043175C",1
"0051175C",1
"0052175C",1
"0058175C",1
"0062175C",1
"0064175C",1
"0066175C",1
"0068175C",1
"0103175C",1
"0111175C",1
"0112175C",1
"0114175C",1
"0118175C",1
"0120175C",1
"0126175C",1
"0129175C",1
"0132175C",1
"0137175C",1
"0139175C",1
"0140175C",1
"0141175C",1
"0143175C",1
"0145175C",1
"0148175C",1
"0150175C",1
"0160175C",1
"0161175C",1
"0163175C",1
"0164175C",1
"0168175C",1
"0170175C",1
"0172175C",1
"0173175C",1
"0175175C",1
"0177175C",1
"0179175C",1
"0206175C",1
"0225175C",1
"0257175C",1
"0258175C",1
"0281175C",1
"0282175C",1
"0284175C",1
"0286175C",1
"0297175C",1
"0302175C",1
"0308175C",1
"0313175C",1
"0314175C",1
"0315175C",1
"0324175C",1
"0326175C",1
"0327175C",1
"0328175C",1
"0330175C",1
"0331175C",1
"0334175C",1
"0336175C",1
"0343175C",1
"0348175C",1
"0350175C",1
"0358175C",1
"0362175C",1
"0363175C",1
"0366175C",1
"0397175C",1
"0403175C",1
"0410175C",1
"0446175C",1
"0450175C",1
"0453175C",1
"0472175C",1
"0509175C",1
"0531175C",1
"0554175C",1
"0575175C",1
"0583175C",1
"0643175C",1
"0861175C",1
"0053176C",1
"0065176C",1
"0074176C",1
"0078176C",1
"0079176C",1
"0080176C",1
"0101176C",1
"0112176C",1
"0116176C",1
"0126176C",1
"0130176C",1
"0145176C",1
"0146176C",1
"0158176C",1
"0160176C",1
"0162176C",1
"0164176C",1
"0170176C",1
"0175176C",1
"0176176C",1
"0178176C",1
"0184176C",1
"0186176C",1
"0189176C",1
"0204176C",1
"0210176C",1
"0214176C",1
"0220176C",1
"0222176C",1
"0228176C",1
"0233176C",1
"0236176C",1
"0238176C",1
"0244176C",1
"0250176C",1
"0257176C",1
"0262176C",1
"0267176C",1
"0268176C",1
"0275176C",1
"0280176C",1
"0283176C",1
"0284176C",1
"0285176C",1
"0286176C",1
"0292176C",1
"0294176C",1
"0297176C",1
"0314176C",1
"0317176C",1
"0321176C",1
"0323176C",1
"0328176C",1
"0335176C",1
"0338176C",1
"0340176C",1
"0341176C",1
"0342176C",1
"0343176C",1
"0363176C",1
"0364176C",1
"0373176C",1
"0374176C",1
"0376176C",1
"0382176C",1
"0386176C",1
"0387176C",1
"0390176C",1
"0400176C",1
"0401176C",1
"0403176C",1
"0404176C",1
"0406176C",1
"0407176C",1
"0410176C",1
"0412176C",1
"0422176C",1
"0424176C",1
"0425176C",1
"0436176C",1
"0438176C",1
"0441176C",1
"0443176C",1
"0446176C",1
"0450176C",1
"0465176C",1
"0466176C",1
"0470176C",1
"0471176C",1
"0473176C",1
"0476176C",1
"0442177C",1
"0007178C",1
"0008178C",1
"0009178C",1
"0010178C",1
"0493178C",1
"0007179C",1
"0008179C",1
"0012179C",1
"0014179C",1
"0015179C",1
"0016179C",1
"0017179C",1
"0020179C",1
"0022179C",1
"0024179C",1
"0025179C",1
"0026179C",1
"0033179C",1
"0034179C",1
"0038179C",1
"0040179C",1
"0041179C",1
"0047179C",1
"0048179C",1
"0049179C",1
"0050179C",1
"0051179C",1
"0052179C",1
"0057179C",1
"0077179C",1
"0087179C",1
"0092179C",1
"0095179C",1
"0100179C",1
"0111179C",1
"0131179C",1
"0151179C",1
"0161179C",1
"0174179C",1
"0175179C",1
"0185179C",1
"0186179C",1
"0193179C",1
"0196179C",1
"0199179C",1
"0200179C",1
"0202179C",1
"0213179C",1
"0216179C",1
"0221179C",1
"0222179C",1
"0224179C",1
"0225179C",1
"0226179C",1
"0227179C",1
"0229179C",1
"0230179C",1
"0233179C",1
"0234179C",1
"0235179C",1
"0237179C",1
"0239179C",1
"0241179C",1
"0244179C",1
"0245179C",1
"0247179C",1
"0248179C",1
"0249179C",1
"0250179C",1
"0251179C",1
"0253179C",1
"0254179C",1
"0255179C",1
"0261179C",1
"0263179C",1
"0264179C",1
"0265179C",1
"0267179C",1
"0269179C",1
"0291179C",1
"0299179C",1
"0301179C",1
"0323179C",1
"0329179C",1
"0331179C",1
"0355179C",1
"0361179C",1
"0367179C",1
"0371179C",1
"0377179C",1
"0391179C",1
"0397179C",1
"0402179C",1
"0403179C",1
"0043180C",1
"0051180C",1
"0077180C",1
"0138180C",1
"0140180C",1
"0157180C",1
"0168180C",1
"0171180C",1
"0192180C",1
"0237180C",1
"0244180C",1
"0281180C",1
"0350180C",1
"0391180C",1
"0417180C",1
"0427180C",1
"0445180C",1
"0453180C",1
"0459180C",1
"0461180C",1
"0473180C",1
"0481180C",1
"0482180C",1
"0498180C",1
"0509180C",1
"0515180C",1
"0517180C",1
"0565180C",1
"0574180C",1
"0580180C",1
"0594180C",1
"0615180C",1
"0620180C",1
"0652180C",1
"0678180C",1
"0682180C",1
"0684180C",1
"0686180C",1
"0764180C",1
"0776180C",1
"0778180C",1
"0782180C",1
"0791180C",1
"0794180C",1
"0808180C",1
"0844180C",1
"0846180C",1
"0847180C",1
"0849180C",1
"0852180C",1
"0869180C",1
"0920180C",1
"0006181C",1
"0009181C",1
"0015181C",1
"0030181C",1
"0055181C",1
"0064181C",1
"0074181C",1
"0078181C",1
"0083181C",1
"0084181C",1
"0085181C",1
"0088181C",1
"0090181C",1
"0099181C",1
"0109181C",1
"0117181C",1
"0123181C",1
"0125181C",1
"0127181C",1
"0130181C",1
"0131181C",1
"0140181C",1
"0147181C",1
"0151181C",1
"0156181C",1
"0159181C",1
"0161181C",1
"0162181C",1
"0172181C",1
"0175181C",1
"0181181C",1
"0185181C",1
"0186181C",1
"0189181C",1
"0201181C",1
"0214181C",1
"0235181C",1
"0973181C",1
"0051182C",1
"0052182C",1
"0053182C",1
"0056182C",1
"0057182C",1
"0062182C",1
"0064182C",1
"0068182C",1
"0070182C",1
"0072182C",1
"0084182C",1
"0087182C",1
"0091182C",1
"0092182C",1
"0093182C",1
"0096182C",1
"0097182C",1
"0098182C",1
"0099182C",1
"0101182C",1
"0104182C",1
"0106182C",1
"0110182C",1
"0114182C",1
"0118182C",1
"0119182C",1
"0121182C",1
"0130182C",1
"0132182C",1
"0134182C",1
"0138182C",1
"0142182C",1
"0149182C",1
"0158182C",1
"0161182C",1
"0162182C",1
"0166182C",1
"0170182C",1
"0175182C",1
"0177182C",1
"0178182C",1
"0181182C",1
"0191182C",1
"0203182C",1
"0204182C",1
"0212182C",1
"0215182C",1
"0221182C",1
"0227182C",1
"0229182C",1
"0233182C",1
"0240182C",1
"0242182C",1
"0244182C",1
"0245182C",1
"0251182C",1
"0252182C",1
"0256182C",1
"0265182C",1
"0266182C",1
"0267182C",1
"0271182C",1
"0272182C",1
"0273182C",1
"0277182C",1
"0281182C",1
"0283182C",1
"0284182C",1
"0296182C",1
"0300182C",1
"0308182C",1
"0318182C",1
"0322182C",1
"0323182C",1
"0324182C",1
"0326182C",1
"0328182C",1
"0334182C",1
"0337182C",1
"0338182C",1
"0339182C",1
"0342182C",1
"0345182C",1
"0346182C",1
"0350182C",1
"0351182C",1
"0353182C",1
"0354182C",1
"0358182C",1
"0359182C",1
"0364182C",1
"0366182C",1
"0368182C",1
"0371182C",1
"0373182C",1
"0375182C",1
"0377182C",1
"0378182C",1
"0381182C",1
"0382182C",1
"0386182C",1
"0387182C",1
"0396182C",1
"0426182C",1
"0429182C",1
"0432182C",1
"0433182C",1
"0434182C",1
"0435182C",1
"0436182C",1
"0437182C",1
"0440182C",1
"0441182C",1
"0443182C",1
"0452182C",1
"0453182C",1
"0473182C",1
"0474182C",1
"0477182C",1
"0478182C",1
"0481182C",1
"0483182C",1
"0485182C",1
"0487182C",1
"0491182C",1
"0493182C",1
"0499182C",1
"0501182C",1
"0502182C",1
"0506182C",1
"0507182C",1
"0509182C",1
"0518182C",1
"0522182C",1
"0523182C",1
"0524182C",1
"0526182C",1
"0529182C",1
"0530182C",1
"0532182C",1
"0534182C",1
"0535182C",1
"0538182C",1
"0541182C",1
"0543182C",1
"0545182C",1
"0546182C",1
"0547182C",1
"0549182C",1
"0553182C",1
"0557182C",1
"0559182C",1
"0562182C",1
"0596182C",1
"0638182C",1
"0002183C",1
"0003183C",1
"0012183C",1
"0019183C",1
"0020183C",1
"0021183C",1
"0024183C",1
"0025183C",1
"0027183C",1
"0028183C",1
"0030183C",1
"0033183C",1
"0034183C",1
"0037183C",1
"0038183C",1
"0042183C",1
"0043183C",1
"0046183C",1
"0047183C",1
"0050183C",1
"0051183C",1
"0053183C",1
"0058183C",1
"0059183C",1
"0063183C",1
"0064183C",1
"0065183C",1
"0068183C",1
"0069183C",1
"0073183C",1
"0074183C",1
"0075183C",1
"0077183C",1
"0078183C",1
"0079183C",1
"0083183C",1
"0089183C",1
"0093183C",1
"0095183C",1
"0097183C",1
"0103183C",1
"0105183C",1
"0106183C",1
"0107183C",1
"0110183C",1
"0111183C",1
"0112183C",1
"0116183C",1
"0119183C",1
"0123183C",1
"0125183C",1
"0127183C",1
"0132183C",1
"0133183C",1
"0135183C",1
"0139183C",1
"0141183C",1
"0145183C",1
"0146183C",1
"0151183C",1
"0152183C",1
"0154183C",1
"0165183C",1
"0166183C",1
"0170183C",1
"0171183C",1
"0173183C",1
"0175183C",1
"0177183C",1
"0181183C",1
"0185183C",1
"0187183C",1
"0193183C",1
"0196183C",1
"0197183C",1
"0198183C",1
"0199183C",1
"0202183C",1
"0205183C",1
"0207183C",1
"0208183C",1
"0210183C",1
"0211183C",1
"0212183C",1
"0220183C",1
"0226183C",1
"0232183C",1
"0233183C",1
"0234183C",1
"0243183C",1
"0246183C",1
"0247183C",1
"0249183C",1
"0253183C",1
"0257183C",1
"0258183C",1
"0260183C",1
"0261183C",1
"0262183C",1
"0265183C",1
"0268183C",1
"0271183C",1
"0276183C",1
"0277183C",1
"0283183C",1
"0288183C",1
"0290183C",1
"0292183C",1
"0299183C",1
"0300183C",1
"0302183C",1
"0303183C",1
"0309183C",1
"0311183C",1
"0312183C",1
"0313183C",1
"0315183C",1
"0317183C",1
"0319183C",1
"0320183C",1
"0324183C",1
"0326183C",1
"0327183C",1
"0328183C",1
"0337183C",1
"0339183C",1
"0343183C",1
"0345183C",1
"0349183C",1
"0355183C",1
"0356183C",1
"0359183C",1
"0360183C",1
"0362183C",1
"0363183C",1
"0364183C",1
"0370183C",1
"0372183C",1
"0373183C",1
"0375183C",1
"0377183C",1
"0379183C",1
"0380183C",1
"0381183C",1
"0382183C",1
"0387183C",1
"0391183C",1
"0394183C",1
"0399183C",1
"0415183C",1
"0419183C",1
"0422183C",1
"0426183C",1
"0432183C",1
"0436183C",1
"0438183C",1
"0440183C",1
"0443183C",1
"0448183C",1
"0456183C",1
"0457183C",1
"0461183C",1
"0467183C",1
"0473183C",1
"0474183C",1
"0493183C",1
"0495183C",1
"0498183C",1
"0501183C",1
"0528183C",1
"0532183C",1
"0537183C",1
"0540183C",1
"0543183C",1
"0544183C",1
"0545183C",1
"0554183C",1
"0556183C",1
"0558183C",1
"0564183C",1
"0565183C",1
"0566183C",1
"0567183C",1
"0568183C",1
"0594183C",1
"0602183C",1
"0604183C",1
"0607183C",1
"0614183C",1
"0615183C",1
"0616183C",1
"0631183C",1
"0632183C",1
"0635183C",1
"0641183C",1
"0645183C",1
"0649183C",1
"0653183C",1
"0657183C",1
"0658183C",1
"0659183C",1
"0662183C",1
"0666183C",1
"0679183C",1
"0683183C",1
"0688183C",1
"0689183C",1
"0690183C",1
"0691183C",1
"0695183C",1
"0706183C",1
"0709183C",1
"0717183C",1
"0723183C",1
"0724183C",1
"0727183C",1
"0783183C",1
"0033184C",1
"0036184C",1
"0041184C",1
"0050184C",1
"0052184C",1
"0056184C",1
"0060184C",1
"0066184C",1
"0069184C",1
"0070184C",1
"0072184C",1
"0078184C",1
"0084184C",1
"0085184C",1
"0092184C",1
"0004185C",1
"0008185C",1
"0020185C",1
"0063185C",1
"0002186C",1
"0007186C",1
"0050186C",1
"0111186C",1
"0338186C",1
"0350186C",1
"0358186C",1
"0364186C",1
"0366186C",1
"0396186C",1
"0400186C",1
"0404186C",1
"0408186C",1
"0416186C",1
"0417186C",1
"0420186C",1
"0422186C",1
"0424186C",1
"0428186C",1
"0432186C",1
"0437186C",1
"0446186C",1
"0448186C",1
"0450186C",1
"0461186C",1
"0462186C",1
"0471186C",1
"0480186C",1
"0481186C",1
"0490186C",1
"0499186C",1
"0513186C",1
"0524186C",1
"0535186C",1
"0546186C",1
"0003187C",1
"0004187C",1
"0007187C",1
"0010187C",1
"0026187C",1
"0027187C",1
"0028187C",1
"0034187C",1
"0035187C",1
"0040187C",1
"0041187C",1
"0042187C",1
"0044187C",1
"0046187C",1
"0047187C",1
"0048187C",1
"0116187C",1
"0337187C",1
"0003188C",1
"0014188C",1
"0017188C",1
"0031188C",1
"0046188C",1
"0054188C",1
"0065188C",1
"0092188C",1
"0094188C",1
"0106188C",1
"0114188C",1
"0127188C",1
"0129188C",1
"0159188C",1
"0169188C",1
"0181188C",1
"0182188C",1
"0229188C",1
"0233188C",1
"0237188C",1
"0326188C",1
"0332188C",1
"0361188C",1
"0366188C",1
"0369188C",1
"0372188C",1
"0379188C",1
"0384188C",1
"0390188C",1
"0392188C",1
"0394188C",1
"0398188C",1
"0404188C",1
"0407188C",1
"0408188C",1
"0409188C",1
"0416188C",1
"0439188C",1
"0468188C",1
"0488188C",1
"0491188C",1
"0520188C",1
"0567188C",1
"0571188C",1
"0575188C",1
"0589188C",1
"0595188C",1
"0597188C",1
"0603188C",1
"0605188C",1
"0609188C",1
"0611188C",1
"0613188C",1
"0623188C",1
"0625188C",1
"0627188C",1
"0637188C",1
"0006189C",1
"0017189C",1
"0030189C",1
"0057189C",1
"0077189C",1
"0085189C",1
"0095189C",1
"0133189C",1
"0156189C",1
"0182189C",1
"0207189C",1
"0224189C",1
"0250189C",1
"0294189C",1
"0296189C",1
"0298189C",1
"0336189C",1
"0339189C",1
"0342189C",1
"0354189C",1
"0376189C",1
"0385189C",1
"0391189C",1
"0398189C",1
"0404189C",1
"0409189C",1
"0416189C",1
"0419189C",1
"0427189C",1
"0431189C",1
"0433189C",1
"0451189C",1
"0537189C",1
"0539189C",1
"0555189C",1
"0557189C",1
"0558189C",1
"0560189C",1
"0565189C",1
"0570189C",1
"0571189C",1
"0575189C",1
"0590189C",1
"0005190C",1
"0006190C",1
"0007190C",1
"0011190C",1
"0012190C",1
"0021190C",1
"0036190C",1
"0042190C",1
"0043190C",1
"0047190C",1
"0059190C",1
"0065190C",1
"0067190C",1
"0075190C",1
"0102190C",1
"0103190C",1
"0105190C",1
"0131190C",1
"0135190C",1
"0140190C",1
"0145190C",1
"0149190C",1
"0177190C",1
"0179190C",1
"0183190C",1
"0187190C",1
"0188190C",1
"0191190C",1
"0193190C",1
"0195190C",1
"0196190C",1
"0209190C",1
"0212190C",1
"0213190C",1
"0221190C",1
"0224190C",1
"0227190C",1
"0239190C",1
"0253190C",1
"0259190C",1
"0269190C",1
"0275190C",1
"0279190C",1
"0283190C",1
"0287190C",1
"0297190C",1
"0305190C",1
"0317190C",1
"0323190C",1
"0325190C",1
"0327190C",1
"0333190C",1
"0342190C",1
"0372190C",1
"0382190C",1
"0392190C",1
"0425190C",1
"0426190C",1
"0444190C",1
"0446190C",1
"0448190C",1
"0470190C",1
"0494190C",1
"0498190C",1
"0499190C",1
"0500190C",1
"0501190C",1
"0507190C",1
"0512190C",1
"0515190C",1
"0518190C",1
"0520190C",1
"0532190C",1
"0546190C",1
"0550190C",1
"0551190C",1
"0555190C",1
"0556190C",1
"0567190C",1
"0570190C",1
"0576190C",1
"0577190C",1
"0580190C",1
"0581190C",1
"0582190C",1
"0591190C",1
"0598190C",1
"0637190C",1
"0642190C",1
"0011191C",1
"0033191C",1
"0036191C",1
"0040191C",1
"0042191C",1
"0047191C",1
"0068191C",1
"0078191C",1
"0081191C",1
"0099191C",1
"0102191C",1
"0105191C",1
"0106191C",1
"0341191C",1
"0098193C",1
"0754196C",1
"0774196C",1
"0001198C",1
"0007198C",1
"0009198C",1
"0011198C",1
"0013198C",1
"0017198C",1
"0019198C",1
"0026198C",1
"0027198C",1
"0031198C",1
"0035198C",1
"0112198C",1
"0010199C",1
"0032200C",1
"0044200C",1
"0077200C",1
"0084200C",1
"0108200C",1
"0118200C",1
"0131200C",1
"0144200C",1
"0168200C",1
"0172200C",1
"0226200C",1
"0241200C",1
"0244200C",1
"0256200C",1
"0270200C",1
"0281200C",1
"0344200C",1
"0354200C",1
"0356200C",1
"0362200C",1
"0370200C",1
"0380200C",1
"0402200C",1
"0410200C",1
"0417200C",1
"0418200C",1
"0422200C",1
"0425200C",1
"0430200C",1
"0434200C",1
"0443200C",1
"0444200C",1
"0450200C",1
"0453200C",1
"0456200C",1
"0457200C",1
"0458200C",1
"0467200C",1
"0468200C",1
"0469200C",1
"0470200C",1
"0471200C",1
"0473200C",1
"0475200C",1
"0476200C",1
"0477200C",1
"0478200C",1
"0479200C",1
"0485200C",1
"0486200C",1
"0487200C",1
"0492200C",1
"0494200C",1
"0495200C",1
"0497200C",1
"0499200C",1
"0501200C",1
"0502200C",1
"0504200C",1
"0505200C",1
"0506200C",1
"0508200C",1
"0510200C",1
"0513200C",1
"0514200C",1
"0516200C",1
"0522200C",1
"0523200C",1
"0530200C",1
"0545200C",1
"0548200C",1
"0565200C",1
"0568200C",1
"0584200C",1
"0588200C",1
"0606200C",1
"0615200C",1
"0625200C",1
"0627200C",1
"0628200C",1
"0630200C",1
"0631200C",1
"0635200C",1
"0636200C",1
"0637200C",1
"0638200C",1
"0639200C",1
"0643200C",1
"0646200C",1
"0652200C",1
"0653200C",1
"0654200C",1
"0655200C",1
"0656200C",1
"0001201C",1
"0003201C",1
"0004201C",1
"0006201C",1
"0010201C",1
"0011201C",1
"0012201C",1
"0013201C",1
"0014201C",1
"0015201C",1
"0016201C",1
"0017201C",1
"0018201C",1
"0021201C",1
"0022201C",1
"0023201C",1
"0025201C",1
"0026201C",1
"0027201C",1
"0028201C",1
"0030201C",1
"0033201C",1
"0034201C",1
"0035201C",1
"0037201C",1
"0047201C",1
"0051201C",1
"0062201C",1
"0065201C",1
"0068201C",1
"0070201C",1
"0076201C",1
"0080201C",1
"0081201C",1
"0082201C",1
"0085201C",1
"0088201C",1
"0091201C",1
"0096201C",1
"0097201C",1
"0103201C",1
"0104201C",1
"0107201C",1
"0109201C",1
"0115201C",1
"0116201C",1
"0118201C",1
"0121201C",1
"0123201C",1
"0125201C",1
"0128201C",1
"0132201C",1
"0143201C",1
"0154201C",1
"0158201C",1
"0159201C",1
"0163201C",1
"0164201C",1
"0165201C",1
"0167201C",1
"0168201C",1
"0171201C",1
"0172201C",1
"0174201C",1
"0175201C",1
"0178201C",1
"0179201C",1
"0188201C",1
"0193201C",1
"0196201C",1
"0239201C",1
"0247201C",1
"0256201C",1
"0274201C",1
"0278201C",1
"0437201C",1
"0448201C",1
"0457201C",1
"0470201C",1
"0474201C",1
"0651201C",1
"0001202C",1
"0020202C",1
"0024202C",1
"0025202C",1
"0046202C",1
"0055202C",1
"0060202C",1
"0061202C",1
"0069202C",1
"0078202C",1
"0081202C",1
"0083202C",1
"0087202C",1
"0103202C",1
"0136202C",1
"0155202C",1
"0157202C",1
"0170202C",1
"0172202C",1
"0173202C",1
"0175202C",1
"0177202C",1
"0180202C",1
"0181202C",1
"0183202C",1
"0184202C",1
"0190202C",1
"0196202C",1
"0197202C",1
"0199202C",1
"0200202C",1
"0204202C",1
"0207202C",1
"0211202C",1
"0221202C",1
"0224202C",1
"0235202C",1
"0238202C",1
"0241202C",1
"0249202C",1
"0253202C",1
"0259202C",1
"0261202C",1
"0270202C",1
"0271202C",1
"0284202C",1
"0286202C",1
"0287202C",1
"0289202C",1
"0290202C",1
"0297202C",1
"0300202C",1
"0303202C",1
"0304202C",1
"0307202C",1
"0313202C",1
"0315202C",1
"0320202C",1
"0323202C",1
"0335202C",1
"0336202C",1
"0343202C",1
"0345202C",1
"0347202C",1
"0348202C",1
"0353202C",1
"0354202C",1
"0356202C",1
"0357202C",1
"0358202C",1
"0359202C",1
"0362202C",1
"0365202C",1
"0370202C",1
"0371202C",1
"0373202C",1
"0376202C",1
"0377202C",1
"0381202C",1
"0386202C",1
"0387202C",1
"0390202C",1
"0395202C",1
"0397202C",1
"0399202C",1
"0401202C",1
"0402202C",1
"0403202C",1
"0405202C",1
"0406202C",1
"0409202C",1
"0411202C",1
"0413202C",1
"0414202C",1
"0415202C",1
"0417202C",1
"0418202C",1
"0420202C",1
"0424202C",1
"0425202C",1
"0431202C",1
"0432202C",1
"0434202C",1
"0436202C",1
"0441202C",1
"0445202C",1
"0449202C",1
"0450202C",1
"0455202C",1
"0458202C",1
"0460202C",1
"0461202C",1
"0462202C",1
"0463202C",1
"0464202C",1
"0466202C",1
"0467202C",1
"0471202C",1
"0475202C",1
"0479202C",1
"0491202C",1
"0494202C",1
"0498202C",1
"0504202C",1
"0506202C",1
"0507202C",1
"0514202C",1
"0531202C",1
"0541202C",1
"0548202C",1
"0550202C",1
"0551202C",1
"0553202C",1
"0560202C",1
"0562202C",1
"0565202C",1
"0566202C",1
"0567202C",1
"0570202C",1
"0575202C",1
"0576202C",1
"0577202C",1
"0582202C",1
"0583202C",1
"0598202C",1
"0602202C",1
"0603202C",1
"0604202C",1
"0605202C",1
"0606202C",1
"0607202C",1
"0612202C",1
"0614202C",1
"0616202C",1
"0618202C",1
"0621202C",1
"0624202C",1
"0626202C",1
"0632202C",1
"0634202C",1
"0635202C",1
"0637202C",1
"0641202C",1
"0644202C",1
"0645202C",1
"0646202C",1
"0648202C",1
"0649202C",1
"0650202C",1
"0651202C",1
"0655202C",1
"0656202C",1
"0658202C",1
"0661202C",1
"0663202C",1
"0664202C",1
"0666202C",1
"0668202C",1
"0671202C",1
"0672202C",1
"0674202C",1
"0677202C",1
"0678202C",1
"0679202C",1
"0680202C",1
"0681202C",1
"0682202C",1
"0683202C",1
"0686202C",1
"0696202C",1
"0697202C",1
"0706202C",1
"0714202C",1
"0716202C",1
"0721202C",1
"0722202C",1
"0724202C",1
"0727202C",1
"0728202C",1
"0729202C",1
"0730202C",1
"0732202C",1
"0738202C",1
"0739202C",1
"0749202C",1
"0757202C",1
"0768202C",1
"0778202C",1
"0784202C",1
"0788202C",1
"0795202C",1
"0797202C",1
"0799202C",1
"0803202C",1
"0804202C",1
"0807202C",1
"0812202C",1
"0813202C",1
"0817202C",1
"0819202C",1
"0820202C",1
"0821202C",1
"0822202C",1
"0823202C",1
"0824202C",1
"0827202C",1
"0832202C",1
"0834202C",1
"0835202C",1
"0837202C",1
"0838202C",1
"0839202C",1
"0845202C",1
"0846202C",1
"0858202C",1
"0865202C",1
"0869202C",1
"0873202C",1
"0885202C",1
"0887202C",1
"0888202C",1
"0892202C",1
"0894202C",1
"0902202C",1
"0906202C",1
"0908202C",1
"0005203C",1
"0007203C",1
"0008203C",1
"0012203C",1
"0013203C",1
"0015203C",1
"0016203C",1
"0025203C",1
"0026203C",1
"0028203C",1
"0030203C",1
"0032203C",1
"0044203C",1
"0045203C",1
"0046203C",1
"0047203C",1
"0049203C",1
"0050203C",1
"0053203C",1
"0054203C",1
"0055203C",1
"0067203C",1
"0074203C",1
"0080203C",1
"0081203C",1
"0082203C",1
"0087203C",1
"0088203C",1
"0089203C",1
"0092203C",1
"0093203C",1
"0096203C",1
"0098203C",1
"0099203C",1
"0101203C",1
"0102203C",1
"0105203C",1
"0106203C",1
"0107203C",1
"0108203C",1
"0109203C",1
"0111203C",1
"0113203C",1
"0117203C",1
"0119203C",1
"0120203C",1
"0123203C",1
"0125203C",1
"0126203C",1
"0127203C",1
"0128203C",1
"0130203C",1
"0131203C",1
"0132203C",1
"0133203C",1
"0134203C",1
"0135203C",1
"0136203C",1
"0137203C",1
"0139203C",1
"0140203C",1
"0141203C",1
"0142203C",1
"0143203C",1
"0145203C",1
"0147203C",1
"0148203C",1
"0149203C",1
"0152203C",1
"0153203C",1
"0155203C",1
"0156203C",1
"0157203C",1
"0158203C",1
"0159203C",1
"0163203C",1
"0164203C",1
"0165203C",1
"0166203C",1
"0169203C",1
"0171203C",1
"0172203C",1
"0174203C",1
"0175203C",1
"0177203C",1
"0178203C",1
"0181203C",1
"0186203C",1
"0187203C",1
"0191203C",1
"0193203C",1
"0195203C",1
"0197203C",1
"0200203C",1
"0201203C",1
"0203203C",1
"0205203C",1
"0206203C",1
"0207203C",1
"0211203C",1
"0212203C",1
"0214203C",1
"0217203C",1
"0003204C",1
"0004204C",1
"0006204C",1
"0012204C",1
"0014204C",1
"0017204C",1
"0018204C",1
"0021204C",1
"0022204C",1
"0023204C",1
"0025204C",1
"0026204C",1
"0027204C",1
"0030204C",1
"0031204C",1
"0038204C",1
"0041204C",1
"0042204C",1
"0044204C",1
"0051204C",1
"0063204C",1
"0064204C",1
"0067204C",1
"0070204C",1
"0071204C",1
"0074204C",1
"0092204C",1
"0100204C",1
"0103204C",1
"0105204C",1
"0116204C",1
"0123204C",1
"0128204C",1
"0130204C",1
"0134204C",1
"0136204C",1
"0137204C",1
"0139204C",1
"0140204C",1
"0141204C",1
"0145204C",1
"0146204C",1
"0148204C",1
"0154204C",1
"0157204C",1
"0158204C",1
"0159204C",1
"0162204C",1
"0164204C",1
"0166204C",1
"0167204C",1
"0176204C",1
"0187204C",1
"0190204C",1
"0193204C",1
"0194204C",1
"0198204C",1
"0201204C",1
"0202204C",1
"0213204C",1
"0228204C",1
"0229204C",1
"0232204C",1
"0237204C",1
"0238204C",1
"0241204C",1
"0242204C",1
"0244204C",1
"0245204C",1
"0248204C",1
"0251204C",1
"0254204C",1
"0261204C",1
"0262204C",1
"0264204C",1
"0272204C",1
"0278204C",1
"0280204C",1
"0293204C",1
"0296204C",1
"0299204C",1
"0308204C",1
"0315204C",1
"0318204C",1
"0322204C",1
"0327204C",1
"0336204C",1
"0338204C",1
"0344204C",1
"0346204C",1
"0352204C",1
"0359204C",1
"0360204C",1
"0362204C",1
"0365204C",1
"0366204C",1
"0371204C",1
"0372204C",1
"0373204C",1
"0374204C",1
"0376204C",1
"0379204C",1
"0382204C",1
"0384204C",1
"0386204C",1
"0387204C",1
"0388204C",1
"0389204C",1
"0390204C",1
"0391204C",1
"0392204C",1
"0393204C",1
"0394204C",1
"0396204C",1
"0397204C",1
"0398204C",1
"0400204C",1
"0402204C",1
"0403204C",1
"0405204C",1
"0406204C",1
"0407204C",1
"0408204C",1
"0409204C",1
"0410204C",1
"0411204C",1
"0412204C",1
"0415204C",1
"0416204C",1
"0427204C",1
"0432204C",1
"0441204C",1
"0455204C",1
"0460204C",1
"0463204C",1
"0467204C",1
"0468204C",1
"0469204C",1
"0470204C",1
"0471204C",1
"0474204C",1
"0475204C",1
"0479204C",1
"0480204C",1
"0482204C",1
"0487204C",1
"0488204C",1
"0490204C",1
"0491204C",1
"0497204C",1
"0498204C",1
"0499204C",1
"0500204C",1
"0501204C",1
"0502204C",1
"0503204C",1
"0504204C",1
"0505204C",1
"0506204C",1
"0507204C",1
"0508204C",1
"0510204C",1
"0512204C",1
"0513204C",1
"0515204C",1
"0518204C",1
"0521204C",1
"0524204C",1
"0525204C",1
"0526204C",1
"0528204C",1
"0531204C",1
"0532204C",1
"0534204C",1
"0535204C",1
"0536204C",1
"0537204C",1
"0540204C",1
"0541204C",1
"0542204C",1
"0543204C",1
"0544204C",1
"0545204C",1
"0546204C",1
"0547204C",1
"0549204C",1
"0550204C",1
"0552204C",1
"0553204C",1
"0554204C",1
"0555204C",1
"0556204C",1
"0562204C",1
"0567204C",1
"0575204C",1
"0578204C",1
"0580204C",1
"0582204C",1
"0583204C",1
"0584204C",1
"0585204C",1
"0586204C",1
"0588204C",1
"0591204C",1
"0593204C",1
"0596204C",1
"0598204C",1
"0599204C",1
"0602204C",1
"0603204C",1
"0605204C",1
"0606204C",1
"0607204C",1
"0608204C",1
"0609204C",1
"0610204C",1
"0611204C",1
"0612204C",1
"0613204C",1
"0614204C",1
"0615204C",1
"0616204C",1
"0617204C",1
"0618204C",1
"0619204C",1
"0620204C",1
"0621204C",1
"0622204C",1
"0623204C",1
"0624204C",1
"0625204C",1
"0626204C",1
"0627204C",1
"0628204C",1
"0629204C",1
"0631204C",1
"0632204C",1
"0636204C",1
"0642204C",1
"0643204C",1
"0646204C",1
"0647204C",1
"0648204C",1
"0649204C",1
"0651204C",1
"0652204C",1
"0659204C",1
"0660204C",1
"0661204C",1
"0662204C",1
"0667204C",1
"0668204C",1
"0669204C",1
"0672204C",1
"0689204C",1
"0691204C",1
"0692204C",1
"0695204C",1
"0699204C",1
"0701204C",1
"0702204C",1
"0703204C",1
"0704204C",1
"0705204C",1
"0706204C",1
"0707204C",1
"0708204C",1
"0710204C",1
"0711204C",1
"0712204C",1
"0713204C",1
"0714204C",1
"0716204C",1
"0717204C",1
"0719204C",1
"0720204C",1
"0721204C",1
"0722204C",1
"0723204C",1
"0725204C",1
"0728204C",1
"0729204C",1
"0734204C",1
"0736204C",1
"0737204C",1
"0739204C",1
"0740204C",1
"0742204C",1
"0743204C",1
"0744204C",1
"0745204C",1
"0747204C",1
"0748204C",1
"0749204C",1
"0750204C",1
"0751204C",1
"0752204C",1
"0755204C",1
"0758204C",1
"0760204C",1
"0762204C",1
"0763204C",1
"0764204C",1
"0767204C",1
"0768204C",1
"0770204C",1
"0772204C",1
"0781204C",1
"0783204C",1
"0784204C",1
"0787204C",1
"0788204C",1
"0794204C",1
"0800204C",1
"0801204C",1
"0802204C",1
"0803204C",1
"0805204C",1
"0806204C",1
"0807204C",1
"0811204C",1
"0812204C",1
"0813204C",1
"0818204C",1
"0819204C",1
"0825204C",1
"0829204C",1
"0831204C",1
"0832204C",1
"0834204C",1
"0836204C",1
"0837204C",1
"0851204C",1
"0852204C",1
"0858204C",1
"0001205C",1
"0007205C",1
"0008205C",1
"0009205C",1
"0011205C",1
"0013205C",1
"0015205C",1
"0017205C",1
"0018205C",1
"0019205C",1
"0020205C",1
"0023205C",1
"0025205C",1
"0026205C",1
"0029205C",1
"0030205C",1
"0031205C",1
"0039205C",1
"0040205C",1
"0043205C",1
"0045205C",1
"0047205C",1
"0052205C",1
"0053205C",1
"0058205C",1
"0061205C",1
"0062205C",1
"0070205C",1
"0077205C",1
"0078205C",1
"0080205C",1
"0083205C",1
"0084205C",1
"0089205C",1
"0091205C",1
"0096205C",1
"0099205C",1
"0189205C",1
"0240205C",1
"0343205C",1
"0404205C",1
"0001207C",1
"0003207C",1
"0005207C",1
"0007207C",1
"0008207C",1
"0009207C",1
"0011207C",1
"0012207C",1
"0013207C",1
"0014207C",1
"0017207C",1
"0019207C",1
"0022207C",1
"0023207C",1
"0024207C",1
"0025207C",1
"0026207C",1
"0027207C",1
"0029207C",1
"0030207C",1
"0031207C",1
"0033207C",1
"0034207C",1
"0036207C",1
"0037207C",1
"0038207C",1
"0039207C",1
"0041207C",1
"0042207C",1
"0043207C",1
"0044207C",1
"0046207C",1
"0047207C",1
"0048207C",1
"0051207C",1
"0053207C",1
"0062207C",1
"0067207C",1
"0070207C",1
"0073207C",1
"0081207C",1
"0101207C",1
"0106207C",1
"0109207C",1
"0110207C",1
"0119207C",1
"0120207C",1
"0128207C",1
"0129207C",1
"0136207C",1
"0142207C",1
"0144207C",1
"0151207C",1
"0153207C",1
"0154207C",1
"0157207C",1
"0165207C",1
"0166207C",1
"0179207C",1
"0183207C",1
"0185207C",1
"0194207C",1
"0197207C",1
"0203207C",1
"0205207C",1
"0209207C",1
"0210207C",1
"0212207C",1
"0216207C",1
"0221207C",1
"0224207C",1
"0231207C",1
"0236207C",1
"0237207C",1
"0238207C",1
"0239207C",1
"0240207C",1
"0242207C",1
"0250207C",1
"0263207C",1
"0269207C",1
"0270207C",1
"0273207C",1
"0275207C",1
"0289207C",1
"0303207C",1
"0310207C",1
"0312207C",1
"0317207C",1
"0318207C",1
"0324207C",1
"0327207C",1
"0334207C",1
"0342207C",1
"0344207C",1
"0346207C",1
"0347207C",1
"0348207C",1
"0355207C",1
"0356207C",1
"0358207C",1
"0359207C",1
"0362207C",1
"0367207C",1
"0368207C",1
"0369207C",1
"0370207C",1
"0372207C",1
"0375207C",1
"0376207C",1
"0377207C",1
"0378207C",1
"0381207C",1
"0385207C",1
"0386207C",1
"0387207C",1
"0388207C",1
"0389207C",1
"0390207C",1
"0391207C",1
"0393207C",1
"0396207C",1
"0397207C",1
"0399207C",1
"0403207C",1
"0404207C",1
"0407207C",1
"0410207C",1
"0413207C",1
"0415207C",1
"0416207C",1
"0417207C",1
"0421207C",1
"0422207C",1
"0423207C",1
"0424207C",1
"0425207C",1
"0426207C",1
"0427207C",1
"0429207C",1
"0430207C",1
"0431207C",1
"0434207C",1
"0436207C",1
"0440207C",1
"0445207C",1
"0447207C",1
"0449207C",1
"0452207C",1
"0457207C",1
"0458207C",1
"0459207C",1
"0462207C",1
"0463207C",1
"0465207C",1
"0549207C",1
"0678207C",1
"0003208C",1
"0004208C",1
"0005208C",1
"0006208C",1
"0008208C",1
"0011208C",1
"0012208C",1
"0015208C",1
"0017208C",1
"0018208C",1
"0020208C",1
"0021208C",1
"0024208C",1
"0037208C",1
"0049208C",1
"0055208C",1
"0057208C",1
"0059208C",1
"0065208C",1
"0066208C",1
"0069208C",1
"0072208C",1
"0074208C",1
"0076208C",1
"0077208C",1
"0079208C",1
"0080208C",1
"0083208C",1
"0085208C",1
"0095208C",1
"0101208C",1
"0102208C",1
"0103208C",1
"0115208C",1
"0117208C",1
"0118208C",1
"0123208C",1
"0127208C",1
"0149208C",1
"0150208C",1
"0154208C",1
"0156208C",1
"0163208C",1
"0171208C",1
"0172208C",1
"0173208C",1
"0174208C",1
"0175208C",1
"0177208C",1
"0178208C",1
"0181208C",1
"0182208C",1
"0183208C",1
"0185208C",1
"0187208C",1
"0191208C",1
"0192208C",1
"0194208C",1
"0195208C",1
"0197208C",1
"0198208C",1
"0201208C",1
"0203208C",1
"0205208C",1
"0213208C",1
"0239208C",1
"0249208C",1
"0251208C",1
"0252208C",1
"0255208C",1
"0257208C",1
"0258208C",1
"0260208C",1
"0268208C",1
"0269208C",1
"0271208C",1
"0272208C",1
"0273208C",1
"0274208C",1
"0275208C",1
"0278208C",1
"0280208C",1
"0283208C",1
"0289208C",1
"0294208C",1
"0301208C",1
"0309208C",1
"0312208C",1
"0313208C",1
"0315208C",1
"0321208C",1
"0323208C",1
"0326208C",1
"0339208C",1
"0340208C",1
"0347208C",1
"0348208C",1
"0349208C",1
"0354208C",1
"0356208C",1
"0358208C",1
"0360208C",1
"0362208C",1
"0365208C",1
"0367208C",1
"0370208C",1
"0371208C",1
"0374208C",1
"0375208C",1
"0378208C",1
"0379208C",1
"0380208C",1
"0381208C",1
"0383208C",1
"0385208C",1
"0386208C",1
"0388208C",1
"0389208C",1
"0391208C",1
"0393208C",1
"0398208C",1
"0402208C",1
"0403208C",1
"0404208C",1
"0407208C",1
"0408208C",1
"0409208C",1
"0411208C",1
"0415208C",1
"0416208C",1
"0417208C",1
"0420208C",1
"0422208C",1
"0424208C",1
"0432208C",1
"0439208C",1
"0441208C",1
"0442208C",1
"0443208C",1
"0447208C",1
"0449208C",1
"0452208C",1
"0453208C",1
"0459208C",1
"0461208C",1
"0466208C",1
"0469208C",1
"0470208C",1
"0482208C",1
"0492208C",1
"0509208C",1
"0510208C",1
"0513208C",1
"0518208C",1
"0519208C",1
"0521208C",1
"0522208C",1
"0533208C",1
"0535208C",1
"0536208C",1
"0538208C",1
"0540208C",1
"0546208C",1
"0547208C",1
"0552208C",1
"0556208C",1
"0562208C",1
"0565208C",1
"0567208C",1
"0571208C",1
"0574208C",1
"0575208C",1
"0578208C",1
"0583208C",1
"0585208C",1
"0588208C",1
"0589208C",1
"0590208C",1
"0591208C",1
"0594208C",1
"0595208C",1
"0600208C",1
"0611208C",1
"0615208C",1
"0617208C",1
"0622208C",1
"0623208C",1
"0626208C",1
"0629208C",1
"0634208C",1
"0637208C",1
"0638208C",1
"0645208C",1
"0646208C",1
"0647208C",1
"0652208C",1
"0660208C",1
"0665208C",1
"0666208C",1
"0669208C",1
"0671208C",1
"0672208C",1
"0673208C",1
"0674208C",1
"0675208C",1
"0676208C",1
"0677208C",1
"0686208C",1
"0690208C",1
"0004209C",1
"0008209C",1
"0009209C",1
"0010209C",1
"0011209C",1
"0012209C",1
"0013209C",1
"0014209C",1
"0015209C",1
"0016209C",1
"0020209C",1
"0021209C",1
"0022209C",1
"0023209C",1
"0024209C",1
"0026209C",1
"0031209C",1
"0032209C",1
"0033209C",1
"0035209C",1
"0053209C",1
"0055209C",1
"0056209C",1
"0058209C",1
"0059209C",1
"0061209C",1
"0065209C",1
"0066209C",1
"0074209C",1
"0075209C",1
"0082209C",1
"0083209C",1
"0088209C",1
"0094209C",1
"0097209C",1
"0100209C",1
"0101209C",1
"0102209C",1
"0105209C",1
"0106209C",1
"0107209C",1
"0109209C",1
"0110209C",1
"0119209C",1
"0125209C",1
"0126209C",1
"0131209C",1
"0138209C",1
"0139209C",1
"0140209C",1
"0141209C",1
"0143209C",1
"0147209C",1
"0150209C",1
"0152209C",1
"0154209C",1
"0156209C",1
"0169209C",1
"0171209C",1
"0177209C",1
"0184209C",1
"0185209C",1
"0188209C",1
"0192209C",1
"0194209C",1
"0195209C",1
"0196209C",1
"0198209C",1
"0199209C",1
"0202209C",1
"0204209C",1
"0205209C",1
"0207209C",1
"0209209C",1
"0213209C",1
"0214209C",1
"0219209C",1
"0220209C",1
"0221209C",1
"0222209C",1
"0223209C",1
"0224209C",1
"0225209C",1
"0228209C",1
"0229209C",1
"0230209C",1
"0231209C",1
"0232209C",1
"0233209C",1
"0234209C",1
"0237209C",1
"0239209C",1
"0241209C",1
"0242209C",1
"0245209C",1
"0246209C",1
"0247209C",1
"0248209C",1
"0249209C",1
"0250209C",1
"0252209C",1
"0253209C",1
"0254209C",1
"0255209C",1
"0256209C",1
"0257209C",1
"0262209C",1
"0264209C",1
"0268209C",1
"0270209C",1
"0274209C",1
"0278209C",1
"0282209C",1
"0283209C",1
"0284209C",1
"0285209C",1
"0287209C",1
"0288209C",1
"0290209C",1
"0292209C",1
"0293209C",1
"0295209C",1
"0305209C",1
"0316209C",1
"0317209C",1
"0318209C",1
"0323209C",1
"0324209C",1
"0349209C",1
"0354209C",1
"0359209C",1
"0360209C",1
"0364209C",1
"0380209C",1
"0391209C",1
"0393209C",1
"0396209C",1
"0398209C",1
"0403209C",1
"0404209C",1
"0407209C",1
"0412209C",1
"0415209C",1
"0416209C",1
"0424209C",1
"0427209C",1
"0433209C",1
"0448209C",1
"0450209C",1
"0462209C",1
"0467209C",1
"0472209C",1
"0480209C",1
"0482209C",1
"0486209C",1
"0489209C",1
"0492209C",1
"0494209C",1
"0503209C",1
"0506209C",1
"0509209C",1
"0513209C",1
"0515209C",1
"0517209C",1
"0521209C",1
"0522209C",1
"0523209C",1
"0529209C",1
"0530209C",1
"0531209C",1
"0532209C",1
"0545209C",1
"0550209C",1
"0552209C",1
"0558209C",1
"0559209C",1
"0560209C",1
"0561209C",1
"0562209C",1
"0563209C",1
"0564209C",1
"0565209C",1
"0567209C",1
"0569209C",1
"0570209C",1
"0571209C",1
"0572209C",1
"0574209C",1
"0577209C",1
"0583209C",1
"0584209C",1
"0585209C",1
"0586209C",1
"0587209C",1
"0588209C",1
"0591209C",1
"0592209C",1
"0594209C",1
"0595209C",1
"0596209C",1
"0597209C",1
"0598209C",1
"0600209C",1
"0601209C",1
"0602209C",1
"0605209C",1
"0606209C",1
"0608209C",1
"0609209C",1
"0610209C",1
"0611209C",1
"0613209C",1
"0614209C",1
"0615209C",1
"0616209C",1
"0617209C",1
"0618209C",1
"0619209C",1
"0620209C",1
"0621209C",1
"0622209C",1
"0623209C",1
"0624209C",1
"0625209C",1
"0626209C",1
"0628209C",1
"0629209C",1
"0630209C",1
"0631209C",1
"0632209C",1
"0633209C",1
"0634209C",1
"0635209C",1
"0639209C",1
"0640209C",1
"0641209C",1
"0642209C",1
"0643209C",1
"0645209C",1
"0647209C",1
"0649209C",1
"0650209C",1
"0651209C",1
"0652209C",1
"0653209C",1
"0656209C",1
"0658209C",1
"0659209C",1
"0668209C",1
"0669209C",1
"0673209C",1
"0674209C",1
"0678209C",1
"0681209C",1
"0697209C",1
"0700209C",1
"0710209C",1
"0715209C",1
"0718209C",1
"0720209C",1
"0722209C",1
"0723209C",1
"0726209C",1
"0729209C",1
"0741209C",1
"0747209C",1
"0749209C",1
"0752209C",1
"0774209C",1
"0775209C",1
"0778209C",1
"0015210C",1
"0030210C",1
"0033210C",1
"0035210C",1
"0045210C",1
"0055210C",1
"0062210C",1
"0068210C",1
"0074210C",1
"0078210C",1
"0088210C",1
"0106210C",1
"0111210C",1
"0119210C",1
"0121210C",1
"0123210C",1
"0125210C",1
"0127210C",1
"0128210C",1
"0129210C",1
"0130210C",1
"0131210C",1
"0133210C",1
"0134210C",1
"0135210C",1
"0138210C",1
"0139210C",1
"0140210C",1
"0142210C",1
"0143210C",1
"0144210C",1
"0148210C",1
"0149210C",1
"0154210C",1
"0155210C",1
"0156210C",1
"0157210C",1
"0158210C",1
"0160210C",1
"0161210C",1
"0162210C",1
"0163210C",1
"0165210C",1
"0166210C",1
"0167210C",1
"0169210C",1
"0170210C",1
"0171210C",1
"0172210C",1
"0173210C",1
"0177210C",1
"0178210C",1
"0179210C",1
"0180210C",1
"0181210C",1
"0182210C",1
"0183210C",1
"0184210C",1
"0185210C",1
"0187210C",1
"0189210C",1
"0191210C",1
"0193210C",1
"0194210C",1
"0195210C",1
"0196210C",1
"0197210C",1
"0199210C",1
"0200210C",1
"0201210C",1
"0202210C",1
"0205210C",1
"0207210C",1
"0208210C",1
"0209210C",1
"0210210C",1
"0217210C",1
"0236210C",1
"0257210C",1
"0261210C",1
"0263210C",1
"0268210C",1
"0273210C",1
"0274210C",1
"0279210C",1
"0281210C",1
"0283210C",1
"0284210C",1
"0287210C",1
"0288210C",1
"0297210C",1
"0301210C",1
"0311210C",1
"0315210C",1
"0319210C",1
"0325210C",1
"0329210C",1
"0336210C",1
"0337210C",1
"0338210C",1
"0339210C",1
"0342210C",1
"0352210C",1
"0353210C",1
"0368210C",1
"0369210C",1
"0371210C",1
"0381210C",1
"0382210C",1
"0383210C",1
"0385210C",1
"0395210C",1
"0396210C",1
"0411210C",1
"0413210C",1
"0414210C",1
"0415210C",1
"0417210C",1
"0418210C",1
"0423210C",1
"0425210C",1
"0426210C",1
"0428210C",1
"0431210C",1
"0433210C",1
"0439210C",1
"0441210C",1
"0444210C",1
"0445210C",1
"0446210C",1
"0447210C",1
"0448210C",1
"0453210C",1
"0454210C",1
"0455210C",1
"0456210C",1
"0460210C",1
"0461210C",1
"0463210C",1
"0471210C",1
"0473210C",1
"0482210C",1
"0485210C",1
"0491210C",1
"0492210C",1
"0497210C",1
"0501210C",1
"0503210C",1
"0506210C",1
"0513210C",1
"0517210C",1
"0518210C",1
"0519210C",1
"0520210C",1
"0529210C",1
"0535210C",1
"0547210C",1
"0554210C",1
"0560210C",1
"0564210C",1
"0572210C",1
"0574210C",1
"0576210C",1
"0587210C",1
"0597210C",1
"0599210C",1
"0605210C",1
"0613210C",1
"0617210C",1
"0619210C",1
"0620210C",1
"0622210C",1
"0623210C",1
"0625210C",1
"0629210C",1
"0631210C",1
"0639210C",1
"0640210C",1
"0642210C",1
"0645210C",1
"0653210C",1
"0658210C",1
"0660210C",1
"0669210C",1
"0670210C",1
"0674210C",1
"0677210C",1
"0678210C",1
"0680210C",1
"0681210C",1
"0683210C",1
"0689210C",1
"0690210C",1
"0691210C",1
"0695210C",1
"0697210C",1
"0699210C",1
"0703210C",1
"0709210C",1
"0721210C",1
"0005211C",1
"0009211C",1
"0010211C",1
"0012211C",1
"0013211C",1
"0014211C",1
"0015211C",1
"0016211C",1
"0017211C",1
"0018211C",1
"0020211C",1
"0021211C",1
"0022211C",1
"0024211C",1
"0025211C",1
"0026211C",1
"0031211C",1
"0032211C",1
"0034211C",1
"0037211C",1
"0038211C",1
"0039211C",1
"0040211C",1
"0042211C",1
"0043211C",1
"0045211C",1
"0047211C",1
"0048211C",1
"0050211C",1
"0051211C",1
"0052211C",1
"0054211C",1
"0059211C",1
"0062211C",1
"0063211C",1
"0067211C",1
"0068211C",1
"0095211C",1
"0115211C",1
"0130211C",1
"0132211C",1
"0133211C",1
"0147211C",1
"0157211C",1
"0158211C",1
"0167211C",1
"0173211C",1
"0174211C",1
"0177211C",1
"0188211C",1
"0191211C",1
"0192211C",1
"0196211C",1
"0201211C",1
"0202211C",1
"0211211C",1
"0212211C",1
"0214211C",1
"0219211C",1
"0230211C",1
"0234211C",1
"0235211C",1
"0236211C",1
"0248211C",1
"0250211C",1
"0256211C",1
"0257211C",1
"0259211C",1
"0261211C",1
"0262211C",1
"0263211C",1
"0264211C",1
"0265211C",1
"0266211C",1
"0270211C",1
"0275211C",1
"0277211C",1
"0278211C",1
"0279211C",1
"0282211C",1
"0283211C",1
"0286211C",1
"0292211C",1
"0294211C",1
"0302211C",1
"0306211C",1
"0318211C",1
"0321211C",1
"0324211C",1
"0327211C",1
"0328211C",1
"0330211C",1
"0338211C",1
"0349211C",1
"0350211C",1
"0351211C",1
"0358211C",1
"0361211C",1
"0363211C",1
"0367211C",1
"0375211C",1
"0382211C",1
"0384211C",1
"0387211C",1
"0388211C",1
"0395211C",1
"0397211C",1
"0400211C",1
"0403211C",1
"0406211C",1
"0408211C",1
"0410211C",1
"0411211C",1
"0413211C",1
"0414211C",1
"0418211C",1
"0419211C",1
"0428211C",1
"0454211C",1
"0470211C",1
"0472211C",1
"0474211C",1
"0484211C",1
"0530211C",1
"0559211C",1
"0570211C",1
"0573211C",1
"0577211C",1
"0584211C",1
"0585211C",1
"0586211C",1
"0587211C",1
"0592211C",1
"0603211C",1
"0608211C",1
"0610211C",1
"0620211C",1
"0622211C",1
"0634211C",1
"0641211C",1
"0643211C",1
"0654211C",1
"0701211C",1
"0707211C",1
"0709211C",1
"0710211C",1
"0712211C",1
"0713211C",1
"0714211C",1
"0715211C",1
"0716211C",1
"0718211C",1
"0721211C",1
"0722211C",1
"0723211C",1
"0724211C",1
"0725211C",1
"0732211C",1
"0734211C",1
"0740211C",1
"0741211C",1
"0742211C",1
"0745211C",1
"0747211C",1
"0763211C",1
"0765211C",1
"0003212C",1
"0009212C",1
"0021212C",1
"0024212C",1
"0025212C",1
"0027212C",1
"0029212C",1
"0031212C",1
"0034212C",1
"0037212C",1
"0039212C",1
"0041212C",1
"0042212C",1
"0043212C",1
"0044212C",1
"0047212C",1
"0049212C",1
"0063212C",1
"0064212C",1
"0070212C",1
"0077212C",1
"0078212C",1
"0079212C",1
"0080212C",1
"0081212C",1
"0086212C",1
"0532212C",1
"0317213C",1
"0067214C",1
"0085214C",1
"0130214C",1
"0135214C",1
"0144214C",1
"0177214C",1
"0215214C",1
"0216214C",1
"0217214C",1
"0222214C",1
"0226214C",1
"0252214C",1
"0260214C",1
"0416214C",1
"0015215C",1
"0027215C",1
"0041215C",1
"0111215C",1
"0221215C",1
"0222215C",1
"0254215C",1
"0265215C",1
"0411215C",1
"0433215C",1
"0483215C",1
"0573215C",1
"0578215C",1
"0582215C",1
"0666215C",1
"0670215C",1
"0713215C",1
"0717215C",1
"0731215C",1
"0737215C",1
"0012216C",1
"0025216C",1
"0062216C",1
"0076216C",1
"0077216C",1
"0106216C",1
"0110216C",1
"0117216C",1
"0158216C",1
"0170216C",1
"0184216C",1
"0186216C",1
"0238216C",1
"0244216C",1
"0261216C",1
"0278216C",1
"0304216C",1
"0315216C",1
"0366216C",1
"0368216C",1
"0376216C",1
"0428216C",1
"0434216C",1
"0438216C",1
"0444216C",1
"0445216C",1
"0460216C",1
"0470216C",1
"0471216C",1
"0493216C",1
"0494216C",1
"0507216C",1
"0517216C",1
"0519216C",1
"0520216C",1
"0522216C",1
"0525216C",1
"0526216C",1
"0527216C",1
"0531216C",1
"0533216C",1
"0559216C",1
"0561216C",1
"0562216C",1
"0563216C",1
"0564216C",1
"0566216C",1
"0568216C",1
"0571216C",1
"0573216C",1
"0575216C",1
"0578216C",1
"0579216C",1
"0582216C",1
"0584216C",1
"0585216C",1
"0816216C",1
"0006217C",1
"0008217C",1
"0010217C",1
"0012217C",1
"0013217C",1
"0014217C",1
"0017217C",1
"0018217C",1
"0021217C",1
"0024217C",1
"0025217C",1
"0026217C",1
"0027217C",1
"0030217C",1
"0031217C",1
"0033217C",1
"0034217C",1
"0035217C",1
"0038217C",1
"0039217C",1
"0041217C",1
"0042217C",1
"0043217C",1
"0046217C",1
"0047217C",1
"0048217C",1
"0049217C",1
"0054217C",1
"0055217C",1
"0074217C",1
"0076217C",1
"0081217C",1
"0083217C",1
"0087217C",1
"0094217C",1
"0096217C",1
"0097217C",1
"0098217C",1
"0101217C",1
"0102217C",1
"0103217C",1
"0106217C",1
"0107217C",1
"0108217C",1
"0109217C",1
"0110217C",1
"0111217C",1
"0112217C",1
"0115217C",1
"0117217C",1
"0119217C",1
"0120217C",1
"0123217C",1
"0125217C",1
"0126217C",1
"0130217C",1
"0131217C",1
"0132217C",1
"0135217C",1
"0136217C",1
"0139217C",1
"0141217C",1
"0143217C",1
"0145217C",1
"0146217C",1
"0149217C",1
"0152217C",1
"0155217C",1
"0156217C",1
"0158217C",1
"0160217C",1
"0162217C",1
"0164217C",1
"0165217C",1
"0167217C",1
"0170217C",1
"0176217C",1
"0179217C",1
"0182217C",1
"0193217C",1
"0195217C",1
"0197217C",1
"0201217C",1
"0207217C",1
"0209217C",1
"0213217C",1
"0217217C",1
"0222217C",1
"0232217C",1
"0235217C",1
"0236217C",1
"0241217C",1
"0244217C",1
"0245217C",1
"0247217C",1
"0253217C",1
"0259217C",1
"0261217C",1
"0263217C",1
"0266217C",1
"0267217C",1
"0269217C",1
"0271217C",1
"0273217C",1
"0274217C",1
"0277217C",1
"0281217C",1
"0283217C",1
"0288217C",1
"0292217C",1
"0293217C",1
"0295217C",1
"0300217C",1
"0301217C",1
"0302217C",1
"0304217C",1
"0305217C",1
"0307217C",1
"0308217C",1
"0309217C",1
"0311217C",1
"0312217C",1
"0325217C",1
"0327217C",1
"0373217C",1
"0443217C",1
"0501217C",1
"0555217C",1
"0574217C",1
"0599217C",1
"0611217C",1
"0630217C",1
"0636217C",1
"0642217C",1
"0657217C",1
"0674217C",1
"0739217C",1
"0744217C",1
"0756217C",1
"0771217C",1
"0779217C",1
"0782217C",1
"0787217C",1
"0833217C",1
"0837217C",1
"0840217C",1
"0844217C",1
"0845217C",1
"0865217C",1
"0001218C",1
"0022218C",1
"0031218C",1
"0034218C",1
"0041218C",1
"0043218C",1
"0045218C",1
"0087218C",1
"0088218C",1
"0089218C",1
"0091218C",1
"0093218C",1
"0123218C",1
"0131218C",1
"0133218C",1
"0188218C",1
"0215218C",1
"0226218C",1
"0251218C",1
"0256218C",1
"0257218C",1
"0279218C",1
"0323218C",1
"0409218C",1
"0421218C",1
"0424218C",1
"0430218C",1
"0431218C",1
"0432218C",1
"0433218C",1
"0434218C",1
"0437218C",1
"0438218C",1
"0444218C",1
"0446218C",1
"0447218C",1
"0451218C",1
"0454218C",1
"0457218C",1
"0458218C",1
"0462218C",1
"0464218C",1
"0467218C",1
"0468218C",1
"0472218C",1
"0475218C",1
"0478218C",1
"0479218C",1
"0480218C",1
"0485218C",1
"0486218C",1
"0488218C",1
"0491218C",1
"0494218C",1
"0495218C",1
"0499218C",1
"0506218C",1
"0514218C",1
"0520218C",1
"0521218C",1
"0535218C",1
"0542218C",1
"0550218C",1
"0551218C",1
"0552218C",1
"0553218C",1
"0567218C",1
"0569218C",1
"0570218C",1
"0574218C",1
"0579218C",1
"0580218C",1
"0582218C",1
"0588218C",1
"0596218C",1
"0598218C",1
"0600218C",1
"0602218C",1
"0604218C",1
"0606218C",1
"0610218C",1
"0611218C",1
"0626218C",1
"0639218C",1
"0644218C",1
"0649218C",1
"0669218C",1
"0005219C",1
"0042219C",1
"0043219C",1
"0059219C",1
"0070219C",1
"0071219C",1
"0073219C",1
"0074219C",1
"0080219C",1
"0081219C",1
"0091219C",1
"0094219C",1
"0096219C",1
"0100219C",1
"0104219C",1
"0105219C",1
"0111219C",1
"0112219C",1
"0115219C",1
"0130219C",1
"0133219C",1
"0136219C",1
"0539219C",1
"0592219C",1
"0024220C",1
"0044220C",1
"0053220C",1
"0003221C",1
"0004221C",1
"0007221C",1
"0013221C",1
"0016221C",1
"0019221C",1
"0031221C",1
"0038221C",1
"0053221C",1
"0056221C",1
"0058221C",1
"0071221C",1
"0074221C",1
"0077221C",1
"0091221C",1
"0096221C",1
"0105221C",1
"0110221C",1
"0112221C",1
"0114221C",1
"0118221C",1
"0119221C",1
"0122221C",1
"0131221C",1
"0136221C",1
"0138221C",1
"0174221C",1
"0176221C",1
"0180221C",1
"0182221C",1
"0190221C",1
"0194221C",1
"0200221C",1
"0201221C",1
"0203221C",1
"0206221C",1
"0210221C",1
"0212221C",1
"0214221C",1
"0220221C",1
"0222221C",1
"0226221C",1
"0230221C",1
"0235221C",1
"0240221C",1
"0241221C",1
"0242221C",1
"0243221C",1
"0248221C",1
"0254221C",1
"0258221C",1
"0260221C",1
"0263221C",1
"0264221C",1
"0270221C",1
"0274221C",1
"0277221C",1
"0278221C",1
"0279221C",1
"0284221C",1
"0289221C",1
"0293221C",1
"0295221C",1
"0300221C",1
"0303221C",1
"0304221C",1
"0313221C",1
"0317221C",1
"0325221C",1
"0327221C",1
"0331221C",1
"0343221C",1
"0349221C",1
"0353221C",1
"0357221C",1
"0363221C",1
"0379221C",1
"0381221C",1
"0386221C",1
"0403221C",1
"0404221C",1
"0411221C",1
"0413221C",1
"0414221C",1
"0425221C",1
"0428221C",1
"0429221C",1
"0433221C",1
"0437221C",1
"0442221C",1
"0443221C",1
"0452221C",1
"0454221C",1
"0455221C",1
"0457221C",1
"0458221C",1
"0466221C",1
"0475221C",1
"0479221C",1
"0481221C",1
"0484221C",1
"0489221C",1
"0491221C",1
"0495221C",1
"0498221C",1
"0501221C",1
"0504221C",1
"0507221C",1
"0508221C",1
"0512221C",1
"0513221C",1
"0516221C",1
"0517221C",1
"0522221C",1
"0525221C",1
"0531221C",1
"0535221C",1
"0539221C",1
"0541221C",1
"0550221C",1
"0553221C",1
"0557221C",1
"0562221C",1
"0564221C",1
"0573221C",1
"0574221C",1
"0576221C",1
"0577221C",1
"0578221C",1
"0585221C",1
"0586221C",1
"0587221C",1
"0588221C",1
"0591221C",1
"0595221C",1
"0599221C",1
"0616221C",1
"0617221C",1
"0622221C",1
"0625221C",1
"0634221C",1
"0642221C",1
"0644221C",1
"0648221C",1
"0650221C",1
"0662221C",1
"0672221C",1
"0677221C",1
"0678221C",1
"0680221C",1
"0684221C",1
"0702221C",1
"0704221C",1
"0707221C",1
"0720221C",1
"0732221C",1
"0744221C",1
"0767221C",1
"0768221C",1
"0778221C",1
"0788221C",1
"0800221C",1
"0806221C",1
"0812221C",1
"0826221C",1
"0828221C",1
"0830221C",1
"0838221C",1
"0844221C",1
"0852221C",1
"0854221C",1
"0856221C",1
"0860221C",1
"0868221C",1
"0002222C",1
"0008222C",1
"0014222C",1
"0033222C",1
"0036222C",1
"0042222C",1
"0054222C",1
"0086222C",1
"0096222C",1
"0100222C",1
"0102222C",1
"0122222C",1
"0124222C",1
"0138222C",1
"0174222C",1
"0201222C",1
"0248222C",1
"0267222C",1
"0268222C",1
"0276222C",1
"0291222C",1
"0301222C",1
"0335222C",1
"0337222C",1
"0384222C",1
"0388222C",1
"0399222C",1
"0413222C",1
"0437222C",1
"0455222C",1
"0463222C",1
"0481222C",1
"0487222C",1
"0491222C",1
"0497222C",1
"0511222C",1
"0527222C",1
"0530222C",1
"0566222C",1
"0732222C",1
"0006223C",1
"0023223C",1
"0028223C",1
"0064223C",1
"0069223C",1
"0073223C",1
"0075223C",1
"0078223C",1
"0101223C",1
"0106223C",1
"0114223C",1
"0118223C",1
"0119223C",1
"0147223C",1
"0150223C",1
"0151223C",1
"0156223C",1
"0161223C",1
"0166223C",1
"0172223C",1
"0190223C",1
"0196223C",1
"0208223C",1
"0209223C",1
"0323223C",1
"0344223C",1
"0345223C",1
"0346223C",1
"0348223C",1
"0360223C",1
"0362223C",1
"0365223C",1
"0368223C",1
"0370223C",1
"0374223C",1
"0375223C",1
"0376223C",1
"0379223C",1
"0380223C",1
"0382223C",1
"0386223C",1
"0391223C",1
"0396223C",1
"0397223C",1
"0399223C",1
"0406223C",1
"0411223C",1
"0413223C",1
"0422223C",1
"0425223C",1
"0429223C",1
"0434223C",1
"0436223C",1
"0441223C",1
"0442223C",1
"0443223C",1
"0450223C",1
"0454223C",1
"0456223C",1
"0457223C",1
"0458223C",1
"0459223C",1
"0464223C",1
"0466223C",1
"0469223C",1
"0470223C",1
"0475223C",1
"0479223C",1
"0480223C",1
"0482223C",1
"0500223C",1
"0501223C",1
"0511223C",1
"0514223C",1
"0515223C",1
"0519223C",1
"0520223C",1
"0526223C",1
"0527223C",1
"0529223C",1
"0531223C",1
"0533223C",1
"0535223C",1
"0536223C",1
"0537223C",1
"0540223C",1
"0544223C",1
"0547223C",1
"0549223C",1
"0550223C",1
"0551223C",1
"0552223C",1
"0554223C",1
"0555223C",1
"0557223C",1
"0558223C",1
"0560223C",1
"0561223C",1
"0564223C",1
"0567223C",1
"0569223C",1
"0570223C",1
"0571223C",1
"0572223C",1
"0573223C",1
"0574223C",1
"0575223C",1
"0576223C",1
"0578223C",1
"0580223C",1
"0582223C",1
"0583223C",1
"0585223C",1
"0587223C",1
"0588223C",1
"0589223C",1
"0590223C",1
"0591223C",1
"0592223C",1
"0654223C",1
"0001224C",1
"0002224C",1
"0006224C",1
"0007224C",1
"0017224C",1
"0025224C",1
"0028224C",1
"0091224C",1
"0106224C",1
"0107224C",1
"0116224C",1
"0119224C",1
"0124224C",1
"0130224C",1
"0133224C",1
"0142224C",1
"0149224C",1
"0171224C",1
"0182224C",1
"0188224C",1
"0190224C",1
"0198224C",1
"0199224C",1
"0202224C",1
"0210224C",1
"0216224C",1
"0218224C",1
"0226224C",1
"0230224C",1
"0231224C",1
"0235224C",1
"0238224C",1
"0242224C",1
"0243224C",1
"0244224C",1
"0280224C",1
"0298224C",1
"0308224C",1
"0316224C",1
"0333224C",1
"0334224C",1
"0335224C",1
"0353224C",1
"0359224C",1
"0369224C",1
"0371224C",1
"0373224C",1
"0381224C",1
"0388224C",1
"0405224C",1
"0417224C",1
"0419224C",1
"0421224C",1
"0427224C",1
"0434224C",1
"0437224C",1
"0438224C",1
"0441224C",1
"0445224C",1
"0451224C",1
"0457224C",1
"0459224C",1
"0463224C",1
"0473224C",1
"0474224C",1
"0475224C",1
"0483224C",1
"0484224C",1
"0485224C",1
"0500224C",1
"0511224C",1
"0517224C",1
"0529224C",1
"0533224C",1
"0536224C",1
"0543224C",1
"0548224C",1
"0553224C",1
"0555224C",1
"0561224C",1
"0563224C",1
"0565224C",1
"0569224C",1
"0575224C",1
"0577224C",1
"0581224C",1
"0583224C",1
"0595224C",1
"0613224C",1
"0623224C",1
"0640224C",1
"0651224C",1
"0661224C",1
"0749224C",1
"0043225C",1
"0083225C",1
"0085225C",1
"0105225C",1
"0111225C",1
"0122225C",1
"0128225C",1
"0129225C",1
"0131225C",1
"0165225C",1
"0187225C",1
"0211225C",1
"0223225C",1
"0231225C",1
"0245225C",1
"0251225C",1
"0279225C",1
"0281225C",1
"0292225C",1
"0293225C",1
"0303225C",1
"0305225C",1
"0320225C",1
"0373225C",1
"0380225C",1
"0381225C",1
"0383225C",1
"0399225C",1
"0407225C",1
"0409225C",1
"0411225C",1
"0415225C",1
"0423225C",1
"0445225C",1
"0477225C",1
"0479225C",1
"0531225C",1
"0538225C",1
"0540225C",1
"0594225C",1
"0600225C",1
"0631225C",1
"0661225C",1
"0674225C",1
"0703225C",1
"0731225C",1
"0733225C",1
"0734225C",1
"0736225C",1
"0752225C",1
"0755225C",1
"0767225C",1
"0769225C",1
"0772225C",1
"0773225C",1
"0774225C",1
"0776225C",1
"0784225C",1
"0785225C",1
"0786225C",1
"0787225C",1
"0797225C",1
"0798225C",1
"0805225C",1
"0813225C",1
"0814225C",1
"0815225C",1
"0816225C",1
"0819225C",1
"0820225C",1
"0821225C",1
"0823225C",1
"0828225C",1
"0833225C",1
"0836225C",1
"0009226C",1
"0011226C",1
"0018226C",1
"0021226C",1
"0030226C",1
"0039226C",1
"0040226C",1
"0041226C",1
"0043226C",1
"0057226C",1
"0061226C",1
"0070226C",1
"0071226C",1
"0081226C",1
"0083226C",1
"0084226C",1
"0087226C",1
"0089226C",1
"0091226C",1
"0092226C",1
"0099226C",1
"0101226C",1
"0246226C",1
"0012227C",1
"0015227C",1
"0021227C",1
"0024227C",1
"0025227C",1
"0026227C",1
"0028227C",1
"0063227C",1
"0098227C",1
"0678227C",1
"0002228C",1
"0004228C",1
"0016228C",1
"0020228C",1
"0042228C",1
"0044228C",1
"0045228C",1
"0046228C",1
"0050228C",1
"0057228C",1
"0058228C",1
"0062228C",1
"0063228C",1
"0064228C",1
"0067228C",1
"0068228C",1
"0071228C",1
"0079228C",1
"0080228C",1
"0087228C",1
"0108228C",1
"0112228C",1
"0116228C",1
"0118228C",1
"0122228C",1
"0124228C",1
"0126228C",1
"0135228C",1
"0161228C",1
"0172228C",1
"0179228C",1
"0192228C",1
"0208228C",1
"0210228C",1
"0212228C",1
"0213228C",1
"0214228C",1
"0218228C",1
"0225228C",1
"0233228C",1
"0234228C",1
"0238228C",1
"0240228C",1
"0250228C",1
"0254228C",1
"0260228C",1
"0261228C",1
"0274228C",1
"0282228C",1
"0284228C",1
"0302228C",1
"0303228C",1
"0308228C",1
"0313228C",1
"0319228C",1
"0321228C",1
"0327228C",1
"0332228C",1
"0335228C",1
"0345228C",1
"0351228C",1
"0355228C",1
"0362228C",1
"0365228C",1
"0367228C",1
"0370228C",1
"0375228C",1
"0379228C",1
"0386228C",1
"0389228C",1
"0396228C",1
"0399228C",1
"0403228C",1
"0413228C",1
"0414228C",1
"0419228C",1
"0422228C",1
"0431228C",1
"0432228C",1
"0438228C",1
"0439228C",1
"0444228C",1
"0446228C",1
"0450228C",1
"0452228C",1
"0454228C",1
"0460228C",1
"0462228C",1
"0466228C",1
"0472228C",1
"0474228C",1
"0478228C",1
"0488228C",1
"0492228C",1
"0495228C",1
"0500228C",1
"0506228C",1
"0512228C",1
"0516228C",1
"0518228C",1
"0522228C",1
"0526228C",1
"0528228C",1
"0530228C",1
"0532228C",1
"0534228C",1
"0536228C",1
"0542228C",1
"0546228C",1
"0548228C",1
"0577228C",1
"0605228C",1
"0610228C",1
"0007229C",1
"0026229C",1
"0080229C",1
"0113229C",1
"0173229C",1
"0263229C",1
"0381229C",1
"0427229C",1
"0434229C",1
"0435229C",1
"0441229C",1
"0451229C",1
"0453229C",1
"0469229C",1
"0473229C",1
"0481229C",1
"0485229C",1
"0493229C",1
"0504229C",1
"0518229C",1
"0525229C",1
"0533229C",1
"0535229C",1
"0537229C",1
"0541229C",1
"0552229C",1
"0569229C",1
"0571229C",1
"0573229C",1
"0577229C",1
"0579229C",1
"0587229C",1
"0601229C",1
"0621229C",1
"0010230C",1
"0018230C",1
"0024230C",1
"0037230C",1
"0076230C",1
"0135230C",1
"0144230C",1
"0145230C",1
"0163230C",1
"0165230C",1
"0184230C",1
"0270230C",1
"0300230C",1
"0306230C",1
"0313230C",1
"0321230C",1
"0341230C",1
"0342230C",1
"0354230C",1
"0417230C",1
"0421230C",1
"0425230C",1
"0429230C",1
"0450230C",1
"0478230C",1
"0499230C",1
"0514230C",1
"0529230C",1
"0541230C",1
"0544230C",1
"0550230C",1
"0561230C",1
"0565230C",1
"0569230C",1
"0573230C",1
"0581230C",1
"0585230C",1
"0589230C",1
"0601230C",1
"0621230C",1
"0626230C",1
"0639230C",1
"0643230C",1
"0650230C",1
"0015231C",1
"0021231C",1
"0031231C",1
"0051231C",1
"0059231C",1
"0063231C",1
"0067231C",1
"0071231C",1
"0077231C",1
"0107231C",1
"0113231C",1
"0115231C",1
"0129231C",1
"0132231C",1
"0173231C",1
"0177231C",1
"0178231C",1
"0186231C",1
"0192231C",1
"0195231C",1
"0214231C",1
"0252231C",1
"0262231C",1
"0290231C",1
"0308231C",1
"0314231C",1
"0342231C",1
"0384231C",1
"0396231C",1
"0402231C",1
"0460231C",1
"0466231C",1
"0497231C",1
"0503231C",1
"0517231C",1
"0519231C",1
"0545231C",1
"0549231C",1
"0593231C",1
"0599231C",1
"0603231C",1
"0611231C",1
"0617231C",1
"0013232C",1
"0015232C",1
"0021232C",1
"0025232C",1
"0030232C",1
"0031232C",1
"0033232C",1
"0047232C",1
"0048232C",1
"0051232C",1
"0057232C",1
"0075232C",1
"0124232C",1
"0129232C",1
"0141232C",1
"0163232C",1
"0189232C",1
"0214232C",1
"0234232C",1
"0246232C",1
"0265232C",1
"0271232C",1
"0317232C",1
"0340232C",1
"0341232C",1
"0344232C",1
"0361232C",1
"0383232C",1
"0385232C",1
"0387232C",1
"0403232C",1
"0433232C",1
"0440232C",1
"0445232C",1
"0455232C",1
"0461232C",1
"0464232C",1
"0471232C",1
"0477232C",1
"0481232C",1
"0483232C",1
"0491232C",1
"0495232C",1
"0511232C",1
"0576232C",1
"0579232C",1
"0585232C",1
"0596232C",1
"0603232C",1
"0619232C",1
"0635232C",1
"0645232C",1
"0657232C",1
"0660232C",1
"0661232C",1
"0663232C",1
"0668232C",1
"0673232C",1
"0679232C",1
"0688232C",1
"0693232C",1
"0695232C",1
"0704232C",1
"0710232C",1
"0715232C",1
"0721232C",1
"0723232C",1
"0727232C",1
"0730232C",1
"0733232C",1
"0734232C",1
"0738232C",1
"0742232C",1
"0764232C",1
"0771232C",1
"0777232C",1
"0792232C",1
"0795232C",1
"0813232C",1
"0825232C",1
"0831232C",1
"0843232C",1
"0854232C",1
"0864232C",1
"0866232C",1
"0875232C",1
"0881232C",1
"0883232C",1
"0904232C",1
"0951232C",1
"0953232C",1
"0954232C",1
"0964232C",1
"0977232C",1
"0991232C",1
"1000232C",1
"1010232C",1
"1019232C",1
"1023232C",1
"1030232C",1
"1034232C",1
"1041232C",1
"1044232C",1
"1045232C",1
"1069232C",1
"1071232C",1
"0004233C",1
"0015233C",1
"0019233C",1
"0020233C",1
"0021233C",1
"0027233C",1
"0035233C",1
"0853233C",1
"0044234C",1
"0069234C",1
"0458234C",1
"0021235C",1
"0081235C",1
"0102235C",1
"0114235C",1
"0122235C",1
"0125235C",1
"0127235C",1
"0131235C",1
"0141235C",1
"0142235C",1
"0144235C",1
"0145235C",1
"0149235C",1
"0162235C",1
"0200235C",1
"0202235C",1
"0208235C",1
"0219235C",1
"0238235C",1
"0241235C",1
"0245235C",1
"0261235C",1
"0272235C",1
"0275235C",1
"0300235C",1
"0301235C",1
"0311235C",1
"0331235C",1
"0336235C",1
"0344235C",1
"0348235C",1
"0354235C",1
"0365235C",1
"0367235C",1
"0374235C",1
"0381235C",1
"0383235C",1
"0384235C",1
"0397235C",1
"0401235C",1
"0411235C",1
"0424235C",1
"0429235C",1
"0435235C",1
"0449235C",1
"0451235C",1
"0474235C",1
"0475235C",1
"0485235C",1
"0487235C",1
"0501235C",1
"0535235C",1
"0537235C",1
"0552235C",1
"0558235C",1
"0562235C",1
"0563235C",1
"0567235C",1
"0577235C",1
"0584235C",1
"0608235C",1
"0641235C",1
"0645235C",1
"0655235C",1
"0659235C",1
"0665235C",1
"0677235C",1
"0681235C",1
"0804235C",1
"0823235C",1
"0962235C",1
"0329236C",1
"0330236C",1
"0333236C",1
"0413236C",1
"0424236C",1
"0006237C",1
"0008237C",1
"0012237C",1
"0022237C",1
"0031237C",1
"0055237C",1
"0057237C",1
"0069237C",1
"0070237C",1
"0071237C",1
"0074237C",1
"0084237C",1
"0118237C",1
"0123237C",1
"0124237C",1
"0127237C",1
"0134237C",1
"0138237C",1
"0139237C",1
"0140237C",1
"0146237C",1
"0150237C",1
"0154237C",1
"0156237C",1
"0158237C",1
"0160237C",1
"0162237C",1
"0163237C",1
"0168237C",1
"0169237C",1
"0173237C",1
"0177237C",1
"0183237C",1
"0184237C",1
"0185237C",1
"0190237C",1
"0193237C",1
"0196237C",1
"0214237C",1
"0238237C",1
"0244237C",1
"0245237C",1
"0246237C",1
"0250237C",1
"0252237C",1
"0258237C",1
"0260237C",1
"0262237C",1
"0272237C",1
"0273237C",1
"0274237C",1
"0275237C",1
"0276237C",1
"0277237C",1
"0283237C",1
"0284237C",1
"0296237C",1
"0297237C",1
"0302237C",1
"0303237C",1
"0304237C",1
"0308237C",1
"0312237C",1
"0314237C",1
"0321237C",1
"0322237C",1
"0323237C",1
"0324237C",1
"0325237C",1
"0326237C",1
"0327237C",1
"0329237C",1
"0330237C",1
"0331237C",1
"0332237C",1
"0333237C",1
"0334237C",1
"0341237C",1
"0342237C",1
"0345237C",1
"0384237C",1
"0386237C",1
"0388237C",1
"0390237C",1
"0393237C",1
"0396237C",1
"0398237C",1
"0401237C",1
"0402237C",1
"0403237C",1
"0404237C",1
"0405237C",1
"0406237C",1
"0408237C",1
"0411237C",1
"0412237C",1
"0414237C",1
"0417237C",1
"0419237C",1
"0420237C",1
"0421237C",1
"0422237C",1
"0425237C",1
"0427237C",1
"0429237C",1
"0430237C",1
"0433237C",1
"0434237C",1
"0439237C",1
"0441237C",1
"0448237C",1
"0460237C",1
"0463237C",1
"0465237C",1
"0466237C",1
"0467237C",1
"0471237C",1
"0472237C",1
"0473237C",1
"0476237C",1
"0478237C",1
"0488237C",1
"0495237C",1
"0502237C",1
"0510237C",1
"0511237C",1
"0513237C",1
"0514237C",1
"0515237C",1
"0516237C",1
"0520237C",1
"0524237C",1
"0525237C",1
"0528237C",1
"0531237C",1
"0538237C",1
"0539237C",1
"0541237C",1
"0542237C",1
"0543237C",1
"0544237C",1
"0545237C",1
"0546237C",1
"0547237C",1
"0553237C",1
"0554237C",1
"0556237C",1
"0563237C",1
"0564237C",1
"0568237C",1
"0572237C",1
"0573237C",1
"0574237C",1
"0575237C",1
"0576237C",1
"0579237C",1
"0580237C",1
"0583237C",1
"0584237C",1
"0585237C",1
"0586237C",1
"0588237C",1
"0590237C",1
"0593237C",1
"0595237C",1
"0597237C",1
"0598237C",1
"0599237C",1
"0607237C",1
"0608237C",1
"0611237C",1
"0612237C",1
"0613237C",1
"0614237C",1
"0615237C",1
"0617237C",1
"0618237C",1
"0619237C",1
"0620237C",1
"0622237C",1
"0623237C",1
"0624237C",1
"0625237C",1
"0626237C",1
"0628237C",1
"0629237C",1
"0630237C",1
"0631237C",1
"0632237C",1
"0633237C",1
"0634237C",1
"0637237C",1
"0638237C",1
"0639237C",1
"0640237C",1
"0642237C",1
"0643237C",1
"0644237C",1
"0645237C",1
"0648237C",1
"0654237C",1
"0660237C",1
"0661237C",1
"0662237C",1
"0664237C",1
"0665237C",1
"0666237C",1
"0667237C",1
"0668237C",1
"0670237C",1
"0673237C",1
"0675237C",1
"0682237C",1
"0690237C",1
"0691237C",1
"0704237C",1
"0706237C",1
"0048238C",1
"0065238C",1
"0068238C",1
"0070238C",1
"0076238C",1
"0078238C",1
"0094238C",1
"0111238C",1
"0141238C",1
"0142238C",1
"0144238C",1
"0172238C",1
"0193238C",1
"0199238C",1
"0200238C",1
"0221238C",1
"0222238C",1
"0224238C",1
"0226238C",1
"0230238C",1
"0237238C",1
"0238238C",1
"0241238C",1
"0242238C",1
"0243238C",1
"0244238C",1
"0248238C",1
"0252238C",1
"0254238C",1
"0256238C",1
"0258238C",1
"0268238C",1
"0276238C",1
"0280238C",1
"0283238C",1
"0285238C",1
"0286238C",1
"0313238C",1
"0315238C",1
"0356238C",1
"0373238C",1
"0375238C",1
"0380238C",1
"0384238C",1
"0390238C",1
"0401238C",1
"0435238C",1
"0467238C",1
"0470238C",1
"0473238C",1
"0476238C",1
"0491238C",1
"0510238C",1
"0532238C",1
"0540238C",1
"0544238C",1
"0546238C",1
"0548238C",1
"0566238C",1
"0568238C",1
"0576238C",1
"0580238C",1
"0584238C",1
"0590238C",1
"0598238C",1
"0627238C",1
"0647238C",1
"0665238C",1
"0674238C",1
"0748238C",1
"0757238C",1
"0785238C",1
"0786238C",1
"0791238C",1
"0803238C",1
"0809238C",1
"0816238C",1
"0838238C",1
"0842238C",1
"0858238C",1
"0861238C",1
"0864238C",1
"0905238C",1
"0926238C",1
"0033239C",1
"0119239C",1
"0166239C",1
"0185239C",1
"0189239C",1
"0214239C",1
"0278239C",1
"0310239C",1
"0316239C",1
"0338239C",1
"0352239C",1
"0356239C",1
"0362239C",1
"0372239C",1
"0395239C",1
"0440239C",1
"0444239C",1
"0474239C",1
"0482239C",1
"0487239C",1
"0505239C",1
"0506239C",1
"0517239C",1
"0535239C",1
"0564239C",1
"0570239C",1
"0571239C",1
"0575239C",1
"0577239C",1
"0581239C",1
"0582239C",1
"0585239C",1
"0594239C",1
"0601239C",1
"0609239C",1
"0614239C",1
"0624239C",1
"0633239C",1
"0707239C",1
"0720239C",1
"0727239C",1
"0732239C",1
"0738239C",1
"0742239C",1
"0743239C",1
"0750239C",1
"0751239C",1
"0756239C",1
"0762239C",1
"0764239C",1
"0765239C",1
"0777239C",1
"0778239C",1
"0787239C",1
"0791239C",1
"0796239C",1
"0806239C",1
"0810239C",1
"0820239C",1
"0021240C",1
"0022240C",1
"0164240C",1
"0183240C",1
"0189240C",1
"0214240C",1
"0224240C",1
"0227240C",1
"0235240C",1
"0241240C",1
"0022242C",1
"0025242C",1
"0032242C",1
"0046242C",1
"0053242C",1
"0067242C",1
"0183242C",1
"0184242C",1
"0198242C",1
"0217242C",1
"0231242C",1
"0243242C",1
"0264242C",1
"0266242C",1
"0275242C",1
"0287242C",1
"0366242C",1
"0444242C",1
"0454242C",1
"0461242C",1
"0475242C",1
"0337243C",1
"0338243C",1
"0427243C",1
"0463243C",1
"0486243C",1
"0496243C",1
"0574243C",1
"0626243C",1
"0671243C",1
"0037244C",1
"0062244C",1
"0222244C",1
"0245244C",1
"0362244C",1
"0448244C",1
"0512244C",1
"0536244C",1
"0624244C",1
"0637244C",1
"0641244C",1
"0647244C",1
"0659244C",1
"0683244C",1
"0692244C",1
"0702244C",1
"0724244C",1
"0731244C",1
"0748244C",1
"0756244C",1
"0772244C",1
"0844244C",1
"0857244C",1
"0025245C",1
"0048245C",1
"0055245C",1
"0063245C",1
"0064245C",1
"0094245C",1
"0131245C",1
"0134245C",1
"0139245C",1
"0147245C",1
"0158245C",1
"0161245C",1
"0182245C",1
"0226245C",1
"0246245C",1
"0248245C",1
"0254245C",1
"0256245C",1
"0344245C",1
"0370245C",1
"0408245C",1
"0414245C",1
"0418245C",1
"0420245C",1
"0424245C",1
"0448245C",1
"0468245C",1
"0511245C",1
"0515245C",1
"0549245C",1
"0562245C",1
"0580245C",1
"0646245C",1
"0662245C",1
"0670245C",1
"0676245C",1
"0684245C",1
"0700245C",1
"0722245C",1
"0762245C",1
"0794245C",1
"0838245C",1
"0848245C",1
"0010246C",1
"0032246C",1
"0073246C",1
"0075246C",1
"0098246C",1
"0100246C",1
"0204246C",1
"0332246C",1
"0334246C",1
"0336246C",1
"0340246C",1
"0342246C",1
"0344246C",1
"0346246C",1
"0350246C",1
"0354246C",1
"0360246C",1
"0362246C",1
"0371246C",1
"0386246C",1
"0428246C",1
"0436246C",1
"0438246C",1
"0442246C",1
"0446246C",1
"0450246C",1
"0456246C",1
"0458246C",1
"0460246C",1
"0461246C",1
"0462246C",1
"0463246C",1
"0466246C",1
"0467246C",1
"0468246C",1
"0469246C",1
"0470246C",1
"0476246C",1
"0477246C",1
"0478246C",1
"0480246C",1
"0481246C",1
"0482246C",1
"0484246C",1
"0486246C",1
"0488246C",1
"0490246C",1
"0491246C",1
"0492246C",1
"0494246C",1
"0495246C",1
"0496246C",1
"0498246C",1
"0500246C",1
"0502246C",1
"0504246C",1
"0506246C",1
"0518246C",1
"0522246C",1
"0530246C",1
"0533246C",1
"0569246C",1
"0580246C",1
"0598246C",1
"0634246C",1
"0644246C",1
"0645246C",1
"0661246C",1
"0667246C",1
"0684246C",1
"0687246C",1
"0693246C",1
"0697246C",1
"0715246C",1
"0721246C",1
"0733246C",1
"0736246C",1
"0749246C",1
"0753246C",1
"0763246C",1
"0764246C",1
"0773246C",1
"0779246C",1
"0795246C",1
"0856246C",1
"0871246C",1
"0873246C",1
"0013248C",1
"0014248C",1
"0015248C",1
"0016248C",1
"0017248C",1
"0018248C",1
"0020248C",1
"0022248C",1
"0023248C",1
"0024248C",1
"0025248C",1
"0026248C",1
"0027248C",1
"0028248C",1
"0029248C",1
"0030248C",1
"0031248C",1
"0032248C",1
"0035248C",1
"0036248C",1
"0039248C",1
"0040248C",1
"0041248C",1
"0043248C",1
"0044248C",1
"0045248C",1
"0046248C",1
"0047248C",1
"0048248C",1
"0049248C",1
"0050248C",1
"0052248C",1
"0053248C",1
"0054248C",1
"0055248C",1
"0056248C",1
"0057248C",1
"0058248C",1
"0060248C",1
"0066248C",1
"0067248C",1
"0068248C",1
"0071248C",1
"0072248C",1
"0073248C",1
"0074248C",1
"0001249C",1
"0002249C",1
"0004249C",1
"0005249C",1
"0008249C",1
"0010249C",1
"0011249C",1
"0012249C",1
"0013249C",1
"0014249C",1
"0015249C",1
"0016249C",1
"0018249C",1
"0020249C",1
"0022249C",1
"0023249C",1
"0024249C",1
"0025249C",1
"0026249C",1
"0027249C",1
"0029249C",1
"0030249C",1
"0031249C",1
"0032249C",1
"0033249C",1
"0034249C",1
"0035249C",1
"0037249C",1
"0042249C",1
"0043249C",1
"0044249C",1
"0045249C",1
"0047249C",1
"0048249C",1
"0049249C",1
"0050249C",1
"0051249C",1
"0054249C",1
"0055249C",1
"0057249C",1
"0058249C",1
"0060249C",1
"0061249C",1
"0064249C",1
"0066249C",1
"0067249C",1
"0069249C",1
"0070249C",1
"0072249C",1
"0076249C",1
"0079249C",1
"0084249C",1
"0085249C",1
"0088249C",1
"0090249C",1
"0091249C",1
"0092249C",1
"0094249C",1
"0095249C",1
"0097249C",1
"0098249C",1
"0099249C",1
"0100249C",1
"0101249C",1
"0102249C",1
"0104249C",1
"0105249C",1
"0106249C",1
"0107249C",1
"0109249C",1
"0111249C",1
"0113249C",1
"0114249C",1
"0115249C",1
"0116249C",1
"0118249C",1
"0120249C",1
"0121249C",1
"0123249C",1
"0124249C",1
"0127249C",1
"0128249C",1
"0130249C",1
"0131249C",1
"0132249C",1
"0134249C",1
"0135249C",1
"0140249C",1
"0142249C",1
"0143249C",1
"0144249C",1
"0146249C",1
"0148249C",1
"0149249C",1
"0151249C",1
"0154249C",1
"0164249C",1
"0167249C",1
"0168249C",1
"0170249C",1
"0172249C",1
"0178249C",1
"0180249C",1
"0181249C",1
"0182249C",1
"0183249C",1
"0184249C",1
"0185249C",1
"0186249C",1
"0190249C",1
"0193249C",1
"0196249C",1
"0200249C",1
"0202249C",1
"0204249C",1
"0206249C",1
"0207249C",1
"0208249C",1
"0211249C",1
"0212249C",1
"0216249C",1
"0221249C",1
"0231249C",1
"0234249C",1
"0235249C",1
"0236249C",1
"0237249C",1
"0238249C",1
"0239249C",1
"0240249C",1
"0241249C",1
"0242249C",1
"0243249C",1
"0244249C",1
"0246249C",1
"0247249C",1
"0248249C",1
"0249249C",1
"0250249C",1
"0254249C",1
"0255249C",1
"0260249C",1
"0263249C",1
"0264249C",1
"0266249C",1
"0268249C",1
"0269249C",1
"0273249C",1
"0274249C",1
"0276249C",1
"0277249C",1
"0280249C",1
"0282249C",1
"0283249C",1
"0284249C",1
"0285249C",1
"0286249C",1
"0288249C",1
"0290249C",1
"0292249C",1
"0293249C",1
"0294249C",1
"0298249C",1
"0300249C",1
"0303249C",1
"0304249C",1
"0306249C",1
"0308249C",1
"0313249C",1
"0316249C",1
"0317249C",1
"0318249C",1
"0324249C",1
"0330249C",1
"0332249C",1
"0334249C",1
"0337249C",1
"0339249C",1
"0350249C",1
"0352249C",1
"0355249C",1
"0358249C",1
"0359249C",1
"0364249C",1
"0365249C",1
"0366249C",1
"0367249C",1
"0368249C",1
"0369249C",1
"0370249C",1
"0374249C",1
"0376249C",1
"0378249C",1
"0380249C",1
"0381249C",1
"0402249C",1
"0414249C",1
"0444249C",1
"0446249C",1
"0450249C",1
"0451249C",1
"0452249C",1
"0458249C",1
"0461249C",1
"0463249C",1
"0464249C",1
"0466249C",1
"0467249C",1
"0468249C",1
"0472249C",1
"0473249C",1
"0474249C",1
"0475249C",1
"0477249C",1
"0478249C",1
"0483249C",1
"0484249C",1
"0485249C",1
"0486249C",1
"0488249C",1
"0492249C",1
"0493249C",1
"0495249C",1
"0496249C",1
"0498249C",1
"0499249C",1
"0501249C",1
"0504249C",1
"0505249C",1
"0506249C",1
"0508249C",1
"0525249C",1
"0625249C",1
"0655249C",1
"0669249C",1
"0750249C",1
"0792249C",1
"0806249C",1
"0808249C",1
"0823249C",1
"0845249C",1
"0934249C",1
"0949249C",1
"0954249C",1
"0964249C",1
"0027250C",1
"0063250C",1
"0071250C",1
"0131250C",1
"0187250C",1
"0205250C",1
"0207250C",1
"0210250C",1
"0221250C",1
"0249250C",1
"0298250C",1
"0319250C",1
"0333250C",1
"0366250C",1
"0368250C",1
"0445250C",1
"0449250C",1
"0466250C",1
"0474250C",1
"0495250C",1
"0506250C",1
"0533250C",1
"0552250C",1
"0564250C",1
"0568250C",1
"0625250C",1
"0634250C",1
"0665250C",1
"0668250C",1
"0683250C",1
"0728250C",1
"0037251C",1
"0054251C",1
"0063251C",1
"0067251C",1
"0084251C",1
"0114251C",1
"0179251C",1
"0263251C",1
"0291251C",1
"0301251C",1
"0303251C",1
"0341251C",1
"0383251C",1
"0397251C",1
"0409251C",1
"0427251C",1
"0439251C",1
"0468251C",1
"0479251C",1
"0483251C",1
"0491251C",1
"0501251C",1
"0527251C",1
"0572251C",1
"0587251C",1
"0660251C",1
"0678251C",1
"0750251C",1
"0007252C",1
"0068252C",1
"0078252C",1
"0099252C",1
"0137252C",1
"0143252C",1
"0147252C",1
"0204252C",1
"0208252C",1
"0246252C",1
"0253252C",1
"0263252C",1
"0284252C",1
"0286252C",1
"0307252C",1
"0310252C",1
"0320252C",1
"0322252C",1
"0323252C",1
"0325252C",1
"0335252C",1
"0364252C",1
"0406252C",1
"0410252C",1
"0419252C",1
"0421252C",1
"0422252C",1
"0423252C",1
"0433252C",1
"0438252C",1
"0443252C",1
"0456252C",1
"0462252C",1
"0476252C",1
"0478252C",1
"0500252C",1
"0501252C",1
"0514252C",1
"0516252C",1
"0542252C",1
"0544252C",1
"0558252C",1
"0574252C",1
"0594252C",1
"0657252C",1
"0659252C",1
"0674252C",1
"0700252C",1
"0708252C",1
"0714252C",1
"0718252C",1
"0783252C",1
"0801252C",1
"0832252C",1
"0871252C",1
"0878252C",1
"0886252C",1
"0894252C",1
"0924252C",1
"0931252C",1
"0959252C",1
"1007252C",1
"1010252C",1
"1035252C",1
"1037252C",1
"1047252C",1
"1052252C",1
"1075252C",1
"1088252C",1
"1099252C",1
"1105252C",1
"1147252C",1
"1157252C",1
"0040253C",1
"0072253C",1
"0100253C",1
"0111253C",1
"0203253C",1
"0224253C",1
"0231253C",1
"0240253C",1
"0245253C",1
"0247253C",1
"0266253C",1
"0271253C",1
"0272253C",1
"0273253C",1
"0277253C",1
"0281253C",1
"0282253C",1
"0298253C",1
"0299253C",1
"0314253C",1
"0340253C",1
"0348253C",1
"0350253C",1
"0388253C",1
"0405253C",1
"0439253C",1
"0454253C",1
"0477253C",1
"0504253C",1
"0541253C",1
"0542253C",1
"0580253C",1
"0583253C",1
"0602253C",1
"0603253C",1
"0605253C",1
"0624253C",1
"0626253C",1
"0630253C",1
"0634253C",1
"0638253C",1
"0649253C",1
"0929253C",1
"1021253C",1
"1059253C",1
"0948255C",1
"0219257C",1
"0271257C",1
"0429257C",1
"0444257C",1
"0528257C",1
"0533257C",1
"0563257C",1
"0582257C",1
"0024258C",1
"0046258C",1
"0121258C",1
"0128258C",1
"0426259C",1
"0456259C",1
"0457259C",1
"0484259C",1
"0561259C",1
"0049260C",1
"0095260C",1
"0100260C",1
"0157260C",1
"0159260C",1
"0160260C",1
"0171260C",1
"0192260C",1
"0209260C",1
"0364260C",1
"0369260C",1
"0374260C",1
"0389260C",1
"0393260C",1
"0395260C",1
"0411260C",1
"0414260C",1
"0424260C",1
"0534260C",1
"0543260C",1
"0551260C",1
"0553260C",1
"0581260C",1
"0591260C",1
"0594260C",1
"0601260C",1
"0623260C",1
"0645260C",1
"0710260C",1
"0718260C",1
"0789260C",1
"0809260C",1
"0836260C",1
"0860260C",1
"0017261C",1
"0041261C",1
"0043261C",1
"0049261C",1
"0057261C",1
"0071261C",1
"0073261C",1
"0077261C",1
"0084261C",1
"0095261C",1
"0107261C",1
"0110261C",1
"0135261C",1
"0143261C",1
"0155261C",1
"0171261C",1
"0174261C",1
"0181261C",1
"0184261C",1
"0187261C",1
"0193261C",1
"0203261C",1
"0207261C",1
"0243261C",1
"0117263C",1
"0122263C",1
"0131263C",1
"0143263C",1
"0145263C",1
"0153263C",1
"0157263C",1
"0164263C",1
"0173263C",1
"0183263C",1
"0197263C",1
"0205263C",1
"0207263C",1
"0208263C",1
"0235263C",1
"0244263C",1
"0245263C",1
"0251263C",1
"0263263C",1
"0306263C",1
"0341263C",1
"0343263C",1
"0355263C",1
"0389263C",1
"0442263C",1
"0540263C",1
"0547263C",1
"0553263C",1
"0572263C",1
"0577263C",1
"0579263C",1
"0583263C",1
"0584263C",1
"0599263C",1
"0604263C",1
"0611263C",1
"0625263C",1
"0020264C",1
"0035264C",1
"0045264C",1
"0534264C",1
"0544264C",1
"0547264C",1
"0548264C",1
"0551264C",1
"0552264C",1
"0554264C",1
"0563264C",1
"0565264C",1
"0567264C",1
"0568264C",1
"0573264C",1
"0574264C",1
"0575264C",1
"0576264C",1
"0580264C",1
"0581264C",1
"0587264C",1
"0611264C",1
"0614264C",1
"0634264C",1
"0691264C",1
"0005265C",1
"0009265C",1
"0021265C",1
"0034265C",1
"0038265C",1
"0041265C",1
"0051265C",1
"0057265C",1
"0065265C",1
"0085265C",1
"0089265C",1
"0121265C",1
"0131265C",1
"0140265C",1
"0141265C",1
"0143265C",1
"0154265C",1
"0156265C",1
"0160265C",1
"0181265C",1
"0207265C",1
"0214265C",1
"0215265C",1
"0231265C",1
"0234265C",1
"0245265C",1
"0276265C",1
"0328265C",1
"0386265C",1
"0394265C",1
"0414265C",1
"0440265C",1
"0486265C",1
"0530265C",1
"0536265C",1
"0540265C",1
"0608265C",1
"0623265C",1
"0624265C",1
"0626265C",1
"0632265C",1
"0646265C",1
"0654265C",1
"0700265C",1
"0721265C",1
"0092266C",1
"0522266C",1
"0540266C",1
"0557266C",1
"0564266C",1
"0575266C",1
"0604266C",1
"0669266C",1
"0680266C",1
"0684266C",1
"0706266C",1
"0746266C",1
"0780266C",1
"0790266C",1
"0806266C",1
"0890266C",1
"0905266C",1
"0020267C",1
"0041267C",1
"0117267C",1
"0079295C",1
"0457320C",1
"1056525C",1
"0455722C",1
