{"metadata":{"asset_id":"eac3f0c3-2ef8-4667-9245-687d1d473e85","asset_attributes":["data_asset"],"name":"Retail And Weather README.pdf","asset_type":"data_asset","created_at":"2021-09-30T19:22:36Z","description":"","origin_country":"us","owner_id":"1000331005","project_id":"4f91ef58-ec37-480c-9cd0-b61f20c7e7f4","size":1253838,"tags":[],"usage":{"last_update_time":1633029757427,"last_updated_at":"2021-09-30T19:22:37Z"}},"entity":{"data_asset":{"mime_type":"application/pdf","dataset":false}},"attachments":[{"id":"48999cc5-35ba-4654-846c-11d3f7378740","version":2,"asset_type":"data_asset","name":"Retail And Weather README.pdf","mime":"application/pdf","datasource_type":"81bafdbd-b7c6-45c5-a4fd-6ec135f66f4e","object_key":"data_asset/Retail And Weather README.pdf","creator_id":"icp4d-dev","create_time":1633029756973,"size":1253838,"is_remote":false,"is_managed":false,"is_referenced":true,"is_object_key_read_only":false,"is_user_provided_path_key":true,"transfer_complete":true,"is_partitioned":false,"complete_time_ticks":1633029756973,"user_data":{},"test_doc":0,"handle":{"key":"data_asset/Retail And Weather README.pdf","upload_id":"done","max_part_num":1},"usage":{"access_count":0,"last_accessor_id":"icp4d-dev","last_access_time":1633029756973}}]}