{"metadata":{"asset_id":"f5227026-0e24-4cd9-826e-117bce010b4d","asset_attributes":["data_asset"],"name":"Retail Weather Dashboard.json","asset_type":"data_asset","created_at":"2021-09-30T19:22:36Z","description":"","origin_country":"us","owner_id":"1000331005","project_id":"4f91ef58-ec37-480c-9cd0-b61f20c7e7f4","size":108319,"tags":[],"usage":{"last_update_time":1633029756986,"last_updated_at":"2021-09-30T19:22:36Z"}},"entity":{"data_asset":{"mime_type":"application/json","dataset":false}},"attachments":[{"id":"316bc415-7446-44c8-b3f6-04139ecaf776","version":2,"asset_type":"data_asset","name":"Retail Weather Dashboard.json","mime":"application/json","datasource_type":"81bafdbd-b7c6-45c5-a4fd-6ec135f66f4e","object_key":"data_asset/Retail Weather Dashboard.json","creator_id":"icp4d-dev","create_time":1633029756561,"size":108319,"is_remote":false,"is_managed":false,"is_referenced":true,"is_object_key_read_only":false,"is_user_provided_path_key":true,"transfer_complete":true,"is_partitioned":false,"complete_time_ticks":1633029756561,"user_data":{},"test_doc":0,"handle":{"key":"data_asset/Retail Weather Dashboard.json","upload_id":"done","max_part_num":1},"usage":{"access_count":0,"last_accessor_id":"icp4d-dev","last_access_time":1633029756561}}]}