{"metadata":{"asset_id":"5a57a001-ef1e-4c07-b312-953757f031a0","asset_attributes":["data_asset"],"name":"life_event_prep.py","asset_type":"data_asset","created_at":"2023-05-15T12:25:22Z","description":"","origin_country":"us","owner_id":"1000331035","project_id":"b4b298e2-c4f5-47ab-9786-57861bee54e0","size":38104,"tags":[],"usage":{"last_update_time":1684153522758,"last_updated_at":"2023-05-15T12:25:22Z"}},"entity":{"data_asset":{"mime_type":"text/x-script.phyton","dataset":false}},"attachments":[{"id":"a39b407c-39ff-44cb-99a8-4d0ae2808921","version":2,"asset_type":"data_asset","name":"life_event_prep.py","mime":"text/x-script.phyton","datasource_type":"81bafdbd-b7c6-45c5-a4fd-6ec135f66f4e","object_key":"data_asset/life_event_prep.py","creator_id":"icp4d-dev","create_time":1684153522719,"size":38104,"is_remote":false,"is_managed":false,"is_referenced":true,"is_object_key_read_only":false,"is_user_provided_path_key":true,"transfer_complete":true,"is_partitioned":false,"complete_time_ticks":1684153522719,"user_data":{},"test_doc":0,"handle":{"type":"assetfiles","key":"data_asset/life_event_prep.py","upload_id":"done","max_part_num":1},"usage":{"access_count":0,"last_accessor_id":"icp4d-dev","last_access_time":1684153522719}}]}