{"metadata":{"asset_id":"bfc45020-b1fd-4926-bd62-d504445a8626","asset_attributes":["data_asset"],"name":"customer-life-event-prediction-map-terms.csv","asset_type":"data_asset","created_at":"2023-05-15T12:25:22Z","description":"","origin_country":"us","owner_id":"1000331035","project_id":"b4b298e2-c4f5-47ab-9786-57861bee54e0","size":9302,"tags":[],"usage":{"last_update_time":1684153522515,"last_updated_at":"2023-05-15T12:25:22Z"}},"entity":{"data_asset":{"mime_type":"text/csv","dataset":false}},"attachments":[{"id":"234926e3-8f12-4408-ba34-0c2bf658c31b","version":2,"asset_type":"data_asset","name":"customer-life-event-prediction-map-terms.csv","mime":"text/csv","datasource_type":"81bafdbd-b7c6-45c5-a4fd-6ec135f66f4e","object_key":"data_asset/customer-life-event-prediction-map-terms.csv","creator_id":"icp4d-dev","create_time":1684153522465,"size":9302,"is_remote":false,"is_managed":false,"is_referenced":true,"is_object_key_read_only":false,"is_user_provided_path_key":true,"transfer_complete":true,"is_partitioned":false,"complete_time_ticks":1684153522465,"user_data":{},"test_doc":0,"handle":{"type":"assetfiles","key":"data_asset/customer-life-event-prediction-map-terms.csv","upload_id":"done","max_part_num":1},"usage":{"access_count":0,"last_accessor_id":"icp4d-dev","last_access_time":1684153522465}}]}