{"metadata":{"asset_id":"9898dffe-9d87-4ff7-b24c-fb6acb822638","asset_attributes":["data_asset"],"name":"customer-life-event-prediction-analytics-dashboard.zip","asset_type":"data_asset","created_at":"2023-05-15T12:25:22Z","origin_country":"us","owner_id":"1000331035","project_id":"b4b298e2-c4f5-47ab-9786-57861bee54e0","size":569484,"usage":{"last_update_time":1684402072330,"last_updated_at":"2023-05-18T09:27:52Z"}},"entity":{"data_asset":{"mime_type":"application/zip","dataset":false}},"attachments":[{"id":"884e9ab0-5d58-46a3-9fdc-ee9c7c966cee","version":2,"asset_type":"data_asset","name":"customer-life-event-prediction-analytics-dashboard.zip","mime":"application/zip","datasource_type":"81bafdbd-b7c6-45c5-a4fd-6ec135f66f4e","object_key":"data_asset/customer-life-event-prediction-analytics-dashboard.zip","creator_id":"icp4d-dev","create_time":1684153522482,"size":569484,"is_remote":false,"is_managed":false,"is_referenced":true,"is_object_key_read_only":true,"is_user_provided_path_key":true,"transfer_complete":true,"is_partitioned":false,"complete_time_ticks":1684153522482,"user_data":{},"test_doc":0,"handle":{"type":"assetfiles","key":"data_asset/customer-life-event-prediction-analytics-dashboard.zip","upload_id":"done","max_part_num":1},"usage":{"access_count":1,"last_accessor_id":"1000331035","last_access_time":1684402072329,"last_updater_id":"1000331035","last_update_time":1684402072329}}]}