{"metadata":{"asset_id":"2563eb93-63fb-447b-92f9-a7dc3a68ca54","asset_attributes":["data_asset"],"name":"news.csv","asset_type":"data_asset","created_at":"2023-05-15T12:25:22Z","description":"","origin_country":"us","owner_id":"1000331035","project_id":"b4b298e2-c4f5-47ab-9786-57861bee54e0","size":42088,"tags":[],"usage":{"last_update_time":1684153522870,"last_updated_at":"2023-05-15T12:25:22Z"}},"entity":{"data_asset":{"mime_type":"text/csv","dataset":false}},"attachments":[{"id":"4df14777-d8fb-4609-8ddb-bf5f3da0968a","version":2,"asset_type":"data_asset","name":"news.csv","mime":"text/csv","datasource_type":"81bafdbd-b7c6-45c5-a4fd-6ec135f66f4e","object_key":"data_asset/news.csv","creator_id":"icp4d-dev","create_time":1684153522833,"size":42088,"is_remote":false,"is_managed":false,"is_referenced":true,"is_object_key_read_only":false,"is_user_provided_path_key":true,"transfer_complete":true,"is_partitioned":false,"complete_time_ticks":1684153522833,"user_data":{},"test_doc":0,"handle":{"type":"assetfiles","key":"data_asset/news.csv","upload_id":"done","max_part_num":1},"usage":{"access_count":0,"last_accessor_id":"icp4d-dev","last_access_time":1684153522833}}]}