{"metadata":{"asset_id":"913836a7-5f39-43ab-9538-3a2cff31b76a","asset_attributes":["data_asset"],"name":"census_probabilities.csv","asset_type":"data_asset","created_at":"2023-05-15T12:25:22Z","description":"","origin_country":"us","owner_id":"1000331035","project_id":"b4b298e2-c4f5-47ab-9786-57861bee54e0","size":127672342,"tags":[],"usage":{"last_update_time":1684153522931,"last_updated_at":"2023-05-15T12:25:22Z"}},"entity":{"data_asset":{"mime_type":"text/csv","dataset":false}},"attachments":[{"id":"d6557398-1b27-4d03-b0f1-f56c0481f6ff","version":2,"asset_type":"data_asset","name":"census_probabilities.csv","mime":"text/csv","datasource_type":"81bafdbd-b7c6-45c5-a4fd-6ec135f66f4e","object_key":"data_asset/census_probabilities.csv","creator_id":"icp4d-dev","create_time":1684153522899,"size":127672342,"is_remote":false,"is_managed":false,"is_referenced":true,"is_object_key_read_only":false,"is_user_provided_path_key":true,"transfer_complete":true,"is_partitioned":false,"complete_time_ticks":1684153522899,"user_data":{},"test_doc":0,"handle":{"type":"assetfiles","key":"data_asset/census_probabilities.csv","upload_id":"done","max_part_num":1},"usage":{"access_count":0,"last_accessor_id":"icp4d-dev","last_access_time":1684153522899}}]}