{"metadata":{"asset_id":"9a9a3600-6f80-4b3e-a554-9590ffac65a8","asset_attributes":["data_asset"],"name":"customer.csv","asset_type":"data_asset","created_at":"2023-05-15T12:25:22Z","description":"","origin_country":"us","owner_id":"1000331035","project_id":"b4b298e2-c4f5-47ab-9786-57861bee54e0","size":1273147,"tags":[],"usage":{"last_update_time":1684153522504,"last_updated_at":"2023-05-15T12:25:22Z"}},"entity":{"data_asset":{"mime_type":"text/csv","dataset":false}},"attachments":[{"id":"be621083-ca63-4daa-a6da-03e58da923e6","version":2,"asset_type":"data_asset","name":"customer.csv","mime":"text/csv","datasource_type":"81bafdbd-b7c6-45c5-a4fd-6ec135f66f4e","object_key":"data_asset/customer.csv","creator_id":"icp4d-dev","create_time":1684153522455,"size":1273147,"is_remote":false,"is_managed":false,"is_referenced":true,"is_object_key_read_only":false,"is_user_provided_path_key":true,"transfer_complete":true,"is_partitioned":false,"complete_time_ticks":1684153522455,"user_data":{},"test_doc":0,"handle":{"type":"assetfiles","key":"data_asset/customer.csv","upload_id":"done","max_part_num":1},"usage":{"access_count":0,"last_accessor_id":"icp4d-dev","last_access_time":1684153522455}}]}