{"metadata":{"asset_id":"dd4de1ee-e6c5-4c08-ac22-914b63e44988","asset_attributes":["data_asset"],"name":"training_user_inputs_and_prepped_column_names.json","asset_type":"data_asset","created_at":"2023-05-15T12:25:22Z","description":"","origin_country":"us","owner_id":"1000331035","project_id":"b4b298e2-c4f5-47ab-9786-57861bee54e0","size":2747,"tags":[],"usage":{"last_update_time":1684153522913,"last_updated_at":"2023-05-15T12:25:22Z"}},"entity":{"data_asset":{"mime_type":"application/json","dataset":false}},"attachments":[{"id":"3551ba07-bf9e-40a1-9919-d05b33eae0e3","version":2,"asset_type":"data_asset","name":"training_user_inputs_and_prepped_column_names.json","mime":"application/json","datasource_type":"81bafdbd-b7c6-45c5-a4fd-6ec135f66f4e","object_key":"data_asset/training_user_inputs_and_prepped_column_names.json","creator_id":"icp4d-dev","create_time":1684153522857,"size":2747,"is_remote":false,"is_managed":false,"is_referenced":true,"is_object_key_read_only":false,"is_user_provided_path_key":true,"transfer_complete":true,"is_partitioned":false,"complete_time_ticks":1684153522857,"user_data":{},"test_doc":0,"handle":{"type":"assetfiles","key":"data_asset/training_user_inputs_and_prepped_column_names.json","upload_id":"done","max_part_num":1},"usage":{"access_count":0,"last_accessor_id":"icp4d-dev","last_access_time":1684153522857}}]}