{"metadata":{"asset_id":"3009ad74-5f19-41cc-80e1-c31ee0959439","asset_attributes":["job"],"name":"3-model-scoring-and-app-deployment-notebook-job","asset_type":"job","created_at":"2023-05-15T12:25:27Z","origin_country":"us","owner_id":"1000331035","project_id":"b4b298e2-c4f5-47ab-9786-57861bee54e0","size":0,"usage":{"last_update_time":1684153527308,"last_updated_at":"2023-05-15T12:25:27Z"}},"entity":{"job":{"asset_ref_type":"notebook","configuration":{"env_id":"rt231py-b4b298e2-c4f5-47ab-9786-57861bee54e0","file_ref":"","entrypoint":"","run_results":"log_and_new_notebook","env_type":"notebook","env_variables":[]},"last_run_initiator":"deprecated field","last_run_time":"deprecated field","last_run_status":"deprecated field","last_run_status_timestamp":0,"future_scheduled_runs":[],"enable_notifications":true,"project_name":"IndustryAccelerator-LifeEventPrediction-project","asset_ref":"1628209d-b5ad-4e99-9ae4-f359913786eb","schedule_id":"","schedule_creator_id":""}}}