{"metadata":{"asset_id":"6d1d3fb5-c53b-4a5b-812f-b2d4e8bed1a1","asset_attributes":["notebook"],"name":"import-wkc-glossary","asset_type":"notebook","created_at":"2023-05-15T12:25:23Z","description":"","origin_country":"us","owner_id":"1000331035","project_id":"b4b298e2-c4f5-47ab-9786-57861bee54e0","size":37236,"tags":["notebook"],"usage":{"last_update_time":1684316333477,"last_updated_at":"2023-05-17T09:38:53Z"}},"entity":{"notebook":{"kernel":{"name":"python3","display_name":"Python 3.10","language":"python"},"originates_from":{"type":"file"},"runtime":{"environment":"rt231py-b4b298e2-c4f5-47ab-9786-57861bee54e0"}}},"attachments":[{"id":"b40e036f-b02f-4378-95a3-d16d2053d020","version":2,"asset_type":"notebook","name":"attachment for notebook 6d1d3fb5-c53b-4a5b-812f-b2d4e8bed1a1","description":"attachment for notebook 6d1d3fb5-c53b-4a5b-812f-b2d4e8bed1a1","mime":"application/json","datasource_type":"81bafdbd-b7c6-45c5-a4fd-6ec135f66f4e","object_key":"notebook/import-wkc-glossary_8e0Pu1202.ipynb","creator_id":"1000331035","create_time":1684153523322,"size":37236,"is_remote":false,"is_managed":false,"is_referenced":true,"is_object_key_read_only":false,"is_user_provided_path_key":true,"transfer_complete":true,"is_partitioned":false,"complete_time_ticks":1684153523322,"user_data":{},"test_doc":0,"handle":{"type":"assetfiles","key":"notebook/import-wkc-glossary_8e0Pu1202.ipynb","upload_id":"done","max_part_num":1},"usage":{"access_count":1,"last_accessor_id":"1000331035","last_access_time":1684316333476,"last_updater_id":"1000331035","last_update_time":1684316333476}}]}