{"metadata":{"asset_id":"dc96d726-d094-4439-b1af-a02aaa95d418","asset_attributes":["data_asset"],"name":"hospital-readmission-prediction-map-terms.csv","asset_type":"data_asset","created_at":"2023-05-17T09:55:36Z","description":"","origin_country":"us","owner_id":"1000331035","project_id":"b64a7529-b7b2-4122-a4ac-5780acfbd851","size":4019,"tags":[],"usage":{"last_update_time":1684317336922,"last_updated_at":"2023-05-17T09:55:36Z"}},"entity":{"data_asset":{"mime_type":"text/csv","dataset":false}},"attachments":[{"id":"1a4ac19d-4cd9-40f2-8f78-796e1a454a60","version":2,"asset_type":"data_asset","name":"hospital-readmission-prediction-map-terms.csv","mime":"text/csv","datasource_type":"81bafdbd-b7c6-45c5-a4fd-6ec135f66f4e","object_key":"data_asset/hospital-readmission-prediction-map-terms.csv","creator_id":"icp4d-dev","create_time":1684317336872,"size":4019,"is_remote":false,"is_managed":false,"is_referenced":true,"is_object_key_read_only":true,"is_user_provided_path_key":true,"transfer_complete":true,"is_partitioned":false,"complete_time_ticks":1684317336872,"user_data":{},"test_doc":0,"handle":{"type":"assetfiles","key":"data_asset/hospital-readmission-prediction-map-terms.csv","upload_id":"done","max_part_num":1},"usage":{"access_count":0,"last_accessor_id":"icp4d-dev","last_access_time":1684317336872}}]}