{"metadata":{"asset_id":"a52113c5-bf61-4905-9065-93a421f503b7","asset_attributes":["data_asset"],"name":"explanation-results.csv","asset_type":"data_asset","created_at":"2023-05-17T09:55:36Z","origin_country":"us","owner_id":"1000331035","project_id":"b64a7529-b7b2-4122-a4ac-5780acfbd851","size":18079,"usage":{"last_update_time":1685015493342,"last_updated_at":"2023-05-25T11:51:33Z"}},"entity":{"data_asset":{"mime_type":"text/csv","dataset":false}},"attachments":[{"id":"00ed295a-59e9-4e9c-b550-b93c16c9cbad","version":2,"asset_type":"data_asset","name":"explanation-results.csv","mime":"text/csv","datasource_type":"81bafdbd-b7c6-45c5-a4fd-6ec135f66f4e","object_key":"data_asset/explanation-results.csv","creator_id":"icp4d-dev","create_time":1684317336849,"size":18079,"is_remote":false,"is_managed":false,"is_referenced":true,"is_object_key_read_only":true,"is_user_provided_path_key":true,"transfer_complete":true,"is_partitioned":false,"complete_time_ticks":1684317336849,"user_data":{},"test_doc":0,"handle":{"type":"assetfiles","key":"data_asset/explanation-results.csv","upload_id":"done","max_part_num":1},"usage":{"access_count":3,"last_accessor_id":"1000330999","last_access_time":1685015493341,"last_updater_id":"1000330999","last_update_time":1685015493341}}]}