{"metadata":{"asset_id":"95d9d4df-bde1-4626-a2cb-9f22215b945b","asset_attributes":["data_asset"],"name":"patient-data.csv","asset_type":"data_asset","created_at":"2023-05-17T09:55:36Z","description":"","origin_country":"us","owner_id":"1000331035","project_id":"b64a7529-b7b2-4122-a4ac-5780acfbd851","size":485134,"tags":[],"usage":{"last_update_time":1684317336947,"last_updated_at":"2023-05-17T09:55:36Z"}},"entity":{"data_asset":{"mime_type":"text/csv","dataset":false}},"attachments":[{"id":"bbb66618-4ed9-4b57-a910-0bfee7b15c47","version":2,"asset_type":"data_asset","name":"patient-data.csv","mime":"text/csv","datasource_type":"81bafdbd-b7c6-45c5-a4fd-6ec135f66f4e","object_key":"data_asset/patient-data.csv","creator_id":"icp4d-dev","create_time":1684317336911,"size":485134,"is_remote":false,"is_managed":false,"is_referenced":true,"is_object_key_read_only":false,"is_user_provided_path_key":true,"transfer_complete":true,"is_partitioned":false,"complete_time_ticks":1684317336911,"user_data":{},"test_doc":0,"handle":{"type":"assetfiles","key":"data_asset/patient-data.csv","upload_id":"done","max_part_num":1},"usage":{"access_count":0,"last_accessor_id":"icp4d-dev","last_access_time":1684317336911}}]}