{"metadata":{"asset_id":"783e1818-de0e-4d2a-b8d1-bfaa50594768","asset_attributes":["data_asset"],"name":"hospital-readmission-prediction-glossary-categories.csv","asset_type":"data_asset","created_at":"2023-05-19T15:19:35Z","origin_country":"us","owner_id":"1000331035","project_id":"b64a7529-b7b2-4122-a4ac-5780acfbd851","size":460,"usage":{"last_update_time":1684509575407,"last_updated_at":"2023-05-19T15:19:35Z"}},"entity":{"data_asset":{"mime_type":"text/csv","dataset":false}},"attachments":[{"id":"beaca02b-7a8a-4f90-a292-67cd3500211b","version":2,"asset_type":"data_asset","name":"hospital-readmission-prediction-glossary-categories.csv","mime":"text/csv","datasource_type":"81bafdbd-b7c6-45c5-a4fd-6ec135f66f4e","object_key":"data_asset/hospital-readmission-prediction-glossary-categories.csv","creator_id":"1000331035","create_time":1684509575420,"size":460,"is_remote":false,"is_managed":false,"is_referenced":true,"is_object_key_read_only":true,"is_user_provided_path_key":true,"transfer_complete":true,"is_partitioned":false,"complete_time_ticks":1684509575420,"user_data":{},"test_doc":0,"handle":{"type":"assetfiles","key":"data_asset/hospital-readmission-prediction-glossary-categories.csv","upload_id":"done","max_part_num":1},"usage":{"access_count":0,"last_accessor_id":"1000331035","last_access_time":1684509575420}}]}