{"metadata":{"asset_id":"ca8e42ec-7a26-4b5e-9459-f61fc2818a40","asset_attributes":["data_asset"],"name":"Readme - Hospital Readmission Prediction.pdf","asset_type":"data_asset","created_at":"2023-05-19T15:33:56Z","origin_country":"us","owner_id":"1000331035","project_id":"b64a7529-b7b2-4122-a4ac-5780acfbd851","size":89771,"usage":{"last_update_time":1684510436249,"last_updated_at":"2023-05-19T15:33:56Z"}},"entity":{"data_asset":{"mime_type":"application/pdf","dataset":false}},"attachments":[{"id":"ba1c4aec-bc41-45f4-80a9-24bd29ddaca0","version":2,"asset_type":"data_asset","name":"Readme - Hospital Readmission Prediction.pdf","mime":"application/pdf","datasource_type":"81bafdbd-b7c6-45c5-a4fd-6ec135f66f4e","object_key":"data_asset/Readme - Hospital Readmission Prediction.pdf","creator_id":"1000331035","create_time":1684510436262,"size":89771,"is_remote":false,"is_managed":false,"is_referenced":true,"is_object_key_read_only":true,"is_user_provided_path_key":true,"transfer_complete":true,"is_partitioned":false,"complete_time_ticks":1684510436262,"user_data":{},"test_doc":0,"handle":{"type":"assetfiles","key":"data_asset/Readme - Hospital Readmission Prediction.pdf","upload_id":"done","max_part_num":1},"usage":{"access_count":0,"last_accessor_id":"1000331035","last_access_time":1684510436262}}]}