{"metadata":{"asset_id":"bac01828-99cb-4506-9459-b90aff585b89","asset_attributes":["data_asset"],"name":"hospital-readmission-prediction-analytics-dashboard.zip","asset_type":"data_asset","created_at":"2023-05-17T09:55:36Z","origin_country":"us","owner_id":"1000331035","project_id":"b64a7529-b7b2-4122-a4ac-5780acfbd851","size":1084766,"usage":{"last_update_time":1684317336927,"last_updated_at":"2023-05-17T09:55:36Z"}},"entity":{"data_asset":{"mime_type":"application/zip","dataset":false}},"attachments":[{"id":"6af47491-78ee-4e21-b653-caa793b150e1","version":2,"asset_type":"data_asset","name":"hospital-readmission-prediction-analytics-dashboard.zip","mime":"application/zip","datasource_type":"81bafdbd-b7c6-45c5-a4fd-6ec135f66f4e","object_key":"data_asset/hospital-readmission-prediction-analytics-dashboard.zip","creator_id":"icp4d-dev","create_time":1684317336896,"size":1084766,"is_remote":false,"is_managed":false,"is_referenced":true,"is_object_key_read_only":true,"is_user_provided_path_key":true,"transfer_complete":true,"is_partitioned":false,"complete_time_ticks":1684317336896,"user_data":{},"test_doc":0,"handle":{"type":"assetfiles","key":"data_asset/hospital-readmission-prediction-analytics-dashboard.zip","upload_id":"done","max_part_num":1},"usage":{"access_count":0,"last_accessor_id":"icp4d-dev","last_access_time":1684317336896}}]}