{"metadata":{"asset_id":"bc094a42-b3e4-4d81-ba6d-5ab54c447193","asset_attributes":["job"],"name":"2-model-training-and-deployment-notebook-job","asset_type":"job","created_at":"2023-05-17T09:55:39Z","origin_country":"us","owner_id":"1000331035","project_id":"b64a7529-b7b2-4122-a4ac-5780acfbd851","size":0,"usage":{"last_update_time":1684317755959,"last_updated_at":"2023-05-17T10:02:35Z"}},"entity":{"job":{"asset_ref_type":"notebook","configuration":{"env_id":"rt231py-b64a7529-b7b2-4122-a4ac-5780acfbd851","file_ref":"","entrypoint":"","run_results":"log_and_new_notebook","env_type":"notebook","env_variables":[]},"last_run_initiator":"deprecated field","last_run_time":"deprecated field","last_run_status":"deprecated field","last_run_status_timestamp":0,"future_scheduled_runs":[],"enable_notifications":true,"project_name":"Hospital-Readmission-Prediction-Industry-Accelerator","asset_ref":"a1dbe020-efb7-4ab7-9778-765cc25f8e02","schedule_id":"","schedule_creator_id":""}}}