{"metadata":{"asset_id":"3c1e424c-a5dd-4302-b64a-88564b2e26e4","asset_attributes":["notebook"],"name":"1-data-preprocessing","asset_type":"notebook","created_at":"2023-05-17T09:55:37Z","description":"","origin_country":"us","owner_id":"1000331035","project_id":"b64a7529-b7b2-4122-a4ac-5780acfbd851","size":57641,"tags":["notebook"],"usage":{"last_update_time":1684317582324,"last_updated_at":"2023-05-17T09:59:42Z"}},"entity":{"notebook":{"kernel":{"name":"python3","display_name":"Python 3.10","language":"python"},"originates_from":{"type":"file"},"runtime":{"environment":"rt231py-b64a7529-b7b2-4122-a4ac-5780acfbd851"}}},"attachments":[{"id":"88abc6e8-0181-4e95-b78e-5debc75e3328","version":2,"asset_type":"notebook","name":"attachment for notebook 3c1e424c-a5dd-4302-b64a-88564b2e26e4","description":"attachment for notebook 3c1e424c-a5dd-4302-b64a-88564b2e26e4","mime":"application/json","datasource_type":"81bafdbd-b7c6-45c5-a4fd-6ec135f66f4e","object_key":"notebook/1-data-prerocessing_KRK7WvnlQ.ipynb","creator_id":"1000331035","create_time":1684317337187,"size":57641,"is_remote":false,"is_managed":false,"is_referenced":true,"is_object_key_read_only":false,"is_user_provided_path_key":true,"transfer_complete":true,"is_partitioned":false,"complete_time_ticks":1684317337187,"user_data":{},"test_doc":0,"handle":{"type":"assetfiles","key":"notebook/1-data-prerocessing_KRK7WvnlQ.ipynb","upload_id":"done","max_part_num":1},"usage":{"access_count":2,"last_accessor_id":"1000331035","last_access_time":1684317582322,"last_updater_id":"1000331035","last_update_time":1684317582322}}]}