{"metadata":{"asset_id":"b0917c75-71af-4749-8830-0bf4a24739e4","asset_attributes":["notebook"],"name":"import-wkc-glossary","asset_type":"notebook","created_at":"2023-05-17T09:58:42Z","description":"","origin_country":"us","owner_id":"1000331035","project_id":"b64a7529-b7b2-4122-a4ac-5780acfbd851","size":33033,"tags":["notebook"],"usage":{"last_update_time":1684509872645,"last_updated_at":"2023-05-19T15:24:32Z"}},"entity":{"notebook":{"kernel":{"name":"python3","display_name":"Python 3.10","language":"python"},"originates_from":{"type":"blank"},"runtime":{"environment":"rt231py-b64a7529-b7b2-4122-a4ac-5780acfbd851"}}},"attachments":[{"id":"803cf133-9dc5-4538-a376-e4e97882b9a8","version":2,"asset_type":"notebook","name":"attachment for notebook b0917c75-71af-4749-8830-0bf4a24739e4","description":"attachment for notebook b0917c75-71af-4749-8830-0bf4a24739e4","mime":"application/json","datasource_type":"81bafdbd-b7c6-45c5-a4fd-6ec135f66f4e","object_key":"notebook/import-wkc-glossary_jQiKFYqNz.ipynb","creator_id":"1000331035","create_time":1684317522991,"size":33033,"is_remote":false,"is_managed":false,"is_referenced":true,"is_object_key_read_only":false,"is_user_provided_path_key":true,"transfer_complete":true,"is_partitioned":false,"complete_time_ticks":1684317522991,"user_data":{},"test_doc":0,"handle":{"type":"assetfiles","key":"notebook/import-wkc-glossary_jQiKFYqNz.ipynb","upload_id":"done","max_part_num":1},"usage":{"access_count":3,"last_accessor_id":"1000331035","last_access_time":1684509838464,"last_updater_id":"1000331035","last_update_time":1684509838464}}]}