{"metadata":{"asset_id":"504bba5e-8f11-4dbd-ae6b-536cc94fdba9","asset_attributes":["data_asset"],"name":"Reducing Severe Weather Risk in Insurance README.pdf","asset_type":"data_asset","created_at":"2021-09-30T18:55:06Z","description":"","origin_country":"us","owner_id":"1000331005","project_id":"6bbac679-8c57-4ffe-9250-578e4c310850","size":3535410,"tags":[],"usage":{"last_update_time":1633028107663,"last_updated_at":"2021-09-30T18:55:07Z"}},"entity":{"data_asset":{"mime_type":"application/pdf","dataset":false}},"attachments":[{"id":"4378c7f9-7b2d-464c-bb2c-c0343129a5b5","version":2,"asset_type":"data_asset","name":"Reducing Severe Weather Risk in Insurance README.pdf","mime":"application/pdf","datasource_type":"81bafdbd-b7c6-45c5-a4fd-6ec135f66f4e","object_key":"data_asset/Reducing Severe Weather Risk in Insurance README.pdf","creator_id":"icp4d-dev","create_time":1633028107189,"size":3535410,"is_remote":false,"is_managed":false,"is_referenced":true,"is_object_key_read_only":false,"is_user_provided_path_key":true,"transfer_complete":true,"is_partitioned":false,"complete_time_ticks":1633028107189,"user_data":{},"test_doc":0,"handle":{"key":"data_asset/Reducing Severe Weather Risk in Insurance README.pdf","upload_id":"done","max_part_num":1},"usage":{"access_count":0,"last_accessor_id":"icp4d-dev","last_access_time":1633028107189}}]}