{"metadata":{"asset_id":"5733f2e3-4a74-46db-bc08-882cbe89abd5","asset_attributes":["data_asset"],"name":"SPSSTreesModelPredictions.csv","asset_type":"data_asset","created_at":"2021-09-30T18:55:06Z","description":"","origin_country":"us","owner_id":"1000331005","project_id":"6bbac679-8c57-4ffe-9250-578e4c310850","size":5636315,"tags":[],"usage":{"last_update_time":1633028107298,"last_updated_at":"2021-09-30T18:55:07Z"}},"entity":{"data_asset":{"mime_type":"text/csv","dataset":false}},"attachments":[{"id":"eff73916-be31-40f0-ab22-bda21d6a5dd4","version":2,"asset_type":"data_asset","name":"SPSSTreesModelPredictions.csv","mime":"text/csv","datasource_type":"81bafdbd-b7c6-45c5-a4fd-6ec135f66f4e","object_key":"SPSSTreesModelPredictions.csv","creator_id":"icp4d-dev","create_time":1633028106941,"size":5636315,"is_remote":false,"is_managed":false,"is_referenced":true,"is_object_key_read_only":false,"is_user_provided_path_key":true,"transfer_complete":true,"is_partitioned":false,"complete_time_ticks":1633028106941,"user_data":{},"test_doc":0,"handle":{"key":"SPSSTreesModelPredictions.csv","upload_id":"done","max_part_num":1},"usage":{"access_count":0,"last_accessor_id":"icp4d-dev","last_access_time":1633028106941}}]}