{"metadata":{"asset_id":"1f7fb3d9-0ee4-4d67-8132-aae4f8363b14","asset_attributes":["notebook"],"name":"Update Sustained Wind Speed Maps","asset_type":"notebook","created_at":"2021-09-30T18:55:09Z","description":"","origin_country":"us","owner_id":"icp4d-dev","project_id":"6bbac679-8c57-4ffe-9250-578e4c310850","size":5892,"tags":["notebook"],"usage":{"last_update_time":1633028115001,"last_updated_at":"2021-09-30T18:55:15Z"}},"entity":{"notebook":{"kernel":{"name":"python3","display_name":"Python 3.7","language":"python"},"originates_from":{"type":"file"},"runtime":{"environment":"jupconda37-6bbac679-8c57-4ffe-9250-578e4c310850"}}},"attachments":[{"id":"7c22ca56-3c50-4c20-8d6b-171e0d33026b","version":2,"asset_type":"notebook","name":"attachment for notebook 1f7fb3d9-0ee4-4d67-8132-aae4f8363b14","description":"attachment for notebook 1f7fb3d9-0ee4-4d67-8132-aae4f8363b14","mime":"application/json","datasource_type":"81bafdbd-b7c6-45c5-a4fd-6ec135f66f4e","object_key":"notebook/Update_Sustained_Wind_Speed_Maps_lWcx5H-oy.ipynb","creator_id":"1000331005","create_time":1633028110580,"size":5892,"is_remote":false,"is_managed":false,"is_referenced":true,"is_object_key_read_only":false,"is_user_provided_path_key":true,"transfer_complete":true,"is_partitioned":false,"complete_time_ticks":1633028110580,"user_data":{},"test_doc":0,"handle":{"key":"notebook/Update_Sustained_Wind_Speed_Maps_lWcx5H-oy.ipynb","upload_id":"done","max_part_num":1},"usage":{"access_count":1,"last_accessor_id":"icp4d-dev","last_access_time":1633028113879,"last_updater_id":"icp4d-dev","last_update_time":1633028113879}}]}