{"metadata":{"asset_id":"cc00931d-e510-4c23-891b-0c8c01225803","asset_attributes":["notebook"],"name":"probabilistic_forecast","asset_type":"notebook","created_at":"2021-09-30T18:55:09Z","description":"","origin_country":"us","owner_id":"icp4d-dev","project_id":"6bbac679-8c57-4ffe-9250-578e4c310850","size":742281,"tags":["notebook"],"usage":{"last_update_time":1633028114625,"last_updated_at":"2021-09-30T18:55:14Z"}},"entity":{"notebook":{"kernel":{"name":"python3","display_name":"Python 3.7","language":"python"},"originates_from":{"type":"file"},"runtime":{"environment":"jupconda37-6bbac679-8c57-4ffe-9250-578e4c310850"}}},"attachments":[{"id":"805cab02-5e37-4594-896d-833b1b2c4b26","version":2,"asset_type":"notebook","name":"attachment for notebook cc00931d-e510-4c23-891b-0c8c01225803","description":"attachment for notebook cc00931d-e510-4c23-891b-0c8c01225803","mime":"application/json","datasource_type":"81bafdbd-b7c6-45c5-a4fd-6ec135f66f4e","object_key":"notebook/probabilistic_forecast_3FBP9J-TF.ipynb","creator_id":"1000331005","create_time":1633028110651,"size":742281,"is_remote":false,"is_managed":false,"is_referenced":true,"is_object_key_read_only":false,"is_user_provided_path_key":true,"transfer_complete":true,"is_partitioned":false,"complete_time_ticks":1633028110651,"user_data":{},"test_doc":0,"handle":{"key":"notebook/probabilistic_forecast_3FBP9J-TF.ipynb","upload_id":"done","max_part_num":1},"usage":{"access_count":1,"last_accessor_id":"icp4d-dev","last_access_time":1633028113414,"last_updater_id":"icp4d-dev","last_update_time":1633028113414}}]}