{"metadata":{"asset_id":"f1ca7257-e474-4a14-9873-dc61c0dd6519","asset_attributes":["notebook"],"name":"Update 15 Min Sustain Wind Speed Forecast Maps","asset_type":"notebook","created_at":"2021-09-30T18:55:09Z","description":"","origin_country":"us","owner_id":"icp4d-dev","project_id":"6bbac679-8c57-4ffe-9250-578e4c310850","size":6007,"tags":["notebook"],"usage":{"last_update_time":1633028114246,"last_updated_at":"2021-09-30T18:55:14Z"}},"entity":{"notebook":{"kernel":{"name":"python3","display_name":"Python 3.7","language":"python"},"originates_from":{"type":"file"},"runtime":{"environment":"jupconda37-6bbac679-8c57-4ffe-9250-578e4c310850"}}},"attachments":[{"id":"1a2476bc-d69e-4637-add6-f6aa3c9b2dcb","version":2,"asset_type":"notebook","name":"attachment for notebook f1ca7257-e474-4a14-9873-dc61c0dd6519","description":"attachment for notebook f1ca7257-e474-4a14-9873-dc61c0dd6519","mime":"application/json","datasource_type":"81bafdbd-b7c6-45c5-a4fd-6ec135f66f4e","object_key":"notebook/Update_15_Min_Sustain_Wind_Speed_Forecast_Maps__qUGbd65i.ipynb","creator_id":"1000331005","create_time":1633028110265,"size":6007,"is_remote":false,"is_managed":false,"is_referenced":true,"is_object_key_read_only":false,"is_user_provided_path_key":true,"transfer_complete":true,"is_partitioned":false,"complete_time_ticks":1633028110265,"user_data":{},"test_doc":0,"handle":{"key":"notebook/Update_15_Min_Sustain_Wind_Speed_Forecast_Maps__qUGbd65i.ipynb","upload_id":"done","max_part_num":1},"usage":{"access_count":1,"last_accessor_id":"icp4d-dev","last_access_time":1633028113282,"last_updater_id":"icp4d-dev","last_update_time":1633028113282}}]}