{"fields":[{"key":"scanner_id_metadata","type":"string","facet":false,"is_array":false,"is_searchable_across_types":false},{"key":"scanner_name_metadata","type":"string","facet":false,"is_array":false,"is_searchable_across_types":false},{"key":"scanner_id_lineage","type":"string","facet":false,"is_array":false,"is_searchable_across_types":false},{"key":"scanner_name_lineage","type":"string","facet":false,"is_array":false,"is_searchable_across_types":false}],"relationships":[],"global_search_searchable":[],"attribute_only":true,"is_column_custom_attribute":false,"can_have_image":false,"version":1,"name":"manta_scanner","scope":"PROJECT","allow_decorators":false}