ENCOUNTER_ID,PATIENT_NBR,RACE,GENDER,AGE,WEIGHT,ADMISSION_TYPE_ID,DISCHARGE_DISPOSITION_ID,ADMISSION_SOURCE_ID,TIME_IN_HOSPITAL,PAYER_CODE,MEDICAL_SPECIALTY,NUM_LAB_PROCEDURES,NUM_PROCEDURES,NUM_MEDICATIONS,NUMBER_OUTPATIENT,NUMBER_EMERGENCY,NUMBER_INPATIENT,DIAG_1,DIAG_2,DIAG_3,NUMBER_DIAGNOSES,MAX_GLU_SERUM,A1CRESULT,METFORMIN,REPAGLINIDE,NATEGLINIDE,CHLORPROPAMIDE,GLIMEPIRIDE,ACETOHEXAMIDE,GLIPIZIDE,GLYBURIDE,TOLBUTAMIDE,PIOGLITAZONE,ROSIGLITAZONE,ACARBOSE,MIGLITOL,TROGLITAZONE,TOLAZAMIDE,EXAMIDE,CITOGLIPTON,INSULIN,GLYBURIDE-METFORMIN,GLIPIZIDE-METFORMIN,GLIMEPIRIDE-PIOGLITAZONE,METFORMIN-ROSIGLITAZONE,METFORMIN-PIOGLITAZONE,CHANGE,DIABETESMED,READMITTED,FIRST_NAME,LAST_NAME,predicted_probability,predicted_class,LIME_Features
2278392,8222157,Caucasian,Female,[0-10),Unknown,Not Available,Unknown,Physician Referral,1,OTHER,Pediatrics-Endocrinology,41,0,1,0,0,0,"Endocrine, Nutritional And Metabolic",Infectious And Parasitic,Infectious And Parasitic,1,None,None,No,No,No,No,No,No,No,No,No,No,No,No,No,No,No,No,No,No,No,No,No,No,No,No,No,0,Ima,Labadie,0.017195516646192205,0,"[('NUMBER_DIAGNOSES', 0.007911901585765733), ('DISCHARGE_DISPOSITION_ID_Discharged to home', -0.005214804332064886), ('NUM_MEDICATIONS', 0.0012265329900137283), ('TIME_IN_HOSPITAL', 0.0008028725354008654), ('AGE_[0-10)', -0.0007194500800002036), ('ADMISSION_TYPE_ID_Not Available', -0.0005603812422442014), ('DISCHARGE_DISPOSITION_ID_Unknown', -0.0005462724423574668), ('PAYER_CODE_OTHER', 0.0004240048369445167), ('DIAG_2_Infectious And Parasitic', 4.597397030709762e-05), ('DIAG_3_Infectious And Parasitic', -6.459327005229725e-07)]"
149190,55629189,Caucasian,Female,[10-20),Unknown,Emergency,Discharged to home,Emergency Room,3,OTHER,,59,0,18,0,0,0,"Endocrine, Nutritional And Metabolic","Endocrine, Nutritional And Metabolic","Endocrine, Nutritional And Metabolic",9,None,None,No,No,No,No,No,No,No,No,No,No,No,No,No,No,No,No,No,Up,No,No,No,No,No,Ch,Yes,0,Brycen,Hermiston,0.07250270502577727,0,"[('NUMBER_DIAGNOSES', 0.02281649917457591), ('DISCHARGE_DISPOSITION_ID_Discharged to home', -0.014274108229788028), ('NUM_LAB_PROCEDURES', 0.004904119370950229), ('NUM_MEDICATIONS', 0.004456046470922416), ('INSULIN_Steady', -0.0014751826453388906), ('METFORMIN_No', -0.001251931608557022), ('DIAG_2_Endocrine, Nutritional And Metabolic', -0.0011811457297643958), ('ADMISSION_SOURCE_ID_Emergency Room', 0.000604579642812707), ('AGE_[10-20)', 0.0004252128834544381), ('INSULIN_Up', -0.0003507917648900086)]"
500364,82442376,Caucasian,Male,[30-40),Unknown,Emergency,Discharged to home,Emergency Room,2,OTHER,,44,1,16,0,0,0,Infectious And Parasitic,"Endocrine, Nutritional And Metabolic",Circulatory System,7,None,None,No,No,No,No,No,No,No,No,No,No,No,No,No,No,No,No,No,Up,No,No,No,No,No,Ch,Yes,0,Leonor,Cummerata,0.02424042583181561,0,"[('NUMBER_DIAGNOSES', 0.02172475919370695), ('DISCHARGE_DISPOSITION_ID_Discharged to home', -0.014128176064330611), ('NUM_MEDICATIONS', 0.004874594459969438), ('TIME_IN_HOSPITAL', 0.0028035175544514797), ('DIAG_1_Infectious And Parasitic', -0.0017962186124308647), ('AGE_[70-80)', 0.0017173133976046214), ('GENDER_Female', 0.0010651280210093406), ('INSULIN_No', -0.0009183466280549199), ('AGE_[30-40)', -0.0004606605947156517), ('DIAG_3_Circulatory System', -0.0004347941841116551)]"
16680,42519267,Caucasian,Male,[40-50),Unknown,Emergency,Discharged to home,Emergency Room,1,OTHER,,51,0,8,0,0,0,Neoplasms,Neoplasms,"Endocrine, Nutritional And Metabolic",5,None,None,No,No,No,No,No,No,Steady,No,No,No,No,No,No,No,No,No,No,Steady,No,No,No,No,No,Ch,Yes,0,Nicolas,Baumbach,0.011116494541700163,0,"[('NUMBER_DIAGNOSES', 0.019755573749365634), ('DISCHARGE_DISPOSITION_ID_Discharged to home', -0.011910233695095425), ('NUM_MEDICATIONS', 0.0035279134343927663), ('NUM_LAB_PROCEDURES', 0.003503341839098598), ('TIME_IN_HOSPITAL', 0.0020916809785220874), ('DIAG_1_Neoplasms', -0.0011317333683326925), ('GLIPIZIDE_Steady', -0.0009147261594687325), ('INSULIN_Steady', -0.0006593932570684878), ('GLIPIZIDE_No', -0.00042750018221000434), ('DIAG_2_Neoplasms', -0.0004255818424973721)]"
35754,82637451,Caucasian,Male,[50-60),Unknown,Urgent,Discharged to home,Clinic Referral,3,OTHER,,31,6,16,0,0,0,Circulatory System,Circulatory System,"Endocrine, Nutritional And Metabolic",9,None,None,No,No,No,No,No,No,No,No,No,No,No,No,No,No,No,No,No,Steady,No,No,No,No,No,No,Yes,0,Deshawn,Ryan,0.06631637559469633,0,"[('NUMBER_DIAGNOSES', 0.021601756514126956), ('DISCHARGE_DISPOSITION_ID_Discharged to home', -0.013346530009748047), ('NUM_MEDICATIONS', 0.00385671578721549), ('NUM_LAB_PROCEDURES', 0.003687653390611934), ('NUM_PROCEDURES', 0.000904693231899651), ('INSULIN_Steady', 0.0008481908126725821), ('AGE_[50-60)', -0.0006375153042020201), ('ADMISSION_TYPE_ID_Urgent', 0.00044603514513321725), ('DIAG_1_Circulatory System', 0.0004364418234585415), ('ADMISSION_SOURCE_ID_Clinic Referral', -0.00029164541616027366)]"
63768,114882984,Caucasian,Male,[70-80),Unknown,Emergency,Discharged to home,Emergency Room,5,OTHER,,73,0,12,0,0,0,Circulatory System,Respiratory System,"Endocrine, Nutritional And Metabolic",8,None,None,No,No,No,No,No,No,No,Steady,No,No,No,No,No,No,No,No,No,No,No,No,No,No,No,No,Yes,0,Jaime,Moore,0.047245322178513786,0,"[('NUMBER_DIAGNOSES', 0.022747258737765015), ('DISCHARGE_DISPOSITION_ID_Discharged to home', -0.015787405843553377), ('NUM_LAB_PROCEDURES', 0.003467784313369698), ('TIME_IN_HOSPITAL', 0.002807236550314533), ('GLYBURIDE_Steady', -0.001803996184886117), ('ADMISSION_SOURCE_ID_Emergency Room', -0.0013048121258982274), ('DIAG_2_Endocrine, Nutritional And Metabolic', 0.0012356822405795525), ('PAYER_CODE_OTHER', -0.0010780589088274506), ('AGE_[70-80)', 0.0009796670244686888), ('DIAG_2_Respiratory System', -0.0004982439235719469)]"
28236,89869032,AfricanAmerican,Female,[40-50),Unknown,Emergency,Discharged to home,Emergency Room,9,OTHER,,47,2,17,0,0,0,"Endocrine, Nutritional And Metabolic",Circulatory System,Injury And Poisoning,9,None,None,No,No,No,No,No,No,No,No,No,No,No,No,No,No,No,No,No,Steady,No,No,No,No,No,No,Yes,0,Mandy,Reichert,0.06630931356785419,0,"[('NUMBER_DIAGNOSES', 0.016400126939328852), ('DISCHARGE_DISPOSITION_ID_Discharged to home', -0.010606307018049585), ('NUM_MEDICATIONS', 0.004150694254887396), ('NUM_LAB_PROCEDURES', 0.0034121648226153357), ('TIME_IN_HOSPITAL', 0.0021204781626665767), ('GENDER_Male', 0.0015831561499430925), ('AGE_[40-50)', 0.0011327471307522145), ('DIAG_2_Circulatory System', 0.0009744951947657225), ('DIAG_1_Endocrine, Nutritional And Metabolic', -0.0008038378379546538), ('DIAG_3_Injury And Poisoning', -0.0002061832481618672)]"
76387002,85504905,Caucasian,Female,[40-50),Unknown,Emergency,Discharged/transferred to home with home health service,Emergency Room,9,OTHER,InfectiousDiseases,46,1,14,0,0,0,Musculoskeletal System And Connective Tissue,"Endocrine, Nutritional And Metabolic",Skin And Subcutaneous Tissue,9,None,Norm,No,No,No,No,No,No,No,No,No,No,No,No,No,No,No,No,No,Steady,No,No,No,No,No,No,Yes,0,Ana,Buckridge,0.10049686991727336,1,"[('NUMBER_DIAGNOSES', 0.024037110163890547), ('DISCHARGE_DISPOSITION_ID_Discharged to home', -0.015647828728675282), ('NUM_LAB_PROCEDURES', 0.0032096915998346656), ('TIME_IN_HOSPITAL', 0.0015646273924541103), ('INSULIN_Steady', -0.0012749163173302615), ('A1CRESULT_None', 0.0010410929180187643), ('A1CRESULT_Norm', -0.0009976425743890992), ('DIAG_3_Skin And Subcutaneous Tissue', -0.00037221399382397655), ('DIAG_1_Musculoskeletal System And Connective Tissue', -8.334802223326004e-05), ('DISCHARGE_DISPOSITION_ID_Discharged/transferred to home with home health service', -8.022647702013112e-05)]"
84222,108662661,Caucasian,Female,[50-60),Unknown,Emergency,Discharged to home,Emergency Room,3,OTHER,Cardiology,29,0,11,0,0,0,Skin And Subcutaneous Tissue,Neoplasms,"Endocrine, Nutritional And Metabolic",3,None,None,No,No,No,No,No,No,No,Steady,No,No,No,No,No,No,No,No,No,No,No,No,No,No,No,No,Yes,0,Drew,Champlin,0.01131257447847141,0,"[('NUMBER_DIAGNOSES', 0.019250031679141362), ('DISCHARGE_DISPOSITION_ID_Discharged to home', -0.012203638665066664), ('NUM_LAB_PROCEDURES', 0.004140151459413472), ('NUM_MEDICATIONS', 0.0029808563270442906), ('AGE_[50-60)', 0.0011105364155416678), ('DIAG_1_Skin And Subcutaneous Tissue', -0.0009139124080086266), ('PAYER_CODE_OTHER', 0.0008623327852916858), ('GLYBURIDE_Steady', 0.0007065652929560906), ('GLYBURIDE_No', -0.0006367686985594345), ('DIAG_2_Neoplasms', 0.0004345224627452693)]"
221634,21861756,Other,Female,[50-60),Unknown,Emergency,Discharged to home,Emergency Room,1,OTHER,,33,0,7,0,0,0,Ill-Defined Conditions,Circulatory System,"Endocrine, Nutritional And Metabolic",3,None,None,Steady,No,No,No,No,No,No,No,No,No,No,No,No,No,No,No,No,No,No,No,No,No,No,No,Yes,0,Zetta,Borer,0.011116494541700163,0,"[('NUMBER_DIAGNOSES', 0.019110457002693725), ('DISCHARGE_DISPOSITION_ID_Discharged to home', -0.012102681715499521), ('NUM_LAB_PROCEDURES', 0.00338916311886145), ('NUM_MEDICATIONS', 0.003197165669961562), ('TIME_IN_HOSPITAL', 0.0017444663583880988), ('DIAG_1_Ill-Defined Conditions', 0.001240044534617203), ('METFORMIN_Steady', -0.0010556277200814916), ('PAYER_CODE_OTHER', 0.000881894378101867), ('RACE_Other', 0.000756466618049854), ('METFORMIN_No', 0.000745559251105708)]"
325866,98427861,Caucasian,Female,[70-80),Unknown,Elective,Discharged to home,Clinic Referral,3,OTHER,,33,1,8,0,0,0,Neoplasms,Infectious And Parasitic,"Endocrine, Nutritional And Metabolic",5,None,None,No,No,No,No,No,No,No,No,No,No,No,No,No,No,No,No,No,Steady,No,No,No,No,No,No,Yes,0,Roberta,Champlin,0.01131257447847141,0,"[('NUMBER_DIAGNOSES', 0.016810783325102267), ('DISCHARGE_DISPOSITION_ID_Discharged to home', -0.010551705044674344), ('NUM_MEDICATIONS', 0.0038834951670704775), ('NUM_LAB_PROCEDURES', 0.0032254699537274585), ('DIAG_1_Neoplasms', -0.0011441455130113457), ('RACE_Caucasian', 0.0010829776853330426), ('DIAG_2_Infectious And Parasitic', -0.0009497287810461872), ('PAYER_CODE_OTHER', 0.0008083825306713865), ('ADMISSION_TYPE_ID_Elective', 0.0008056284466431966), ('ADMISSION_SOURCE_ID_Clinic Referral', -0.00032858498181366274)]"
197936334,112002975,Caucasian,Female,[70-80),Unknown,Emergency,Discharged to home,Emergency Room,4,MC,Family/GeneralPractice,51,0,14,0,0,0,Prenatal,"Endocrine, Nutritional And Metabolic","Endocrine, Nutritional And Metabolic",9,None,>8,Up,No,No,No,No,No,Steady,No,No,No,No,No,No,No,No,No,No,Steady,No,No,No,No,No,Ch,Yes,0,Karl,Abshire,0.05676972512625232,0,"[('NUMBER_DIAGNOSES', 0.0203639614404917), ('DISCHARGE_DISPOSITION_ID_Discharged to home', -0.013520952045171092), ('A1CRESULT_>8', -0.0019308433934375159), ('DIAG_2_Endocrine, Nutritional And Metabolic', -0.0016733918546961797), ('PAYER_CODE_MC', 0.0016077858387198956), ('A1CRESULT_None', 0.0012743351539232083), ('GLIPIZIDE_Steady', -0.0011410729296820097), ('AGE_[70-80)', 0.000983634132768193), ('DIAG_1_Prenatal', 0.0003092378152204031), ('METFORMIN_Up', -9.314414028203663e-05)]"
377268,104672268,Caucasian,Male,[50-60),Unknown,Urgent,Discharged to home,Clinic Referral,1,OTHER,,44,1,15,0,0,0,Injury And Poisoning,Circulatory System,"Endocrine, Nutritional And Metabolic",9,None,None,No,No,No,No,No,No,No,No,No,No,No,No,No,No,No,No,No,Steady,No,No,No,No,No,No,Yes,0,Elissa,Corkery,0.08351346443338599,1,"[('NUMBER_DIAGNOSES', 0.02078850449291499), ('DISCHARGE_DISPOSITION_ID_Discharged to home', -0.013468325700666502), ('NUM_MEDICATIONS', 0.004448779796028668), ('TIME_IN_HOSPITAL', 0.002698782562986142), ('ADMISSION_TYPE_ID_Urgent', 0.0020406395034975326), ('ADMISSION_SOURCE_ID_Physician Referral', -0.0017489181272897516), ('PAYER_CODE_OTHER', 0.0012371447049016795), ('DIAG_1_Injury And Poisoning', 0.0010961243565414962), ('ADMISSION_SOURCE_ID_Clinic Referral', 0.0008721362388145936), ('DIAG_2_Circulatory System', 0.00026010053702242147)]"
464994,106936875,Caucasian,Female,[40-50),Unknown,Elective,Discharged to home,Clinic Referral,2,OTHER,,10,3,8,0,0,0,Genitourinary System,"Endocrine, Nutritional And Metabolic",Injury And Poisoning,5,None,None,No,No,No,No,No,No,No,No,No,No,No,No,No,No,No,No,No,Steady,No,No,No,No,No,No,Yes,0,Natasha,Willms,0.011116494541700163,0,"[('NUMBER_DIAGNOSES', 0.006086718825047164), ('DISCHARGE_DISPOSITION_ID_Discharged to home', -0.003960678319154067), ('NUM_LAB_PROCEDURES', 0.0012102736021660687), ('DIAG_3_Injury And Poisoning', -0.0011477649410728391), ('NUM_MEDICATIONS', 0.001112190901606455), ('ADMISSION_SOURCE_ID_Clinic Referral', -0.000847677272872815), ('TIME_IN_HOSPITAL', 0.0007556691553901026), ('PAYER_CODE_OTHER', 0.00029980459619596345), ('ADMISSION_SOURCE_ID_Emergency Room', -0.00027416982046787604), ('ADMISSION_TYPE_ID_Elective', 4.109574450931053e-05)]"
486156,86240259,Caucasian,Female,[70-80),Unknown,Elective,Discharged/transferred to another type of inpatient care institution,Transfer from a hospital,9,OTHER,InternalMedicine,25,3,16,0,0,2,Circulatory System,Circulatory System,"Endocrine, Nutritional And Metabolic",7,None,None,No,No,No,No,No,No,No,Steady,No,No,No,No,No,No,No,No,No,Down,No,No,No,No,No,Ch,Yes,1,Jonatan,Frami,0.759059829059829,1,"[('DISCHARGE_DISPOSITION_ID_Discharged/transferred to another type of inpatient care institution', 0.032846960146953603), ('ADMISSION_SOURCE_ID_Transfer from a hospital', 0.01211714020847154), ('GLYBURIDE_Steady', 0.006039771320351516), ('INSULIN_Down', 0.005844168580873985), ('GLYBURIDE_No', -0.005653591439205846), ('DISCHARGE_DISPOSITION_ID_Discharged to home', -0.005313946958719585), ('TIME_IN_HOSPITAL', 0.004936205114015325), ('ADMISSION_TYPE_ID_Elective', 0.0038916363566018717), ('DIAG_1_Circulatory System', 0.003764989526800433), ('NUMBER_DIAGNOSES', 0.0026988874798375387)]"
590346,37746639,AfricanAmerican,Female,[40-50),Unknown,Emergency,Discharged/transferred to home with home health service,Emergency Room,8,OTHER,,55,2,17,0,0,0,"Endocrine, Nutritional And Metabolic",Skin And Subcutaneous Tissue,Skin And Subcutaneous Tissue,9,None,None,No,No,No,No,No,No,No,No,No,No,No,No,No,No,No,No,No,Steady,No,No,No,No,No,No,Yes,0,Terrill,Dicki,0.21888005341748734,1,"[('NUMBER_DIAGNOSES', 0.024698830331620326), ('DISCHARGE_DISPOSITION_ID_Discharged to home', -0.017159923779804003), ('DIAG_3_Skin And Subcutaneous Tissue', 0.007281084864853087), ('NUM_MEDICATIONS', 0.004994393252400965), ('NUM_LAB_PROCEDURES', 0.0046130207055591205), ('DIAG_2_Skin And Subcutaneous Tissue', 0.004475547490307708), ('DISCHARGE_DISPOSITION_ID_Discharged/transferred to home with home health service', 0.0034211170980462126), ('TIME_IN_HOSPITAL', 0.0033907022083605434), ('RACE_AfricanAmerican', 0.001369563142851141), ('AGE_[40-50)', 0.0013567828677757063)]"
623880,17928900,Caucasian,Female,[60-70),Unknown,Urgent,Discharged to home,Clinic Referral,6,OTHER,,58,3,14,0,0,0,Neoplasms,Blood Related/Diabetes,"Endocrine, Nutritional And Metabolic",9,None,None,No,No,No,No,No,No,No,No,No,No,No,No,No,No,No,No,No,Down,No,No,No,No,No,Ch,Yes,0,Devon,Stracke,0.069766209870782,0,"[('NUMBER_DIAGNOSES', 0.014573962579481283), ('DISCHARGE_DISPOSITION_ID_Discharged to home', -0.010373431472667623), ('TIME_IN_HOSPITAL', 0.002717261289903296), ('NUM_LAB_PROCEDURES', 0.002072792859035592), ('AGE_[60-70)', 0.0014179646169527253), ('PAYER_CODE_OTHER', 0.0009006123319307807), ('ADMISSION_SOURCE_ID_Clinic Referral', 0.000633173862593505), ('DIAG_2_Blood Related/Diabetes', -0.00024065017892809608), ('INSULIN_Down', 7.931479219395657e-05), ('DIAG_1_Neoplasms', 2.390396147685759e-06)]"
922080,22655295,Caucasian,Male,[60-70),Unknown,Urgent,Discharged to home,Transfer from a hospital,4,OTHER,,31,0,14,0,0,0,Circulatory System,"Endocrine, Nutritional And Metabolic",Genitourinary System,7,None,None,No,No,No,No,No,No,No,No,No,No,No,No,No,No,No,No,No,Steady,No,No,No,No,No,No,Yes,0,Andres,Harªann,0.02368455112563767,0,"[('NUMBER_DIAGNOSES', 0.024711624769843482), ('DISCHARGE_DISPOSITION_ID_Discharged to home', -0.01668588088088985), ('NUMBER_EMERGENCY', 0.004847399161197845), ('NUM_LAB_PROCEDURES', 0.00484272678061003), ('ADMISSION_TYPE_ID_Elective', -0.0026658110324125593), ('DIAG_3_Genitourinary System', -0.0019034486143263416), ('DIAG_3_Endocrine, Nutritional And Metabolic', 0.0011335458188745891), ('ADMISSION_SOURCE_ID_Transfer from a hospital', -0.0010800875488538625), ('AGE_[60-70)', 0.0010054184202999276), ('ADMISSION_TYPE_ID_Urgent', 0.0006557004271743171)]"
961464,105366150,Caucasian,Female,[70-80),Unknown,Emergency,Discharged to home,Emergency Room,4,OTHER,Cardiology,51,0,9,0,0,0,Circulatory System,Circulatory System,"Endocrine, Nutritional And Metabolic",4,None,None,No,No,No,No,Steady,No,No,No,No,No,No,No,No,No,No,No,No,No,No,No,No,No,No,No,Yes,0,Aurore,Reichel,0.01131257447847141,0,"[('NUMBER_DIAGNOSES', 0.02252142608599856), ('DISCHARGE_DISPOSITION_ID_Discharged to home', -0.014601311727907622), ('NUMBER_EMERGENCY', 0.00352287670633841), ('NUM_MEDICATIONS', 0.0033663424306599335), ('NUM_LAB_PROCEDURES', 0.0027898709765634697), ('GLIMEPIRIDE_Steady', -0.0012840978621770356), ('DIAG_2_Circulatory System', 0.0008526183736314531), ('PAYER_CODE_OTHER', 0.0006673863778742018), ('AGE_[70-80)', 0.0005759605347739889), ('GLIMEPIRIDE_No', -0.00027062843050886936)]"
1050294,100113975,Caucasian,Female,[60-70),Unknown,Elective,Discharged/transferred to SNF,Physician Referral,3,OTHER,Orthopedics,57,1,21,0,0,0,Musculoskeletal System And Connective Tissue,"Endocrine, Nutritional And Metabolic",Circulatory System,6,None,None,No,No,No,No,No,No,No,No,No,No,No,No,No,No,No,No,No,Up,No,No,No,No,No,Ch,Yes,1,Tyreek,Simonis,0.9959741299067847,1,"[('DISCHARGE_DISPOSITION_ID_Discharged/transferred to SNF', 0.059362576821935645), ('DIAG_1_Musculoskeletal System And Connective Tissue', 0.03391507132875434), ('DISCHARGE_DISPOSITION_ID_Discharged to home', -0.032368441703299174), ('INSULIN_Up', 0.027550234467302537), ('DIAG_3_Circulatory System', 0.020391346226315357), ('AGE_[60-70)', 0.017597886124340375), ('ADMISSION_TYPE_ID_Elective', 0.017104777491611368), ('NUM_MEDICATIONS', 0.017017293389756577), ('ADMISSION_SOURCE_ID_Physician Referral', 0.01319984884712812), ('PAYER_CODE_OTHER', 0.011433554764996828)]"
