Name,Artifact Type,Category,Description,Tags,Classifications,Stewards,Related Terms,Business Start,Business End,Part Of Terms,Type Of Terms,Abbreviations,Data Classes,Synonyms,Secondary Categories
Actual Length Of Stay,glossary_term,Industry Accelerators >> Hospital Re-Admission Prediction,The time period of a given patient's stay in a provider's facility.,,,,,,,Industry Accelerators >> Hospital Re-Admission Prediction >> Encounter,,,,,
,,,,,,,,,,,,,,,
Address Line 1 Description,glossary_term,Industry Accelerators >> Hospital Re-Admission Prediction,"First line of the address, which includes street and building number.",,Personal Information,,,,,Industry Accelerators >> Hospital Re-Admission Prediction >> Postal Address,,,Address Line 1,,
,,,,,,,,,,,,,,,
Admission,glossary_term,Industry Accelerators >> Hospital Re-Admission Prediction,A patient administration event that results in a patient being admitted to a healthcare facility. It usually includes the assignment of a bed and attending practitioners to the patient.,,,,,,,,,,,,
,,,,,,,,,,,,,,,
Admission Date Time,glossary_term,Industry Accelerators >> Hospital Re-Admission Prediction,The date and time on which the patient was admitted.,,,,,,,Industry Accelerators >> Hospital Re-Admission Prediction >> Admission,,,Date,,
,,,,,,,,,,Industry Accelerators >> Hospital Re-Admission Prediction >> Encounter,,,,,
Admission Source Identifier,glossary_term,Industry Accelerators >> Hospital Re-Admission Prediction,Indicates a patient's admission source to the hospital.,,,,,,,Industry Accelerators >> Hospital Re-Admission Prediction >> Admission,,,,,
,,,,,,,,,,,,,,,
Admission Type Identifier,glossary_term,Industry Accelerators >> Hospital Re-Admission Prediction,Identifies the patient's admission type in the hospital.,,,,,,,Industry Accelerators >> Hospital Re-Admission Prediction >> Admission,,,,,
,,,,,,,,,,,,,,,
Admitting Diagnosis,glossary_term,Industry Accelerators >> Hospital Re-Admission Prediction,The diagnosis code recorded at the time of admission.,,,,Industry Accelerators >> Hospital Re-Admission Prediction >> Diagnosis,,,Industry Accelerators >> Hospital Re-Admission Prediction >> Encounter,,,,,
,,,,,,,,,,,,,,,
Admit Weekday,glossary_term,Industry Accelerators >> Hospital Re-Admission Prediction,A code indicating the day of the week that the patient was admitted.,,,,,,,,,,,,
,,,,,,,,,,,,,,,
Age Group,glossary_term,Industry Accelerators >> Hospital Re-Admission Prediction,The length of time that a person/individual has lived.,,Personal Information,,,,,,,,,,
,,,,,,,,,,,,,,,
Base Encounter Cost,glossary_term,Industry Accelerators >> Hospital Re-Admission Prediction,The base cost of a patient's encounter with a provider.,,,,,,,Industry Accelerators >> Hospital Re-Admission Prediction >> Encounter,,,,,
,,,,,,,,,,,,,,,
Blood Sugar Level,glossary_term,Industry Accelerators >> Hospital Re-Admission Prediction,A lab test result indicating the blood sugar levels of a patient.,,,,,,,Industry Accelerators >> Hospital Re-Admission Prediction >> Clinical Order,,,,,
,,,,,,,,,,Industry Accelerators >> Hospital Re-Admission Prediction >> Clinical Finding,,,,,
Center of Excellence Indicator,glossary_term,Industry Accelerators >> Hospital Re-Admission Prediction,Indicates that a hospital or other institutional provider has one or more externally recognized centers of excellence.,,,,,,,Industry Accelerators >> Hospital Re-Admission Prediction >> Provider,,,,,
,,,,,,,,,,,,,,,
Change in Medication,glossary_term,Industry Accelerators >> Hospital Re-Admission Prediction,Indicates if there were any changes in the patient's medication.,,,,,,,Industry Accelerators >> Hospital Re-Admission Prediction >> Patient,,,,,
,,,,,,,,,,Industry Accelerators >> Hospital Re-Admission Prediction >> Medication Administration,,,,,
,,,,,,,,,,Industry Accelerators >> Hospital Re-Admission Prediction >> Patient Medication History,,,,,
Charges Per Day,glossary_term,Industry Accelerators >> Hospital Re-Admission Prediction,"Sum of accommodation charges, non-covered accommodation charges, ancillary charges, noncovered ancillary charges divided by length of stay.",,,,,,,Industry Accelerators >> Hospital Re-Admission Prediction >> Encounter,,,,,
,,,,,,,,,,,,,,,
Clinical Finding,glossary_term,Industry Accelerators >> Hospital Re-Admission Prediction,A finding that reports each individual test result or clinical observation.,,Personal Information,,,,,,,,,,
,,,,,Sensitive Personal Information,,,,,,,,,,
Clinical Order,glossary_term,Industry Accelerators >> Hospital Re-Admission Prediction,An order requested for a patient that is for a clinical service or product.,,,,,,,,,,,,
,,,,,,,,,,,,,,,
Clinic Amount,glossary_term,Industry Accelerators >> Hospital Re-Admission Prediction,"Indicates the charges associated with the clinic, for example: ancillary service charge, clinic visit charge amount.",,,,,,,Industry Accelerators >> Hospital Re-Admission Prediction >> Encounter,,,,,
,,,,,,,,,,,,,,,
,,,,,,,,,,,,,,,
CMS Branch Cert Number,glossary_term,Industry Accelerators >> Hospital Re-Admission Prediction,Specifies the agency’s Centers for Medicare and Medicaid Services (CMS) certification number (CCN/Medicare provider number).,,,,,,,Industry Accelerators >> Hospital Re-Admission Prediction >> Provider,,,,,
,,,,,,,,,,,,,,,
CMS Branch Identifier Number,glossary_term,Industry Accelerators >> Hospital Re-Admission Prediction,"The branch identification code, as assigned by Centers for Medicare and Medicaid Services (CMS).  The identifier consists of ten digits, where the state code are the first two digits, followed by Q, followed by the last four digits of the current  medicare provider number, ending with the three digit, CMS assigned branch number.",,,,,,,Industry Accelerators >> Hospital Re-Admission Prediction >> Provider,,,Identifier,,
,,,,,,,,,,,,,,,
CMS Branch State Code,glossary_term,Industry Accelerators >> Hospital Re-Admission Prediction,Indicates the standard code for states or provinces assigned by the Centers for Medicare and Medicaid Services (CMS).,,,,,,,Industry Accelerators >> Hospital Re-Admission Prediction >> Provider,,,,,
,,,,,,,,,,,,,,,
Country,glossary_term,Industry Accelerators >> Hospital Re-Admission Prediction,A geographic area that defines the boundaries of a nation.,,,,Industry Accelerators >> Hospital Re-Admission Prediction >> Postal Address,,,,,,Country Name,,
,,,,,,,,,,,,,,,
Date Of Birth,glossary_term,Industry Accelerators >> Hospital Re-Admission Prediction,The date when an individual was born.,,Personal Information,,,,,Industry Accelerators >> Hospital Re-Admission Prediction >> Patient,,,Date of Birth,,
,,,,,Personally Identifiable Information,,,,,Industry Accelerators >> Hospital Re-Admission Prediction >> Person,,,,,
,,,,,,,,,,,,,,,
,,,,,,,,,,,,,,,
Diabetes Medication Indicator,glossary_term,Industry Accelerators >> Hospital Re-Admission Prediction,"Indicates whether a patient is taking diabetes medication.
",,Sensitive Personal Information,,,,,Industry Accelerators >> Hospital Re-Admission Prediction >> Patient,,,,,
,,,,,,,,,,Industry Accelerators >> Hospital Re-Admission Prediction >> Medication Administration,,,,,
,,,,,,,,,,Industry Accelerators >> Hospital Re-Admission Prediction >> Medication Code,,,,,
,,,,,,,,,,Industry Accelerators >> Hospital Re-Admission Prediction >> Patient Medication History,,,,,
Diagnosis,glossary_term,Industry Accelerators >> Hospital Re-Admission Prediction,The information related to the identification of the nature of an illness or other problem by examination.,,,,,,,,,,,,
,,,,,,,,,,,,,,,
,,,,,,,,,,,,,,,
Diagnosis Code,glossary_term,Industry Accelerators >> Hospital Re-Admission Prediction,"A code that specifies the diagnosis and identifies the disease or patient condition.
Diagnosis codes generally comply with the International Classification of Diseases code system.
Codes ICD-9 CM and ICD-10 are typically used.",,,,,,,Industry Accelerators >> Hospital Re-Admission Prediction >> Diagnosis,,,,,
,,,,,,,,,,Industry Accelerators >> Hospital Re-Admission Prediction >> Diagnosis Code Description,,,,,
Diagnosis Code Description,glossary_term,Industry Accelerators >> Hospital Re-Admission Prediction,A textual description of the diagnosis code.,,,,,,,Industry Accelerators >> Hospital Re-Admission Prediction >> Diagnosis,,,,,
,,,,,,,,,,,,,,,
Discharge,glossary_term,Industry Accelerators >> Hospital Re-Admission Prediction,A patient administration event that results in a patient being discharged from a healthcare facility. It usually occurs with the consent of the attending practitioner.,,,,,,,,,,,,
,,,,,,,,,,,,,,,
,,,,,,,,,,,,,,,
,,,,,,,,,,,,,,,
Discharge Date Quarter,glossary_term,Industry Accelerators >> Hospital Re-Admission Prediction,The quarter and year in which the patient was discharged.,,,,,,,Industry Accelerators >> Hospital Re-Admission Prediction >> Discharge,,,,,
,,,,,,,,,,,,,,,
,,,,,,,,,,,,,,,
Discharge Date Time,glossary_term,Industry Accelerators >> Hospital Re-Admission Prediction,The date and time on which the patient was discharged from the provider facility.,,,,,,,Industry Accelerators >> Hospital Re-Admission Prediction >> Discharge,,,,,
,,,,,,,,,,Industry Accelerators >> Hospital Re-Admission Prediction >> Encounter,,,,,
Discharge Disposition Identifier,glossary_term,Industry Accelerators >> Hospital Re-Admission Prediction,The disposition identifier of the patient at the time of discharge.,,,,,,,Industry Accelerators >> Hospital Re-Admission Prediction >> Patient,,,,,
,,,,,,,,,,Industry Accelerators >> Hospital Re-Admission Prediction >> Discharge Date Time,,,,,
Distance To Hospital,glossary_term,Industry Accelerators >> Hospital Re-Admission Prediction,"Indicates the distance between the patient's home location and the hospital.
",,,,,,,,,,,,
,,,,,,,,,,,,,,,
Encounter,glossary_term,Industry Accelerators >> Hospital Re-Admission Prediction,A formal visit by a patient to a hospital seeking treatment.,,,,,,,,,,,,
,,,,,,,,,,,,,,,
Encounter Coverage Amount,glossary_term,Industry Accelerators >> Hospital Re-Admission Prediction,The amount covered by the insurance reported by the patient for an encounter.,,,,,,,Industry Accelerators >> Hospital Re-Admission Prediction >> Encounter,,,,,
,,,,,,,,,,,,,,,
Encounter End Date Time,glossary_term,Industry Accelerators >> Hospital Re-Admission Prediction,The date and time upon which the patient encounter ended.,,,,,,,Industry Accelerators >> Hospital Re-Admission Prediction >> Encounter,,,,,
,,,,,,,,,,,,,,,
Encounter Identifier,glossary_term,Industry Accelerators >> Hospital Re-Admission Prediction,A unique number that identifies a patient's encounter with a provider.,,,,,,,Industry Accelerators >> Hospital Re-Admission Prediction >> Encounter Number,,,Identifier,,
,,,,,,,,,,Industry Accelerators >> Hospital Re-Admission Prediction >> Encounter,,,,,
Encounter Location,glossary_term,Industry Accelerators >> Hospital Re-Admission Prediction,The location of the patient's meeting with the healthcare provider.,,,,Industry Accelerators >> Hospital Re-Admission Prediction >> Provider,,,Industry Accelerators >> Hospital Re-Admission Prediction >> Encounter,,,,,
,,,,,,,,,,,,,,,
Encounter Number,glossary_term,Industry Accelerators >> Hospital Re-Admission Prediction,Identifies an instance of an encounter.,,,,,,,Industry Accelerators >> Hospital Re-Admission Prediction >> Encounter,,,,,
,,,,,,,,,,,,,,,
Encounter Start Date Time,glossary_term,Industry Accelerators >> Hospital Re-Admission Prediction,The date and time upon which the patient encounter started.,,,,,,,Industry Accelerators >> Hospital Re-Admission Prediction >> Encounter,,,,,
,,,,,,,,,,,,,,,
Encounter Type,glossary_term,Industry Accelerators >> Hospital Re-Admission Prediction,"Indicates the type of encounter.
",,,,,,,Industry Accelerators >> Hospital Re-Admission Prediction >> Encounter,,,,,
,,,,,,,,,,,,,,,
Ethnicity,glossary_term,Industry Accelerators >> Hospital Re-Admission Prediction,"A classification of an individual based on their membership in a group that is united and defined to a greater or lesser degree by common history, beliefs, culture, nationality, etc.",,Personal Information,,,,,Industry Accelerators >> Hospital Re-Admission Prediction >> Patient,,,Ethnicity,,
,,,,,Sensitive Personal Information,,,,,Industry Accelerators >> Hospital Re-Admission Prediction >> Person,,,,,
,,,,,,,,,,,,,,,
Event,glossary_term,Industry Accelerators >> Hospital Re-Admission Prediction, A happening that is of interest to the healthcare organization. ,,,,,,,Industry Accelerators >> Hospital Re-Admission Prediction >> Discharge,,,,,
,,,,,,,,,,Industry Accelerators >> Hospital Re-Admission Prediction >> Procedure,,,,,
Event Duration,glossary_term,Industry Accelerators >> Hospital Re-Admission Prediction,The duration of the event (days from start). ,,,,,,,Industry Accelerators >> Hospital Re-Admission Prediction >> Discharge,,,,,
,,,,,,,,,,Industry Accelerators >> Hospital Re-Admission Prediction >> Procedure,,,,,
,,,,,,,,,,Industry Accelerators >> Hospital Re-Admission Prediction >> Event,,,,,
Event Time,glossary_term,Industry Accelerators >> Hospital Re-Admission Prediction, The time at which the event is considered to have happened. ,,,,,,,Industry Accelerators >> Hospital Re-Admission Prediction >> Admission,,,,,
,,,,,,,,,,Industry Accelerators >> Hospital Re-Admission Prediction >> Discharge,,,,,
,,,,,,,,,,Industry Accelerators >> Hospital Re-Admission Prediction >> Procedure,,,,,
,,,,,,,,,,Industry Accelerators >> Hospital Re-Admission Prediction >> Event,,,,,
Event Type,glossary_term,Industry Accelerators >> Hospital Re-Admission Prediction,"Describes various related event types such as transfer of funds, account transaction, agreement changes, customer interactions, social media posts, medical procedures and customer important dates such as birthday.",,,,,,,Industry Accelerators >> Hospital Re-Admission Prediction >> Admission,,,,,
,,,,,,,,,,Industry Accelerators >> Hospital Re-Admission Prediction >> Discharge,,,,,
,,,,,,,,,,Industry Accelerators >> Hospital Re-Admission Prediction >> Procedure,,,,,
,,,,,,,,,,Industry Accelerators >> Hospital Re-Admission Prediction >> Event,,,,,
Event Type Category,glossary_term,Industry Accelerators >> Hospital Re-Admission Prediction,"Classification of the event type into various group, for example: life, medical event or procedure, transfer, transaction, account change, agreement change, transaction, interaction, communication, birthday, anniversary.",,,,,,,Industry Accelerators >> Hospital Re-Admission Prediction >> Discharge,,,,,
,,,,,,,,,,Industry Accelerators >> Hospital Re-Admission Prediction >> Procedure,,,,,
,,,,,,,,,,Industry Accelerators >> Hospital Re-Admission Prediction >> Event Type,,,,,
,,,,,,,,,,Industry Accelerators >> Hospital Re-Admission Prediction >> Event,,,,,
Event Type Name,glossary_term,Industry Accelerators >> Hospital Re-Admission Prediction,"The name of the event type that can also be used as an identifier, for example: birth of child, marriage, job change, funds transfer out, open savings account, large withdrawal, inbound call, email received, medical procedure, payroll change.",,,,,,,Industry Accelerators >> Hospital Re-Admission Prediction >> Admission,,,,,
,,,,,,,,,,Industry Accelerators >> Hospital Re-Admission Prediction >> Discharge,,,,,
,,,,,,,,,,Industry Accelerators >> Hospital Re-Admission Prediction >> Procedure,,,,,
,,,,,,,,,,Industry Accelerators >> Hospital Re-Admission Prediction >> Event Type,,,,,
,,,,,,,,,,Industry Accelerators >> Hospital Re-Admission Prediction >> Event,,,,,
Facility Identifier,glossary_term,Industry Accelerators >> Hospital Re-Admission Prediction,"A unique number that identifies the healthcare provider, hospital or medical center.",,,,,,,Industry Accelerators >> Hospital Re-Admission Prediction >> Provider,,,Identifier,,
,,,,,,,,,,,,,,,
Facility Location,glossary_term,Industry Accelerators >> Hospital Re-Admission Prediction,Identifies the physical location of the healthcare provider.,,,,Industry Accelerators >> Hospital Re-Admission Prediction >> Postal Address,,,Industry Accelerators >> Hospital Re-Admission Prediction >> Provider,,,,,
,,,,,,,,,,,,,,,
Facility Name,glossary_term,Industry Accelerators >> Hospital Re-Admission Prediction,"Indicates the name of healthcare facility, hospital or medical center.",,,,,,,Industry Accelerators >> Hospital Re-Admission Prediction >> Provider,,,,,
,,,,,,,,,,,,,,,
First Name,glossary_term,Industry Accelerators >> Hospital Re-Admission Prediction,"A personal name typically used to refer to an individual in informal circumstances, for example: John, Mary.",,Personal Information,,,,,Industry Accelerators >> Hospital Re-Admission Prediction >> Person,,,First Name,,
,,,,,Personally Identifiable Information,,,,,,,,,,
,,,,,,,,,,,,,,,
First Payment Source,glossary_term,Industry Accelerators >> Hospital Re-Admission Prediction,"A code indicating the expected primary source of payment.
",,,,,,,Industry Accelerators >> Hospital Re-Admission Prediction >> Encounter,,,,,
,,,,,,,,,,,,,,,
Gender,glossary_term,Industry Accelerators >> Hospital Re-Admission Prediction,"Indicates an individual's gender, for example: male, female.",,Personal Information,,,,,Industry Accelerators >> Hospital Re-Admission Prediction >> Patient,,,Gender,,
,,,,,Personally Identifiable Information,,,,,Industry Accelerators >> Hospital Re-Admission Prediction >> Person,,,,,
,,,,,,,,,,,,,,,
Guideline Compliance Rating,glossary_term,Industry Accelerators >> Hospital Re-Admission Prediction,"An indicator that shows how often, based on applicable treatments, a healthcare provider renders care in accordance with applicable evidence-based clinical practice guidelines during a one-year measurement period.",,,,,,,,,,,,
,,,,,,,,,,,,,,,
Illness Severity,glossary_term,Industry Accelerators >> Hospital Re-Admission Prediction,Indicates the severity of illness.,,,,,,,Industry Accelerators >> Hospital Re-Admission Prediction >> Encounter,,,,,
,,,,,,,,,,,,,,,
Insurer,glossary_term,Industry Accelerators >> Hospital Re-Admission Prediction,A party who offers protection to the insured in a financial services agreement. It is the insurance company that actually underwrites and issues the insurance contract.,,,,,,,,,,,,
,,,,,,,,,,,,,,,
Last Name,glossary_term,Industry Accelerators >> Hospital Re-Admission Prediction,"Identifies an individual's name which belongs to the family the individual is a part of, for example: Smith, Mueller.",,Personal Information,,,,,Industry Accelerators >> Hospital Re-Admission Prediction >> Person,,,Last Name,,
,,,,,Personally Identifiable Information,,,,,,,,,,
,,,,,,,,,,,,,,,
Latitude,glossary_term,Industry Accelerators >> Hospital Re-Admission Prediction,A geographic coordinate that specifies the north-south position of a point on the Earth's surface. Values can range from -90 (south) to 90 (north). ,,,,,,,Industry Accelerators >> Hospital Re-Admission Prediction >> Patient,,,Latitude,,
,,,,,,,,,,Industry Accelerators >> Hospital Re-Admission Prediction >> Provider,,,,,
,,,,,,,,,,Industry Accelerators >> Hospital Re-Admission Prediction >> Postal Address,,,,,
Length of Stay,glossary_term,Industry Accelerators >> Hospital Re-Admission Prediction,"The number of days a patient stayed in hospital. This is the time in days between a patient's admission and discharge.

Discharge date – Admit date + 1 (in whole days).",,,,,,,Industry Accelerators >> Hospital Re-Admission Prediction >> Admission,,,,,
,,,,,,,,,,Industry Accelerators >> Hospital Re-Admission Prediction >> Actual Length Of Stay,,,,,
,,,,,,,,,,Industry Accelerators >> Hospital Re-Admission Prediction >> Discharge,,,,,
,,,,,,,,,,Industry Accelerators >> Hospital Re-Admission Prediction >> Encounter,,,,,
Longitude,glossary_term,Industry Accelerators >> Hospital Re-Admission Prediction,A geographic coordinate that specifies the east-west position of a point on the Earth's surface.,,,,,,,Industry Accelerators >> Hospital Re-Admission Prediction >> Patient,,,Longitude,,
,,,,,,,,,,Industry Accelerators >> Hospital Re-Admission Prediction >> Provider,,,,,
,,,,,,,,,,Industry Accelerators >> Hospital Re-Admission Prediction >> Postal Address,,,,,
Medication,glossary_term,Industry Accelerators >> Hospital Re-Admission Prediction,"This resource is primarily used for the identification and definition of a medication for the purposes of prescribing, dispensing, and administering a medication as well as for making statements about medication use.",,,,,,,Industry Accelerators >> Hospital Re-Admission Prediction >> Medication Administration,,,,,
,,,,,,,,,,Industry Accelerators >> Hospital Re-Admission Prediction >> Patient Medication History,,,,,
,,,,,,,,,,,,,,,
,,,,,,,,,,,,,,,
Medication Administration,glossary_term,Industry Accelerators >> Hospital Re-Admission Prediction,A healthcare event that results in the patient receiving the medication/treatment that was dispensed as requested by the pharmacy order. This type of information is captured for each instance of administration for an existing medication/treatment order.,,,,,,,,,,,,
,,,,,,,,,,,,,,,
,,,,,,,,,,,,,,,
Medication Code,glossary_term,Industry Accelerators >> Hospital Re-Admission Prediction,A code identifying the medication being administered to or taken by a person typically for the purpose of curing a medical condition.,,,,,,,Industry Accelerators >> Hospital Re-Admission Prediction >> Medication Codes,,,,,
,,,,,,,,,,Industry Accelerators >> Hospital Re-Admission Prediction >> Medication Administration,,,,,
,,,,,,,,,,Industry Accelerators >> Hospital Re-Admission Prediction >> Medication,,,,,
,,,,,,,,,,Industry Accelerators >> Hospital Re-Admission Prediction >> Patient Medication History,,,,,
Medication Codes,glossary_term,Industry Accelerators >> Hospital Re-Admission Prediction,"Drug products that may be administered to or taken by a person typically for the purpose of curing a medical condition, relieving the symptoms of a medical condition or preventing the development of a medical condition.",,,,,,,,,,,,
,,,,,,,,,,,,,,,
,,,,,,,,,,,,,,,
Nearest Hospital,glossary_term,Industry Accelerators >> Hospital Re-Admission Prediction,Indicates the nearest hospital to the patient's location.,,,,,,,,,,,,
,,,,,,,,,,,,,,,
Nearest Hospital Distance,glossary_term,Industry Accelerators >> Hospital Re-Admission Prediction,The distance between the patient's location and the nearest hospital.,,,,,,,,,,,,
,,,,,,,,,,,,,,,
Number of Diagnoses,glossary_term,Industry Accelerators >> Hospital Re-Admission Prediction,"The number of diagnoses a patient underwent during a stay.
",,,,,,,Industry Accelerators >> Hospital Re-Admission Prediction >> Diagnosis,,,,,
,,,,,,,,,,Industry Accelerators >> Hospital Re-Admission Prediction >> Diagnosis Code,,,,,
Number of Emergency Room Visits,glossary_term,Industry Accelerators >> Hospital Re-Admission Prediction,"Total number or emergency room visits.
",,,,,,,,,,,,
,,,,,,,,,,,,,,,
Number of Inpatient Visits,glossary_term,Industry Accelerators >> Hospital Re-Admission Prediction,"The number of encounters in which the patient visits the healthcare facility and stays over and is assigned a bed. An encounter groups a number of healthcare events, typically commencing with an admission into healthcare facility and ends with discharge.",,,,,,,Industry Accelerators >> Hospital Re-Admission Prediction >> Encounter Type,,,,,
,,,,,,,,,,Industry Accelerators >> Hospital Re-Admission Prediction >> Encounter,,,,,
Number of Lab Procedures,glossary_term,Industry Accelerators >> Hospital Re-Admission Prediction,"The number of lab procedures a patient underwent during their length of stay period.
",,,,,,,Industry Accelerators >> Hospital Re-Admission Prediction >> Procedure Number,,,,,
,,,,,,,,,,Industry Accelerators >> Hospital Re-Admission Prediction >> Procedure,,,,,
Number of Medications,glossary_term,Industry Accelerators >> Hospital Re-Admission Prediction,"The number of medications a patient was taking during a stay.
",,,,,,,Industry Accelerators >> Hospital Re-Admission Prediction >> Medication Codes,,,,,
,,,,,,,,,,Industry Accelerators >> Hospital Re-Admission Prediction >> Medication Administration,,,,,
,,,,,,,,,,Industry Accelerators >> Hospital Re-Admission Prediction >> Medication Code,,,,,
Number of Outpatient Visits,glossary_term,Industry Accelerators >> Hospital Re-Admission Prediction,"The total number of outpatient, face-to-face, encounters, of an ambulatory nature, during the period of analysis.",,,,,,,Industry Accelerators >> Hospital Re-Admission Prediction >> Encounter Type,,,,,
,,,,,,,,,,Industry Accelerators >> Hospital Re-Admission Prediction >> Encounter,,,,,
Number of Procedures,glossary_term,Industry Accelerators >> Hospital Re-Admission Prediction,"The number of procedures a patient underwent during the length of stay.
",,,,,,,Industry Accelerators >> Hospital Re-Admission Prediction >> Procedure,,,,,
,,,,,,,,,,,,,,,
,,,,,,,,,,,,,,,
Patient,glossary_term,Industry Accelerators >> Hospital Re-Admission Prediction,Information related to the person seeking diagnosis or treatment.,,Personal Information,,,,,Industry Accelerators >> Hospital Re-Admission Prediction >> Patient Medication History,,,,,
,,,,,Personally Identifiable Information,,,,,,,,,,
Patient Address,glossary_term,Industry Accelerators >> Hospital Re-Admission Prediction,Identifies the address of the patient.,,Personal Information,,Industry Accelerators >> Hospital Re-Admission Prediction >> Postal Address,,,Industry Accelerators >> Hospital Re-Admission Prediction >> Patient,,,,,
,,,,,Personally Identifiable Information,,,,,,,,,,
Patient Condition,glossary_term,Industry Accelerators >> Hospital Re-Admission Prediction,Indicates the medical condition of the patient.,,Personal Information,,Industry Accelerators >> Hospital Re-Admission Prediction >> Diagnosis,,,Industry Accelerators >> Hospital Re-Admission Prediction >> Patient,,,,,
,,,,,Personally Identifiable Information,,,,,Industry Accelerators >> Hospital Re-Admission Prediction >> Patient Medication History,,,,,
,,,,,Sensitive Personal Information,,,,,,,,,,
Patient Identifier,glossary_term,Industry Accelerators >> Hospital Re-Admission Prediction,A unique identifier which identifies a patient.,,Personal Information,,,,,Industry Accelerators >> Hospital Re-Admission Prediction >> Patient,,,Identifier,,
,,,,,Personally Identifiable Information,,,,,Industry Accelerators >> Hospital Re-Admission Prediction >> Patient Medication History,,,,,
,,,,,Sensitive Personal Information,,,,,,,,,,
Patient Medication History,glossary_term,Industry Accelerators >> Hospital Re-Admission Prediction,"A personal health observation that describes a patient's medication history. It includes the medications a patient is currently taking or has taken in the past, prescription medications and over-the-counter medications taken on a regular basis.",,Personal Information,,,,,,,,,,
,,,,,Sensitive Personal Information,,,,,,,,,,
Patient Safety Performance Rating,glossary_term,Industry Accelerators >> Hospital Re-Admission Prediction,Indicates the performance of the healthcare provider with respect to the safety of its patients.,,,,,,,Industry Accelerators >> Hospital Re-Admission Prediction >> Provider,,,,,
,,,,,,,,,,,,,,,
,,,,,,,,,,,,,,,
Patient Status,glossary_term,Industry Accelerators >> Hospital Re-Admission Prediction,"Contains the status of a patient in relation to an episode of care or other event. For example: Inpatient Active, Inpatient Discharged, Outpatient Active.",,,,,,,Industry Accelerators >> Hospital Re-Admission Prediction >> Patient,,,,,
,,,,,,,,,,Industry Accelerators >> Hospital Re-Admission Prediction >> Patient Medication History,,,,,
,,,,,,,,,,,,,,,
Payer Code,glossary_term,Industry Accelerators >> Hospital Re-Admission Prediction,A code that identifies a patient's insurance company.,,,,,,,Industry Accelerators >> Hospital Re-Admission Prediction >> Insurer,,,,,
,,,,,,,,,,,,,,,
Person,glossary_term,Industry Accelerators >> Hospital Re-Admission Prediction,An individual human being whether living or dead.,,Personal Information,,,,,,,,,,
,,,,,Personally Identifiable Information,,,,,,,,,,
,,,,,,,,,,,,,,,
,,,,,,,,,,,,,,,
Postal Address,glossary_term,Industry Accelerators >> Hospital Re-Admission Prediction,The address to which mail is delivered.,,,,,,,,,,Address  Line 3,,
,,,,,,,,,,,,,Address Line 2,,
,,,,,,,,,,,,,Address Line 1,,
Postal Code,glossary_term,Industry Accelerators >> Hospital Re-Admission Prediction,A code that is included in a postal address to assist the sorting of mail.,,,,,,,Industry Accelerators >> Hospital Re-Admission Prediction >> Patient,,,Canada Post Code,,
,,,,,,,,,,Industry Accelerators >> Hospital Re-Admission Prediction >> Postal Address,,,US Zip Code,,
,,,,,,,,,,,,,UK Post Code,,
,,,,,,,,,,,,,Ireland Eircode,,
Prediabetic Test Result,glossary_term,Industry Accelerators >> Hospital Re-Admission Prediction,"Lab result indicating prediabetic test information of a patient
",,,,,,,Industry Accelerators >> Hospital Re-Admission Prediction >> Clinical Order,,,,,
,,,,,,,,,,Industry Accelerators >> Hospital Re-Admission Prediction >> Clinical Finding,,,,,
,,,,,,,,,,,,,,,
Principal Diagnosis Code,glossary_term,Industry Accelerators >> Hospital Re-Admission Prediction,A code that uniquely identifies the principal diagnosis.,,,,Industry Accelerators >> Hospital Re-Admission Prediction >> Encounter,,,Industry Accelerators >> Hospital Re-Admission Prediction >> Diagnosis,,,,,
,,,,,,,,,,,,,,,
Private Amount,glossary_term,Industry Accelerators >> Hospital Re-Admission Prediction,The amount associated with an accommodation charge or private room charge.,,,,,,,Industry Accelerators >> Hospital Re-Admission Prediction >> Encounter,,,,,
,,,,,,,,,,,,,,,
Procedure,glossary_term,Industry Accelerators >> Hospital Re-Admission Prediction,"A healthcare event that is performed as part of an encounter, which usually involves an action by a practitioner treating a patient.
",,,,,,,,,,,,
,,,,,,,,,,,,,,,
,,,,,,,,,,,,,,,
Procedure Code,glossary_term,Industry Accelerators >> Hospital Re-Admission Prediction,"A unique code that identifies a procedure within a coding system. Standard procedure code sets include Current Procedural Terminology (CPT), SNOMED and Healthcare Common and Universal Billing (UB) Revenue codes.",,,,,,,Industry Accelerators >> Hospital Re-Admission Prediction >> Procedure,,,,,
,,,,,,,,,,Industry Accelerators >> Hospital Re-Admission Prediction >> Procedure Codes,,,,,
,,,,,,,,,,,,,,,
Procedure Codes,glossary_term,Industry Accelerators >> Hospital Re-Admission Prediction,A set of unique codes that identify a procedure. Standard procedure code sets include Current Procedural Terminology (CPT) and Universal Billing (UB) Revenue codes.,,,,,,,,,,,,
,,,,,,,,,,,,,,,
,,,,,,,,,,,,,,,
Procedure Name,glossary_term,Industry Accelerators >> Hospital Re-Admission Prediction,"The name of the procedure.
",,,,,,,Industry Accelerators >> Hospital Re-Admission Prediction >> Procedure Codes,,,,,
,,,,,,,,,,,,,,,
,,,,,,,,,,,,,,,
Procedure Number,glossary_term,Industry Accelerators >> Hospital Re-Admission Prediction,"Uniquely identifies a single procedure for an encounter. It is unique across all segments and messages for an encounter.
",,,,,,,Industry Accelerators >> Hospital Re-Admission Prediction >> Procedure,,,,,
,,,,,,,,,,,,,,,
,,,,,,,,,,,,,,,
Procedure Timestamp,glossary_term,Industry Accelerators >> Hospital Re-Admission Prediction,"The date and time on which the procedure was performed.
",,,,,,,Industry Accelerators >> Hospital Re-Admission Prediction >> Procedure,,,,,
,,,,,,,,,,,,,,,
,,,,,,,,,,,,,,,
Provider,glossary_term,Industry Accelerators >> Hospital Re-Admission Prediction,Information related to the organization that provides treatment and diagnosis for the patient. ,,,,,,,,,,,,
,,,,,,,,,,,,,,,
Provider Address,glossary_term,Industry Accelerators >> Hospital Re-Admission Prediction,The address of the location where the provider is situated.,,,,Industry Accelerators >> Hospital Re-Admission Prediction >> Postal Address,,,Industry Accelerators >> Hospital Re-Admission Prediction >> Provider,,,,,
,,,,,,,,,,,,,,,
Provider Identifier,glossary_term,Industry Accelerators >> Hospital Re-Admission Prediction,An identifier to represent a provider or a hospital.,,,,,,,Industry Accelerators >> Hospital Re-Admission Prediction >> Provider,,,Identifier,,
,,,,,,,,,,,,,,,
Provider Name,glossary_term,Industry Accelerators >> Hospital Re-Admission Prediction,The name of the hospital that provides healthcare services to consumers.,,,,,,,Industry Accelerators >> Hospital Re-Admission Prediction >> Provider,,,,,
,,,,,,,,,,,,,,,
Provider Specialty,glossary_term,Industry Accelerators >> Hospital Re-Admission Prediction,"Indicates a defined group of patients, diseases, skills, or philosophy that a hospital specializes in.",,,,,,,Industry Accelerators >> Hospital Re-Admission Prediction >> Provider,,,,,
,,,,,,,,,,,,,,,
Public Health Region,glossary_term,Industry Accelerators >> Hospital Re-Admission Prediction,The geographical region in which the hospital is located.,,,,Industry Accelerators >> Hospital Re-Admission Prediction >> Postal Address,,,Industry Accelerators >> Hospital Re-Admission Prediction >> Provider,,,,,
,,,,,,,,,,,,,,,
Quarter,glossary_term,Industry Accelerators >> Hospital Re-Admission Prediction,"The quarter of the year, for example : Q1, Q2 etc. ",,,,,,,,,,,,
,,,,,,,,,,,,,,,
Race,glossary_term,Industry Accelerators >> Hospital Re-Admission Prediction,The race information that is related to an individual.,,Personal Information,,,,,Industry Accelerators >> Hospital Re-Admission Prediction >> Patient,,,,,
,,,,,Sensitive Personal Information,,,,,Industry Accelerators >> Hospital Re-Admission Prediction >> Person,,,,,
Readmission,glossary_term,Industry Accelerators >> Hospital Re-Admission Prediction,"Indicates whether a patient has been readmitted or not.
",,,,,,,Industry Accelerators >> Hospital Re-Admission Prediction >> Patient,,,,,
,,,,,,,,,,Industry Accelerators >> Hospital Re-Admission Prediction >> Admission,,,,,
,,,,,,,,,,Industry Accelerators >> Hospital Re-Admission Prediction >> Admitting Diagnosis,,,,,
,,,,,,,,,,Industry Accelerators >> Hospital Re-Admission Prediction >> Admission Date Time,,,,,
Risk Mortality,glossary_term,Industry Accelerators >> Hospital Re-Admission Prediction,Indicates the patient's risk of mortality.,,,,,,,Industry Accelerators >> Hospital Re-Admission Prediction >> Encounter,,,,,
,,,,,,,,,,,,,,,
Secondary Payment Source,glossary_term,Industry Accelerators >> Hospital Re-Admission Prediction,A code indicating the expected secondary source of payment.,,,,,,,Industry Accelerators >> Hospital Re-Admission Prediction >> Encounter,,,,,
,,,,,,,,,,,,,,,
Social Security Number,glossary_term,Industry Accelerators >> Hospital Re-Admission Prediction,An identification number issued to citizens and permanent residents by a governmental agency for the purposes of qualifying for Social Security benefits.,,Personal Information,,,,,Industry Accelerators >> Hospital Re-Admission Prediction >> Patient,,,Canadian Social Insurance Number (SIN),,
,,,,,Personally Identifiable Information,,,,,Industry Accelerators >> Hospital Re-Admission Prediction >> Person,,,UK National Insurance Number,,
,,,,,,,,,,,,,US Social Security Number,,
,,,,,,,,,,,,,US Social Security Number Last 4,,
Source of Admission,glossary_term,Industry Accelerators >> Hospital Re-Admission Prediction,A code indicating the source of the admission.,,,,,,,Industry Accelerators >> Hospital Re-Admission Prediction >> Encounter,,,,,
,,,,,,,,,,,,,,,
Specialty Code,glossary_term,Industry Accelerators >> Hospital Re-Admission Prediction,"A code that indicates the specialty units in which most of the stay occurred, based on number of days by Type of Bill or Revenue Code.
",,,,,,,Industry Accelerators >> Hospital Re-Admission Prediction >> Encounter,,,,,
,,,,,,,,,,,,,,,
Total Charges,glossary_term,Industry Accelerators >> Hospital Re-Admission Prediction,"The sum of accommodation charges, non-covered accommodation charges, ancillary charges, non-covered ancillary charges.",,,,,,,,,,,,
,,,,,,,,,,,,,,,
,,,,,,,,,,,,,,,
Trade off Distance,glossary_term,Industry Accelerators >> Hospital Re-Admission Prediction,The distance between the nearest hospital and the hospital visited.,,,,,,,,,,,,
,,,,,,,,,,,,,,,
,,,,,,,,,,,,,,,
Type of Admission,glossary_term,Industry Accelerators >> Hospital Re-Admission Prediction,"Indicates the circumstances under which the patient was admitted. For example: Accident, Routine, Emergency.",,,,,,,Industry Accelerators >> Hospital Re-Admission Prediction >> Encounter,,,,,
,,,,,,,,,,,,,,,
Weight,glossary_term,Industry Accelerators >> Hospital Re-Admission Prediction,"Indicates an individual's weight, in pounds (lbs) or kilograms (kg).",,Personal Information,,,,,Industry Accelerators >> Hospital Re-Admission Prediction >> Patient,,,,,
,,,,,,,,,,Industry Accelerators >> Hospital Re-Admission Prediction >> Person,,,,,
,,,,,,,,,,,,,,,
,,,,,,,,,,,,,,,
Year of Admission,glossary_term,Industry Accelerators >> Hospital Re-Admission Prediction,The calendar year in which the patient was admitted.,,,,,,,,,,,,
