approach,namedata,vardependent,namemla,test_explained_variance,variables_importances,estimator,score_time,test_neg_mean_absolute_error,fit_time,test_neg_median_absolute_error,train_explained_variance,train_neg_median_absolute_error,train_r2,placeId,train_neg_mean_absolute_error,test_r2,placeName,postalcode,countrycode
withweather,"clientname_withweather_('078152',)",sales,RANDOMFOREST,0.7900432148173306,"[('FeelsLikeLocalDaytimeMax', 0.3732245331378879), ('TemperatureLocalDaytimeMax', 0.21735358203645405), ('FeelsLikeLocalDaytimeAvg', 0.17025431324402004), ('PrecipAmountLocalDayMax', 0.12262684935425745), ('TemperatureLocalDaytimeAvg', 0.020702357549292876), ('weekday', 0.020338780532818023), ('DewpointLocalMorningAvg', 0.014214194273146305), ('PrecipAmountLocalDayAvg', 0.00902653832079745), ('RelativeHumidityLocalDaytimeMin', 0.00732134578996247), ('month', 0.006752946530291463), ('WindSpeedLocalDaytimeAvg', 0.006196570362858671), ('TemperatureLocalDaytimeMin', 0.006167775292644867), ('PrecipAmountLocalDaytimeAvg', 0.005684644106883179), ('FeelsLikeLocalDaytimeMin', 0.005605935729830814), ('VisibilityLocalDaytimeAvg', 0.003624873480988547), ('RelativeHumidityLocalDaytimeAvg', 0.0033289300989238087), ('day', 0.002826481727102871), ('RelativeHumidityLocalDaytimeMax', 0.002664007501473984), ('UVIndexLocalDaytimeAvg', 0.0020853409303652625)]","RandomForestRegressor(bootstrap=True, ccp_alpha=0.0, criterion='mae',
                      max_depth=5, max_features=20, max_leaf_nodes=None,
                      max_samples=None, min_impurity_decrease=0.0,
                      min_impurity_split=None, min_samples_leaf=1,
                      min_samples_split=2, min_weight_fraction_leaf=0.0,
                      n_estimators=3, n_jobs=None, oob_score=False,
                      random_state=None, verbose=0, warm_start=False)",0.0041582584381103516,-1441.397972972973,0.01887798309326172,-943.8333333333321,0.9539163128220705,-460.8041666666668,0.9537835868487632,078152,-780.5980022831051,0.7890088941407976,place_078152,65807,us
withweather,"clientname_withweather_('078152',)",sales,RANDOMFOREST,0.7570453108937283,"[('FeelsLikeLocalDaytimeMax', 0.3449901115559155), ('TemperatureLocalDaytimeMax', 0.15293809533006023), ('PrecipAmountLocalDayMax', 0.1170053084724344), ('TemperatureLocalDaytimeMin', 0.10847183149202083), ('TemperatureLocalDaytimeAvg', 0.08867111649361835), ('PrecipAmountLocalDayAvg', 0.06609939617195622), ('FeelsLikeLocalDaytimeAvg', 0.045583750412692005), ('VisibilityLocalDaytimeAvg', 0.021538657539428824), ('RelativeHumidityLocalDaytimeMin', 0.010276875424999115), ('FeelsLikeLocalDaytimeMin', 0.00745128733028741), ('DewpointLocalMorningAvg', 0.007279483102705942), ('WindSpeedLocalDaytimeAvg', 0.0064127565826356744), ('RelativeHumidityLocalDaytimeMax', 0.006354805125752698), ('RelativeHumidityLocalDaytimeAvg', 0.006245540412211605), ('weekday', 0.004631692867316476), ('day', 0.003051976322855221), ('UVIndexLocalDaytimeAvg', 0.0029973153631094505)]","RandomForestRegressor(bootstrap=True, ccp_alpha=0.0, criterion='mae',
                      max_depth=5, max_features=20, max_leaf_nodes=None,
                      max_samples=None, min_impurity_decrease=0.0,
                      min_impurity_split=None, min_samples_leaf=1,
                      min_samples_split=2, min_weight_fraction_leaf=0.0,
                      n_estimators=3, n_jobs=None, oob_score=False,
                      random_state=None, verbose=0, warm_start=False)",0.002652883529663086,-1641.9838738738747,0.015420198440551758,-715.9533333333311,0.9545485628842791,-663.6700000000001,0.9539525564264705,078152,-831.565993150685,0.7445860372573065,place_078152,65807,us
withweather,"clientname_withweather_('078152',)",sales,RANDOMFOREST,0.777472399769001,"[('TemperatureLocalDaytimeMax', 0.2236194747273109), ('FeelsLikeLocalDaytimeMax', 0.2030334548209297), ('FeelsLikeLocalDaytimeAvg', 0.17081698402960474), ('TemperatureLocalDaytimeMin', 0.09543506906750683), ('PrecipAmountLocalDayAvg', 0.07121248541014767), ('TemperatureLocalDaytimeAvg', 0.04737391003901564), ('DewpointLocalMorningAvg', 0.04524222036082529), ('PrecipAmountLocalDayMax', 0.03632619118785984), ('RelativeHumidityLocalDaytimeMax', 0.028100900541458168), ('RelativeHumidityLocalDaytimeMin', 0.018877990701579337), ('RelativeHumidityLocalDaytimeAvg', 0.014124519990578802), ('PrecipAmountLocalDaytimeAvg', 0.01115696839162858), ('VisibilityLocalDaytimeAvg', 0.01049721418874093), ('day', 0.009092873970975357), ('WindSpeedLocalDaytimeAvg', 0.004645772198799585), ('quarter', 0.004384795909139125), ('month', 0.003606641765126242), ('weekday', 0.001411390019832282), ('FeelsLikeLocalDaytimeMin', 0.0007255026773656828), ('UVIndexLocalDaytimeAvg', 0.0003156400015753799)]","RandomForestRegressor(bootstrap=True, ccp_alpha=0.0, criterion='mae',
                      max_depth=5, max_features=20, max_leaf_nodes=None,
                      max_samples=None, min_impurity_decrease=0.0,
                      min_impurity_split=None, min_samples_leaf=1,
                      min_samples_split=2, min_weight_fraction_leaf=0.0,
                      n_estimators=3, n_jobs=None, oob_score=False,
                      random_state=None, verbose=0, warm_start=False)",0.0038344860076904297,-2006.5784684684686,0.015696048736572266,-1135.6366666666654,0.9026872820959693,-532.9208333333354,0.9013776297064554,078152,-952.4815525114153,0.7737584794503058,place_078152,65807,us
withweather,"clientname_withweather_('078152',)",sales,RANDOMFOREST,0.7350872990364321,"[('FeelsLikeLocalDaytimeAvg', 0.2865130882586719), ('TemperatureLocalDaytimeMax', 0.19045064847408918), ('PrecipAmountLocalDayMax', 0.1779405470999288), ('FeelsLikeLocalDaytimeMax', 0.1721413972868836), ('DewpointLocalMorningAvg', 0.06435122160460434), ('TemperatureLocalDaytimeAvg', 0.03631895710173359), ('WindSpeedLocalDaytimeAvg', 0.02471249399319499), ('FeelsLikeLocalDaytimeMin', 0.011682994116195817), ('VisibilityLocalDaytimeAvg', 0.007751893309150094), ('TemperatureLocalDaytimeMin', 0.007336303383280611), ('weekday', 0.00690029577324822), ('UVIndexLocalDaytimeAvg', 0.006246805788746216), ('month', 0.0032916052127440506), ('RelativeHumidityLocalDaytimeAvg', 0.002680089560663484), ('day', 0.001681659036865038)]","RandomForestRegressor(bootstrap=True, ccp_alpha=0.0, criterion='mae',
                      max_depth=5, max_features=20, max_leaf_nodes=None,
                      max_samples=None, min_impurity_decrease=0.0,
                      min_impurity_split=None, min_samples_leaf=1,
                      min_samples_split=2, min_weight_fraction_leaf=0.0,
                      n_estimators=3, n_jobs=None, oob_score=False,
                      random_state=None, verbose=0, warm_start=False)",0.0028972625732421875,-1487.4847685185184,0.019164562225341797,-1075.4075000000012,0.9188923581051311,-590.0749999999971,0.918762315188685,078152,-1012.6576757369616,0.7189202352716701,place_078152,65807,us
withweather,"clientname_withweather_('078152',)",sales,RANDOMFOREST,0.8997938048972514,"[('FeelsLikeLocalDaytimeMax', 0.42633492239025356), ('FeelsLikeLocalDaytimeAvg', 0.16039287440055852), ('TemperatureLocalDaytimeAvg', 0.08641246889133752), ('TemperatureLocalDaytimeMax', 0.0757723799748214), ('PrecipAmountLocalDayMax', 0.06201763361716156), ('TemperatureLocalDaytimeMin', 0.04007810567367332), ('PrecipAmountLocalDayAvg', 0.038263953946224706), ('VisibilityLocalDaytimeAvg', 0.03560495755132074), ('PrecipAmountLocalEveningAvg', 0.024675488972505932), ('WindSpeedLocalDaytimeAvg', 0.021522261926642153), ('DewpointLocalMorningAvg', 0.00852113921793822), ('RelativeHumidityLocalDaytimeAvg', 0.006892824775166024), ('weekday', 0.004382488980242335), ('FeelsLikeLocalDaytimeMin', 0.0032728217629976303), ('UVIndexLocalDaytimeAvg', 0.0022974348689472376), ('day', 0.0018959412084007179), ('RelativeHumidityLocalDaytimeMin', 0.0013775240358891497), ('RelativeHumidityLocalDaytimeMax', 0.00028477780591925527)]","RandomForestRegressor(bootstrap=True, ccp_alpha=0.0, criterion='mae',
                      max_depth=5, max_features=20, max_leaf_nodes=None,
                      max_samples=None, min_impurity_decrease=0.0,
                      min_impurity_split=None, min_samples_leaf=1,
                      min_samples_split=2, min_weight_fraction_leaf=0.0,
                      n_estimators=3, n_jobs=None, oob_score=False,
                      random_state=None, verbose=0, warm_start=False)",0.0027005672454833984,-1265.5880555555555,0.01606297492980957,-725.375,0.9472843043513011,-504.65999999999985,0.9471957000676771,078152,-851.8846145124717,0.885147447432746,place_078152,65807,us
withweather,"clientname_withweather_('094352',)",sales,RANDOMFOREST,0.5611240352576212,"[('TemperatureLocalDaytimeMax', 0.6233672272871982), ('FeelsLikeLocalDaytimeAvg', 0.08017160120053873), ('VisibilityLocalDaytimeAvg', 0.06263068933456777), ('FeelsLikeLocalDaytimeMax', 0.04917302131521128), ('TemperatureLocalDaytimeAvg', 0.048602798490021644), ('PrecipAmountLocalDayMax', 0.04004635310144635), ('SnowAmountLocalDayMax', 0.027884263985038626), ('UVIndexLocalDaytimeAvg', 0.02213502680402579), ('PrecipAmountLocalDaytimeAvg', 0.013244576064376066), ('FeelsLikeLocalDaytimeMin', 0.01298628829681743), ('weekday', 0.0074252581777221995), ('PrecipAmountLocalDayAvg', 0.0049360661686140145), ('RelativeHumidityLocalDaytimeMax', 0.0026566967440331004), ('TemperatureLocalDaytimeMin', 0.0020928942976884517), ('day', 0.0013199705319017687), ('DewpointLocalMorningAvg', 0.0008352344407392752), ('RelativeHumidityLocalDaytimeAvg', 0.0002687459810616802), ('month', 0.00012910542595183765), ('quarter', 9.418235304574489e-05)]","RandomForestRegressor(bootstrap=True, ccp_alpha=0.0, criterion='mae',
                      max_depth=5, max_features=20, max_leaf_nodes=None,
                      max_samples=None, min_impurity_decrease=0.0,
                      min_impurity_split=None, min_samples_leaf=1,
                      min_samples_split=2, min_weight_fraction_leaf=0.0,
                      n_estimators=3, n_jobs=None, oob_score=False,
                      random_state=None, verbose=0, warm_start=False)",0.002629518508911133,-1855.4293243243237,0.02232527732849121,-814.6033333333326,0.9737777490977239,-562.038333333332,0.9728742131242142,094352,-957.6443378995434,0.5549505684542333,place_094352,82007,us
withweather,"clientname_withweather_('094352',)",sales,RANDOMFOREST,0.950978101622031,"[('TemperatureLocalDaytimeMax', 0.3749412004167888), ('SnowAmountLocalDayMax', 0.17716349824766217), ('TemperatureLocalDaytimeAvg', 0.1758417642830914), ('FeelsLikeLocalDaytimeAvg', 0.095751799365431), ('FeelsLikeLocalDaytimeMin', 0.03928898689791864), ('PrecipAmountLocalDayAvg', 0.03156591493435265), ('FeelsLikeLocalDaytimeMax', 0.023021901833401578), ('PrecipAmountLocalDayMax', 0.020356827682565855), ('RelativeHumidityLocalDaytimeAvg', 0.019268809960108588), ('TemperatureLocalDaytimeMin', 0.01897164038462934), ('DewpointLocalMorningAvg', 0.00875351292857976), ('UVIndexLocalDaytimeAvg', 0.004229301053225042), ('RelativeHumidityLocalDaytimeMin', 0.0031723737180726673), ('PrecipAmountLocalEveningAvg', 0.0025003352573727284), ('weekday', 0.0018773945714598576), ('day', 0.0012084491735367985), ('month', 0.001126040296345102), ('VisibilityLocalDaytimeAvg', 0.000490624606685122), ('RelativeHumidityLocalDaytimeMax', 0.00023530710108907955), ('WindSpeedLocalDaytimeAvg', 0.00023431728768375873)]","RandomForestRegressor(bootstrap=True, ccp_alpha=0.0, criterion='mae',
                      max_depth=5, max_features=20, max_leaf_nodes=None,
                      max_samples=None, min_impurity_decrease=0.0,
                      min_impurity_split=None, min_samples_leaf=1,
                      min_samples_split=2, min_weight_fraction_leaf=0.0,
                      n_estimators=3, n_jobs=None, oob_score=False,
                      random_state=None, verbose=0, warm_start=False)",0.003016948699951172,-1135.4056306306313,0.016823291778564453,-567.0316666666695,0.9361415036873751,-582.1833333333325,0.9356965726898571,094352,-1117.4325456621002,0.9488313339626486,place_094352,82007,us
withweather,"clientname_withweather_('094352',)",sales,RANDOMFOREST,0.8744632018960838,"[('TemperatureLocalDaytimeMax', 0.34449910846006015), ('SnowAmountLocalDayMax', 0.24912081329631233), ('TemperatureLocalDaytimeAvg', 0.22065669165129126), ('FeelsLikeLocalDaytimeAvg', 0.04902709899634754), ('RelativeHumidityLocalDaytimeMin', 0.03906812504041289), ('TemperatureLocalDaytimeMin', 0.029896544059664874), ('FeelsLikeLocalDaytimeMax', 0.015281512062296686), ('PrecipAmountLocalDayMax', 0.014868251640864022), ('PrecipAmountLocalDaytimeAvg', 0.012526545717009733), ('FeelsLikeLocalDaytimeMin', 0.006986311704460389), ('DewpointLocalMorningAvg', 0.0052091785418203924), ('RelativeHumidityLocalDaytimeAvg', 0.004616287468128535), ('WindSpeedLocalDaytimeAvg', 0.004020315321414937), ('UVIndexLocalDaytimeAvg', 0.0021278457544229397), ('GustLocalDaytimeAvg', 0.0014194484561060317), ('weekday', 0.00037723724654942746), ('day', 0.0002214224832023761), ('month', 7.72620996355903e-05)]","RandomForestRegressor(bootstrap=True, ccp_alpha=0.0, criterion='mae',
                      max_depth=5, max_features=20, max_leaf_nodes=None,
                      max_samples=None, min_impurity_decrease=0.0,
                      min_impurity_split=None, min_samples_leaf=1,
                      min_samples_split=2, min_weight_fraction_leaf=0.0,
                      n_estimators=3, n_jobs=None, oob_score=False,
                      random_state=None, verbose=0, warm_start=False)",0.002277851104736328,-1488.9689639639644,0.01570606231689453,-674.4333333333343,0.9659401191137192,-473.7683333333339,0.9637263439134648,094352,-961.2194634703202,0.8726124408436883,place_094352,82007,us
withweather,"clientname_withweather_('094352',)",sales,RANDOMFOREST,0.8964026828431639,"[('TemperatureLocalDaytimeAvg', 0.2989822700439253), ('TemperatureLocalDaytimeMax', 0.2919573683581997), ('FeelsLikeLocalDaytimeMax', 0.18105442626738358), ('FeelsLikeLocalDaytimeAvg', 0.11307122375559382), ('SnowAmountLocalDayMax', 0.04056353609534711), ('PrecipAmountLocalDayAvg', 0.03034288266321944), ('PrecipAmountLocalDayMax', 0.010902290240769982), ('DewpointLocalMorningAvg', 0.008934075588289637), ('RelativeHumidityLocalDaytimeMin', 0.008677631111322958), ('RelativeHumidityLocalDaytimeAvg', 0.0080701199183691), ('TemperatureLocalDaytimeMin', 0.0031154106832308993), ('UVIndexLocalDaytimeAvg', 0.002315965685437959), ('FeelsLikeLocalDaytimeMin', 0.0017845451900344977), ('RelativeHumidityLocalDaytimeMax', 0.00012710201471250823), ('quarter', 0.00010115238416351598)]","RandomForestRegressor(bootstrap=True, ccp_alpha=0.0, criterion='mae',
                      max_depth=5, max_features=20, max_leaf_nodes=None,
                      max_samples=None, min_impurity_decrease=0.0,
                      min_impurity_split=None, min_samples_leaf=1,
                      min_samples_split=2, min_weight_fraction_leaf=0.0,
                      n_estimators=3, n_jobs=None, oob_score=False,
                      random_state=None, verbose=0, warm_start=False)",0.0023217201232910156,-1910.9263425925924,0.014578819274902344,-789.758333333335,0.956492504253979,-503.0499999999993,0.955779660416295,094352,-863.8751473922903,0.8872782283793272,place_094352,82007,us
withweather,"clientname_withweather_('094352',)",sales,RANDOMFOREST,0.9378645343635348,"[('TemperatureLocalDaytimeMax', 0.43527401994292453), ('TemperatureLocalDaytimeAvg', 0.2678533343576272), ('SnowAmountLocalDayMax', 0.10823375909154252), ('FeelsLikeLocalDaytimeAvg', 0.05791580323062456), ('FeelsLikeLocalDaytimeMax', 0.03647340157546667), ('RelativeHumidityLocalDaytimeAvg', 0.03590767865539597), ('VisibilityLocalDaytimeAvg', 0.018998793070482595), ('PrecipAmountLocalDayAvg', 0.009958903827227692), ('RelativeHumidityLocalDaytimeMax', 0.007521487379735621), ('RelativeHumidityLocalDaytimeMin', 0.006394029691484886), ('PrecipAmountLocalDayMax', 0.0035825345467846853), ('PrecipAmountLocalEveningAvg', 0.00315185114721867), ('month', 0.002607607285103196), ('weekday', 0.002142528229376625), ('DewpointLocalMorningAvg', 0.0012187294378121), ('day', 0.0010722611676721022), ('TemperatureLocalDaytimeMin', 0.0007730166315192652), ('FeelsLikeLocalDaytimeMin', 0.0006041934534801982), ('WindSpeedLocalDaytimeAvg', 0.0003160672785209231)]","RandomForestRegressor(bootstrap=True, ccp_alpha=0.0, criterion='mae',
                      max_depth=5, max_features=20, max_leaf_nodes=None,
                      max_samples=None, min_impurity_decrease=0.0,
                      min_impurity_split=None, min_samples_leaf=1,
                      min_samples_split=2, min_weight_fraction_leaf=0.0,
                      n_estimators=3, n_jobs=None, oob_score=False,
                      random_state=None, verbose=0, warm_start=False)",0.002266407012939453,-1397.4787962962967,0.013764381408691406,-717.6158333333315,0.9802001523541223,-371.7250000000022,0.9800395130118001,094352,-688.7103514739227,0.9348243958478492,place_094352,82007,us
withweather,"clientname_withweather_('096468',)",sales,RANDOMFOREST,0.9824066250695148,"[('SnowAmountLocalDayMax', 0.5325399444196065), ('FeelsLikeLocalDaytimeMax', 0.1459962089504241), ('FeelsLikeLocalDaytimeAvg', 0.12367792820894667), ('TemperatureLocalDaytimeAvg', 0.09391678812595698), ('PrecipAmountLocalDayAvg', 0.029882855525702117), ('PrecipAmountLocalDayMax', 0.028132032288921242), ('TemperatureLocalDaytimeMax', 0.01914357669981523), ('RelativeHumidityLocalDaytimeMin', 0.00976858421708095), ('FeelsLikeLocalDaytimeMin', 0.007948200686975658), ('UVIndexLocalDaytimeAvg', 0.002680522468215042), ('RelativeHumidityLocalDaytimeMax', 0.0018015764261874905), ('VisibilityLocalDaytimeAvg', 0.001473834969555324), ('DewpointLocalMorningAvg', 0.0014323508927458106), ('quarter', 0.0007726474776361471), ('WindSpeedLocalDaytimeAvg', 0.0004090757541964537), ('day', 0.00025644069724257117), ('month', 0.00016743219079160083)]","RandomForestRegressor(bootstrap=True, ccp_alpha=0.0, criterion='mae',
                      max_depth=5, max_features=20, max_leaf_nodes=None,
                      max_samples=None, min_impurity_decrease=0.0,
                      min_impurity_split=None, min_samples_leaf=1,
                      min_samples_split=2, min_weight_fraction_leaf=0.0,
                      n_estimators=3, n_jobs=None, oob_score=False,
                      random_state=None, verbose=0, warm_start=False)",0.0027332305908203125,-850.3531081081087,0.020283222198486328,-696.498333333333,0.9872258661099914,-529.3191666666662,0.9871832601510329,096468,-689.8864840182647,0.9789229509812658,place_096468,84123,us
withweather,"clientname_withweather_('096468',)",sales,RANDOMFOREST,0.9703313845328166,"[('SnowAmountLocalDayMax', 0.31145475313870824), ('FeelsLikeLocalDaytimeMax', 0.25510460912133737), ('TemperatureLocalDaytimeAvg', 0.11480238333478066), ('DewpointLocalMorningAvg', 0.09124657810019292), ('FeelsLikeLocalDaytimeAvg', 0.06525776664331227), ('RelativeHumidityLocalDaytimeAvg', 0.06174191408068663), ('TemperatureLocalDaytimeMax', 0.037911253533719165), ('PrecipAmountLocalDayAvg', 0.03134610405462238), ('RelativeHumidityLocalDaytimeMax', 0.012897391302839121), ('PrecipAmountLocalDayMax', 0.008080449488984065), ('FeelsLikeLocalDaytimeMin', 0.0034183392677928077), ('TemperatureLocalDaytimeMin', 0.0030045795393372743), ('day', 0.0012780494582582378), ('month', 0.0010102560872601873), ('UVIndexLocalDaytimeAvg', 0.0008319599118721571), ('weekday', 0.0006136129362965033)]","RandomForestRegressor(bootstrap=True, ccp_alpha=0.0, criterion='mae',
                      max_depth=5, max_features=20, max_leaf_nodes=None,
                      max_samples=None, min_impurity_decrease=0.0,
                      min_impurity_split=None, min_samples_leaf=1,
                      min_samples_split=2, min_weight_fraction_leaf=0.0,
                      n_estimators=3, n_jobs=None, oob_score=False,
                      random_state=None, verbose=0, warm_start=False)",0.002474546432495117,-1062.9481081081078,0.014680624008178711,-458.7733333333308,0.974993095977912,-452.8283333333329,0.9749169748010904,096468,-724.3774429223746,0.9676714526203658,place_096468,84123,us
withweather,"clientname_withweather_('096468',)",sales,RANDOMFOREST,0.9819563168628066,"[('SnowAmountLocalDayMax', 0.48105136748026905), ('TemperatureLocalDaytimeMax', 0.17766057671799135), ('FeelsLikeLocalDaytimeAvg', 0.12046875190332601), ('TemperatureLocalDaytimeAvg', 0.1065229043223164), ('PrecipAmountLocalDayAvg', 0.030289291354606677), ('PrecipAmountLocalDayMax', 0.023640165699811817), ('TemperatureLocalDaytimeMin', 0.02005122094141156), ('DewpointLocalMorningAvg', 0.011519336517597453), ('FeelsLikeLocalDaytimeMax', 0.011319401461273935), ('RelativeHumidityLocalDaytimeMax', 0.006671934743588136), ('FeelsLikeLocalDaytimeMin', 0.003566040526060176), ('RelativeHumidityLocalDaytimeMin', 0.002215484307176074), ('RelativeHumidityLocalDaytimeAvg', 0.0018773635264339123), ('VisibilityLocalDaytimeAvg', 0.001525438885346062), ('day', 0.0008276123826776068), ('weekday', 0.0007931092301139413)]","RandomForestRegressor(bootstrap=True, ccp_alpha=0.0, criterion='mae',
                      max_depth=5, max_features=20, max_leaf_nodes=None,
                      max_samples=None, min_impurity_decrease=0.0,
                      min_impurity_split=None, min_samples_leaf=1,
                      min_samples_split=2, min_weight_fraction_leaf=0.0,
                      n_estimators=3, n_jobs=None, oob_score=False,
                      random_state=None, verbose=0, warm_start=False)",0.002895832061767578,-860.1112612612615,0.013759613037109375,-513.8066666666673,0.9828148236743024,-345.03333333333285,0.9825132601552673,096468,-652.3914383561646,0.9814109501437346,place_096468,84123,us
withweather,"clientname_withweather_('096468',)",sales,RANDOMFOREST,0.9485850300377634,"[('SnowAmountLocalDayMax', 0.31115074142766186), ('FeelsLikeLocalDaytimeAvg', 0.22374232545998626), ('PrecipAmountLocalDayMax', 0.12809407654568397), ('TemperatureLocalDaytimeMax', 0.12049536053708844), ('TemperatureLocalDaytimeAvg', 0.10734404133761456), ('FeelsLikeLocalDaytimeMax', 0.047005089824911146), ('RelativeHumidityLocalDaytimeAvg', 0.03158632641404634), ('RelativeHumidityLocalDaytimeMax', 0.013292021855408993), ('RelativeHumidityLocalDaytimeMin', 0.00938436570329815), ('quarter', 0.0034713125355464443), ('UVIndexLocalDaytimeAvg', 0.0026124779037147083), ('weekday', 0.001554153417689843), ('DewpointLocalMorningAvg', 0.0001405711441050066), ('TemperatureLocalDaytimeMin', 0.00012713589324415275)]","RandomForestRegressor(bootstrap=True, ccp_alpha=0.0, criterion='mae',
                      max_depth=5, max_features=20, max_leaf_nodes=None,
                      max_samples=None, min_impurity_decrease=0.0,
                      min_impurity_split=None, min_samples_leaf=1,
                      min_samples_split=2, min_weight_fraction_leaf=0.0,
                      n_estimators=3, n_jobs=None, oob_score=False,
                      random_state=None, verbose=0, warm_start=False)",0.002627849578857422,-1212.353750000001,0.016409873962402344,-681.9849999999988,0.9707871790051518,-444.5049999999974,0.9707870958718596,096468,-799.9724036281178,0.9362697769023363,place_096468,84123,us
withweather,"clientname_withweather_('096468',)",sales,RANDOMFOREST,0.8507613463107261,"[('SnowAmountLocalDayMax', 0.5190175556615509), ('FeelsLikeLocalDaytimeAvg', 0.173379141744898), ('TemperatureLocalDaytimeMax', 0.11331094141579195), ('FeelsLikeLocalDaytimeMax', 0.05314549495858892), ('RelativeHumidityLocalDaytimeAvg', 0.04682259888669491), ('PrecipAmountLocalDayMax', 0.03290863608802677), ('GustLocalDaytimeAvg', 0.025040010629493435), ('TemperatureLocalDaytimeAvg', 0.01339673870308604), ('PrecipAmountLocalDaytimeAvg', 0.005156850448873396), ('FeelsLikeLocalDaytimeMin', 0.004944234585892014), ('day', 0.003633189436684116), ('RelativeHumidityLocalDaytimeMin', 0.0020133343029884614), ('VisibilityLocalDaytimeAvg', 0.001967135726330731), ('RelativeHumidityLocalDaytimeMax', 0.0017876112947138633), ('TemperatureLocalDaytimeMin', 0.0014236454951409771), ('UVIndexLocalDaytimeAvg', 0.0008728807366995938), ('weekday', 0.0007450505018271481), ('quarter', 0.00043494938271886535)]","RandomForestRegressor(bootstrap=True, ccp_alpha=0.0, criterion='mae',
                      max_depth=5, max_features=20, max_leaf_nodes=None,
                      max_samples=None, min_impurity_decrease=0.0,
                      min_impurity_split=None, min_samples_leaf=1,
                      min_samples_split=2, min_weight_fraction_leaf=0.0,
                      n_estimators=3, n_jobs=None, oob_score=False,
                      random_state=None, verbose=0, warm_start=False)",0.003091573715209961,-1317.105138888888,0.01745772361755371,-706.3174999999974,0.9825438713251657,-446.20166666666773,0.9823053056633825,096468,-681.4722335600903,0.8484029771341299,place_096468,84123,us
withoutweather,"clientname_withoutweather_('078152',)",sales,RANDOMFOREST,-0.09045313973132241,"[('month', 0.40520505142398533), ('day', 0.28948077219367113), ('weekday', 0.2626764117822118), ('quarter', 0.042637764600131745)]","RandomForestRegressor(bootstrap=True, ccp_alpha=0.0, criterion='mae',
                      max_depth=5, max_features=20, max_leaf_nodes=None,
                      max_samples=None, min_impurity_decrease=0.0,
                      min_impurity_split=None, min_samples_leaf=1,
                      min_samples_split=2, min_weight_fraction_leaf=0.0,
                      n_estimators=3, n_jobs=None, oob_score=False,
                      random_state=None, verbose=0, warm_start=False)",0.003468036651611328,-3973.653513513513,0.008006095886230469,-3390.9500000000007,0.3442369519036743,-2007.2000000000007,0.3342580116555447,078152,-3074.643082191781,-0.16490983214579602,place_078152,65807,us
withoutweather,"clientname_withoutweather_('078152',)",sales,RANDOMFOREST,0.20563413980558343,"[('day', 0.4114540300383034), ('month', 0.40359763283345107), ('weekday', 0.11411286095942587), ('quarter', 0.07083547616881986)]","RandomForestRegressor(bootstrap=True, ccp_alpha=0.0, criterion='mae',
                      max_depth=5, max_features=20, max_leaf_nodes=None,
                      max_samples=None, min_impurity_decrease=0.0,
                      min_impurity_split=None, min_samples_leaf=1,
                      min_samples_split=2, min_weight_fraction_leaf=0.0,
                      n_estimators=3, n_jobs=None, oob_score=False,
                      random_state=None, verbose=0, warm_start=False)",0.002687215805053711,-3887.142657657658,0.0059566497802734375,-2378.9399999999987,0.4807225615248607,-1918.960000000001,0.47417871336111517,078152,-2661.2701141552516,0.17902119500238767,place_078152,65807,us
withoutweather,"clientname_withoutweather_('078152',)",sales,RANDOMFOREST,-0.16699712329602834,"[('day', 0.4003867234541601), ('month', 0.2568141266300415), ('weekday', 0.22407856750920283), ('quarter', 0.11872058240659551)]","RandomForestRegressor(bootstrap=True, ccp_alpha=0.0, criterion='mae',
                      max_depth=5, max_features=20, max_leaf_nodes=None,
                      max_samples=None, min_impurity_decrease=0.0,
                      min_impurity_split=None, min_samples_leaf=1,
                      min_samples_split=2, min_weight_fraction_leaf=0.0,
                      n_estimators=3, n_jobs=None, oob_score=False,
                      random_state=None, verbose=0, warm_start=False)",0.0023086071014404297,-4909.803243243243,0.0070438385009765625,-3274.0466666666653,0.40947992167183644,-1772.3050000000003,0.3805529688412185,078152,-2670.873458904109,-0.19922632334816592,place_078152,65807,us
withoutweather,"clientname_withoutweather_('078152',)",sales,RANDOMFOREST,-0.04981533218177647,"[('day', 0.4615133308205235), ('month', 0.31911923008276416), ('weekday', 0.19649055830242737), ('quarter', 0.022876880794284942)]","RandomForestRegressor(bootstrap=True, ccp_alpha=0.0, criterion='mae',
                      max_depth=5, max_features=20, max_leaf_nodes=None,
                      max_samples=None, min_impurity_decrease=0.0,
                      min_impurity_split=None, min_samples_leaf=1,
                      min_samples_split=2, min_weight_fraction_leaf=0.0,
                      n_estimators=3, n_jobs=None, oob_score=False,
                      random_state=None, verbose=0, warm_start=False)",0.002988100051879883,-3647.845046296297,0.007059574127197266,-3218.2999999999993,0.4698987695196517,-1629.510000000002,0.46542964608150716,078152,-2931.0540249433107,-0.0567033559700556,place_078152,65807,us
withoutweather,"clientname_withoutweather_('078152',)",sales,RANDOMFOREST,0.22854704601043907,"[('day', 0.4102109242694487), ('month', 0.33270646436380474), ('weekday', 0.21462019266505117), ('quarter', 0.04246241870169538)]","RandomForestRegressor(bootstrap=True, ccp_alpha=0.0, criterion='mae',
                      max_depth=5, max_features=20, max_leaf_nodes=None,
                      max_samples=None, min_impurity_decrease=0.0,
                      min_impurity_split=None, min_samples_leaf=1,
                      min_samples_split=2, min_weight_fraction_leaf=0.0,
                      n_estimators=3, n_jobs=None, oob_score=False,
                      random_state=None, verbose=0, warm_start=False)",0.002942323684692383,-3801.3546296296295,0.008541107177734375,-2627.24,0.3911762468939921,-2648.005000000001,0.3886872755702149,078152,-3327.6776303854876,0.22854694058547254,place_078152,65807,us
withoutweather,"clientname_withoutweather_('094352',)",sales,RANDOMFOREST,0.12929766960681033,"[('month', 0.5170086336426616), ('weekday', 0.24314795718700777), ('day', 0.20813136540488159), ('quarter', 0.031712043765449144)]","RandomForestRegressor(bootstrap=True, ccp_alpha=0.0, criterion='mae',
                      max_depth=5, max_features=20, max_leaf_nodes=None,
                      max_samples=None, min_impurity_decrease=0.0,
                      min_impurity_split=None, min_samples_leaf=1,
                      min_samples_split=2, min_weight_fraction_leaf=0.0,
                      n_estimators=3, n_jobs=None, oob_score=False,
                      random_state=None, verbose=0, warm_start=False)",0.0032491683959960938,-4055.138018018017,0.016556739807128906,-2492.006666666668,0.5184824310080134,-2161.779999999999,0.5181381282383541,094352,-4494.32948630137,0.1269601060429233,place_094352,82007,us
withoutweather,"clientname_withoutweather_('094352',)",sales,RANDOMFOREST,0.0898448663165553,"[('month', 0.3533144872903244), ('day', 0.2712214320576732), ('weekday', 0.2586759314916351), ('quarter', 0.11678814916036735)]","RandomForestRegressor(bootstrap=True, ccp_alpha=0.0, criterion='mae',
                      max_depth=5, max_features=20, max_leaf_nodes=None,
                      max_samples=None, min_impurity_decrease=0.0,
                      min_impurity_split=None, min_samples_leaf=1,
                      min_samples_split=2, min_weight_fraction_leaf=0.0,
                      n_estimators=3, n_jobs=None, oob_score=False,
                      random_state=None, verbose=0, warm_start=False)",0.00263214111328125,-6638.124954954956,0.0076141357421875,-4312.794999999998,0.5582830555963869,-2199.748333333333,0.5533230737334458,094352,-3918.064920091324,0.08887234835761171,place_094352,82007,us
withoutweather,"clientname_withoutweather_('094352',)",sales,RANDOMFOREST,0.04880303914062145,"[('day', 0.5132656665391563), ('month', 0.33382062728876055), ('weekday', 0.0915893808250015), ('quarter', 0.06132432534708163)]","RandomForestRegressor(bootstrap=True, ccp_alpha=0.0, criterion='mae',
                      max_depth=5, max_features=20, max_leaf_nodes=None,
                      max_samples=None, min_impurity_decrease=0.0,
                      min_impurity_split=None, min_samples_leaf=1,
                      min_samples_split=2, min_weight_fraction_leaf=0.0,
                      n_estimators=3, n_jobs=None, oob_score=False,
                      random_state=None, verbose=0, warm_start=False)",0.003194093704223633,-5999.451711711712,0.0061800479888916016,-3495.5716666666667,0.5438407375310905,-1780.5324999999993,0.5233436454262291,094352,-3857.420913242009,0.011240546251583883,place_094352,82007,us
withoutweather,"clientname_withoutweather_('094352',)",sales,RANDOMFOREST,-0.17831597768532315,"[('month', 0.41990198731374023), ('day', 0.3147315926198371), ('weekday', 0.15122584806704828), ('quarter', 0.11414057199937443)]","RandomForestRegressor(bootstrap=True, ccp_alpha=0.0, criterion='mae',
                      max_depth=5, max_features=20, max_leaf_nodes=None,
                      max_samples=None, min_impurity_decrease=0.0,
                      min_impurity_split=None, min_samples_leaf=1,
                      min_samples_split=2, min_weight_fraction_leaf=0.0,
                      n_estimators=3, n_jobs=None, oob_score=False,
                      random_state=None, verbose=0, warm_start=False)",0.003247976303100586,-7983.362685185186,0.007172584533691406,-3553.9816666666666,0.49295237518143786,-2168.246666666666,0.4762480979674283,094352,-3931.8784580498873,-0.21058595416516268,place_094352,82007,us
withoutweather,"clientname_withoutweather_('094352',)",sales,RANDOMFOREST,0.12799967168995618,"[('month', 0.3828981994729213), ('day', 0.3116054489190588), ('weekday', 0.2528842035123314), ('quarter', 0.05261214809568851)]","RandomForestRegressor(bootstrap=True, ccp_alpha=0.0, criterion='mae',
                      max_depth=5, max_features=20, max_leaf_nodes=None,
                      max_samples=None, min_impurity_decrease=0.0,
                      min_impurity_split=None, min_samples_leaf=1,
                      min_samples_split=2, min_weight_fraction_leaf=0.0,
                      n_estimators=3, n_jobs=None, oob_score=False,
                      random_state=None, verbose=0, warm_start=False)",0.002795696258544922,-6214.98875,0.006953716278076172,-3084.1800000000003,0.491541354697854,-2049.406666666666,0.48449920608543806,094352,-4062.5141609977322,0.1212263447516232,place_094352,82007,us
withoutweather,"clientname_withoutweather_('096468',)",sales,RANDOMFOREST,0.11965299447351196,"[('day', 0.44203593265645974), ('month', 0.39439520100729625), ('weekday', 0.12821370608810712), ('quarter', 0.03535516024813707)]","RandomForestRegressor(bootstrap=True, ccp_alpha=0.0, criterion='mae',
                      max_depth=5, max_features=20, max_leaf_nodes=None,
                      max_samples=None, min_impurity_decrease=0.0,
                      min_impurity_split=None, min_samples_leaf=1,
                      min_samples_split=2, min_weight_fraction_leaf=0.0,
                      n_estimators=3, n_jobs=None, oob_score=False,
                      random_state=None, verbose=0, warm_start=False)",0.005221128463745117,-3937.031756756758,0.011853933334350586,-2589.263333333336,0.3840387842759819,-1549.301666666668,0.36512686840479047,096468,-3486.1520890410966,0.08941299322707574,place_096468,84123,us
withoutweather,"clientname_withoutweather_('096468',)",sales,RANDOMFOREST,0.4527043819594285,"[('month', 0.49849341715311385), ('day', 0.36074711707965323), ('weekday', 0.1244627279556515), ('quarter', 0.01629673781158148)]","RandomForestRegressor(bootstrap=True, ccp_alpha=0.0, criterion='mae',
                      max_depth=5, max_features=20, max_leaf_nodes=None,
                      max_samples=None, min_impurity_decrease=0.0,
                      min_impurity_split=None, min_samples_leaf=1,
                      min_samples_split=2, min_weight_fraction_leaf=0.0,
                      n_estimators=3, n_jobs=None, oob_score=False,
                      random_state=None, verbose=0, warm_start=False)",0.0026454925537109375,-4951.294864864865,0.008710145950317383,-2627.4950000000026,0.3146866730729192,-1646.3083333333343,0.3071212327468261,096468,-3597.4302853881277,0.43749400162665375,place_096468,84123,us
withoutweather,"clientname_withoutweather_('096468',)",sales,RANDOMFOREST,-0.08678047173331871,"[('month', 0.5759005432980978), ('day', 0.2663459209112882), ('weekday', 0.10164768252181595), ('quarter', 0.05610585326879805)]","RandomForestRegressor(bootstrap=True, ccp_alpha=0.0, criterion='mae',
                      max_depth=5, max_features=20, max_leaf_nodes=None,
                      max_samples=None, min_impurity_decrease=0.0,
                      min_impurity_split=None, min_samples_leaf=1,
                      min_samples_split=2, min_weight_fraction_leaf=0.0,
                      n_estimators=3, n_jobs=None, oob_score=False,
                      random_state=None, verbose=0, warm_start=False)",0.003665447235107422,-6174.682927927928,0.01012730598449707,-2493.6299999999974,0.5214755462079365,-1640.7983333333323,0.5032205855965997,096468,-3010.189954337899,-0.12510264679224403,place_096468,84123,us
withoutweather,"clientname_withoutweather_('096468',)",sales,RANDOMFOREST,0.08184209479585525,"[('month', 0.3815361420247815), ('day', 0.3509149457164218), ('weekday', 0.18940495289583137), ('quarter', 0.07814395936296552)]","RandomForestRegressor(bootstrap=True, ccp_alpha=0.0, criterion='mae',
                      max_depth=5, max_features=20, max_leaf_nodes=None,
                      max_samples=None, min_impurity_decrease=0.0,
                      min_impurity_split=None, min_samples_leaf=1,
                      min_samples_split=2, min_weight_fraction_leaf=0.0,
                      n_estimators=3, n_jobs=None, oob_score=False,
                      random_state=None, verbose=0, warm_start=False)",0.002711772918701172,-4163.303564814813,0.008062124252319336,-2162.7233333333315,0.4795706018754239,-2073.846666666668,0.47018035357881915,096468,-3590.5689569160995,0.06780357532428738,place_096468,84123,us
withoutweather,"clientname_withoutweather_('096468',)",sales,RANDOMFOREST,0.6250084277746465,"[('month', 0.4394311148388927), ('day', 0.28464334984466966), ('weekday', 0.21955645191598414), ('quarter', 0.05636908340045361)]","RandomForestRegressor(bootstrap=True, ccp_alpha=0.0, criterion='mae',
                      max_depth=5, max_features=20, max_leaf_nodes=None,
                      max_samples=None, min_impurity_decrease=0.0,
                      min_impurity_split=None, min_samples_leaf=1,
                      min_samples_split=2, min_weight_fraction_leaf=0.0,
                      n_estimators=3, n_jobs=None, oob_score=False,
                      random_state=None, verbose=0, warm_start=False)",0.0027413368225097656,-2979.1344444444444,0.0069468021392822266,-2425.7249999999985,0.39188401601010836,-1733.523333333338,0.3724944973936961,096468,-3732.0263492063496,0.6103227765430999,place_096468,84123,us
