{"metadata":{"asset_id":"444461e9-c19e-4cb7-9ee7-68a449805b95","asset_attributes":["data_asset"],"name":"utilities-demand-response-program-propensity-glossary-terms.csv","asset_type":"data_asset","created_at":"2023-06-30T09:57:12Z","origin_country":"us","owner_id":"1000331009","project_id":"5e6347a1-4383-4a4c-819a-f235d7a5b464","size":48344,"usage":{"last_update_time":1688119033082,"last_updated_at":"2023-06-30T09:57:13Z"}},"entity":{"data_asset":{"mime_type":"text/csv","dataset":false}},"attachments":[{"id":"1aeefd58-d52f-49f2-8b86-ce681c338c7a","version":2,"asset_type":"data_asset","name":"utilities-demand-response-program-propensity-glossary-terms.csv","mime":"text/csv","datasource_type":"81bafdbd-b7c6-45c5-a4fd-6ec135f66f4e","object_key":"data_asset/utilities-demand-response-program-propensity-glossary-terms.csv","creator_id":"icp4d-dev","create_time":1688119033002,"size":48344,"is_remote":false,"is_managed":false,"is_referenced":true,"is_object_key_read_only":true,"is_user_provided_path_key":true,"transfer_complete":true,"is_partitioned":false,"complete_time_ticks":1688119033002,"user_data":{},"test_doc":0,"handle":{"type":"assetfiles","key":"data_asset/utilities-demand-response-program-propensity-glossary-terms.csv","upload_id":"done","max_part_num":1},"usage":{"access_count":0,"last_accessor_id":"icp4d-dev","last_access_time":1688119033002}}]}