{"metadata":{"asset_id":"867971f0-164d-430d-8105-68553e6c0872","asset_attributes":["data_asset"],"name":"CST_PROFILES.csv","asset_type":"data_asset","created_at":"2023-06-30T09:57:12Z","description":"","origin_country":"us","owner_id":"1000331009","project_id":"5e6347a1-4383-4a4c-819a-f235d7a5b464","size":14812921,"tags":[],"usage":{"last_update_time":1688119032993,"last_updated_at":"2023-06-30T09:57:12Z"}},"entity":{"data_asset":{"mime_type":"text/csv","dataset":false}},"attachments":[{"id":"3fa565a6-bd15-49cb-a1e4-c076b7ae1161","version":2,"asset_type":"data_asset","name":"CST_PROFILES.csv","mime":"text/csv","datasource_type":"81bafdbd-b7c6-45c5-a4fd-6ec135f66f4e","object_key":"data_asset/CST_PROFILES.csv","creator_id":"icp4d-dev","create_time":1688119032944,"size":14812921,"is_remote":false,"is_managed":false,"is_referenced":true,"is_object_key_read_only":false,"is_user_provided_path_key":true,"transfer_complete":true,"is_partitioned":false,"complete_time_ticks":1688119032944,"user_data":{},"test_doc":0,"handle":{"type":"assetfiles","key":"data_asset/CST_PROFILES.csv","upload_id":"done","max_part_num":1},"usage":{"access_count":0,"last_accessor_id":"icp4d-dev","last_access_time":1688119032944}}]}