{"metadata":{"asset_id":"017f3f84-64bc-4854-8aa0-abd3880d4db9","asset_attributes":["data_asset"],"name":"utilities-demand-response-program-analytics-dashboard.zip","asset_type":"data_asset","created_at":"2023-06-30T09:57:12Z","origin_country":"us","owner_id":"1000331009","project_id":"5e6347a1-4383-4a4c-819a-f235d7a5b464","size":4531204,"usage":{"last_update_time":1688119033083,"last_updated_at":"2023-06-30T09:57:13Z"}},"entity":{"data_asset":{"mime_type":"application/zip","dataset":false}},"attachments":[{"id":"4bfbb5b2-6679-4db9-8a03-fa730ba64b49","version":2,"asset_type":"data_asset","name":"utilities-demand-response-program-analytics-dashboard.zip","mime":"application/zip","datasource_type":"81bafdbd-b7c6-45c5-a4fd-6ec135f66f4e","object_key":"data_asset/utilities-demand-response-program-analytics-dashboard.zip","creator_id":"icp4d-dev","create_time":1688119032985,"size":4531204,"is_remote":false,"is_managed":false,"is_referenced":true,"is_object_key_read_only":true,"is_user_provided_path_key":true,"transfer_complete":true,"is_partitioned":false,"complete_time_ticks":1688119032985,"user_data":{},"test_doc":0,"handle":{"type":"assetfiles","key":"data_asset/utilities-demand-response-program-analytics-dashboard.zip","upload_id":"done","max_part_num":1},"usage":{"access_count":0,"last_accessor_id":"icp4d-dev","last_access_time":1688119032985}}]}