{"metadata":{"asset_id":"1c7f6220-3cd7-4065-9d4d-543e40ab8193","asset_attributes":["data_asset"],"name":"Demand Response View Creation Query.sql","asset_type":"data_asset","created_at":"2023-06-30T09:57:13Z","description":"","origin_country":"us","owner_id":"1000331009","project_id":"5e6347a1-4383-4a4c-819a-f235d7a5b464","size":1318,"tags":[],"usage":{"last_update_time":1688119033324,"last_updated_at":"2023-06-30T09:57:13Z"}},"entity":{"data_asset":{"mime_type":"application/octet-stream","dataset":false}},"attachments":[{"id":"4f507bb6-637d-4434-962a-938ab46606dd","version":2,"asset_type":"data_asset","name":"Demand Response View Creation Query.sql","mime":"application/octet-stream","datasource_type":"81bafdbd-b7c6-45c5-a4fd-6ec135f66f4e","object_key":"data_asset/Demand Response View Creation Query.sql","creator_id":"icp4d-dev","create_time":1688119033279,"size":1318,"is_remote":false,"is_managed":false,"is_referenced":true,"is_object_key_read_only":false,"is_user_provided_path_key":true,"transfer_complete":true,"is_partitioned":false,"complete_time_ticks":1688119033279,"user_data":{},"test_doc":0,"handle":{"type":"assetfiles","key":"data_asset/Demand Response View Creation Query.sql","upload_id":"done","max_part_num":1},"usage":{"access_count":0,"last_accessor_id":"icp4d-dev","last_access_time":1688119033279}}]}