{"metadata":{"asset_id":"bc496ad7-f39b-4a8e-ae3c-ec135b1b8af5","asset_attributes":["data_asset"],"name":"Readme - Utilities Demand Response Program Propensity.pdf","asset_type":"data_asset","created_at":"2023-06-30T09:57:13Z","origin_country":"us","owner_id":"1000331009","project_id":"5e6347a1-4383-4a4c-819a-f235d7a5b464","size":84023,"usage":{"last_update_time":1688123006597,"last_updated_at":"2023-06-30T11:03:26Z"}},"entity":{"data_asset":{"mime_type":"application/pdf","dataset":false}},"attachments":[{"id":"233b501c-da5f-4647-8dbb-1ff1fd2dc0f1","version":2,"asset_type":"data_asset","name":"Readme - Utilities Demand Response Program Propensity.pdf","mime":"application/pdf","datasource_type":"81bafdbd-b7c6-45c5-a4fd-6ec135f66f4e","object_key":"data_asset/Readme - Utilities Demand Response Program Propensity.pdf","creator_id":"icp4d-dev","create_time":1688119033246,"size":84023,"is_remote":false,"is_managed":false,"is_referenced":true,"is_object_key_read_only":true,"is_user_provided_path_key":true,"transfer_complete":true,"is_partitioned":false,"complete_time_ticks":1688119033246,"user_data":{},"test_doc":0,"handle":{"type":"assetfiles","key":"data_asset/Readme - Utilities Demand Response Program Propensity.pdf","upload_id":"done","max_part_num":1},"usage":{"access_count":1,"last_accessor_id":"1000331009","last_access_time":1688123006596,"last_updater_id":"1000331009","last_update_time":1688123006596}}]}