{"metadata":{"asset_id":"8e26c54c-a171-4e63-8e35-6ecb842bbae8","asset_attributes":["data_asset"],"name":"MARITAL_STATUS.csv","asset_type":"data_asset","created_at":"2023-06-30T09:57:13Z","description":"","origin_country":"us","owner_id":"1000331009","project_id":"5e6347a1-4383-4a4c-819a-f235d7a5b464","size":73,"tags":[],"usage":{"last_update_time":1688119033409,"last_updated_at":"2023-06-30T09:57:13Z"}},"entity":{"data_asset":{"mime_type":"text/csv","dataset":false}},"attachments":[{"id":"351facfa-2118-4dda-9f56-f8b1cfab1735","version":2,"asset_type":"data_asset","name":"MARITAL_STATUS.csv","mime":"text/csv","datasource_type":"81bafdbd-b7c6-45c5-a4fd-6ec135f66f4e","object_key":"data_asset/MARITAL_STATUS.csv","creator_id":"icp4d-dev","create_time":1688119033369,"size":73,"is_remote":false,"is_managed":false,"is_referenced":true,"is_object_key_read_only":false,"is_user_provided_path_key":true,"transfer_complete":true,"is_partitioned":false,"complete_time_ticks":1688119033369,"user_data":{},"test_doc":0,"handle":{"type":"assetfiles","key":"data_asset/MARITAL_STATUS.csv","upload_id":"done","max_part_num":1},"usage":{"access_count":0,"last_accessor_id":"icp4d-dev","last_access_time":1688119033369}}]}