{"metadata":{"asset_id":"6d4781a7-7b0a-48ab-97e8-823c4ea81454","asset_attributes":["job"],"name":"1-model-training-notebook-job","asset_type":"job","created_at":"2023-06-30T09:57:16Z","origin_country":"us","owner_id":"1000331009","project_id":"5e6347a1-4383-4a4c-819a-f235d7a5b464","size":0,"usage":{"last_update_time":1688119036860,"last_updated_at":"2023-06-30T09:57:16Z"}},"entity":{"job":{"asset_ref_type":"notebook","configuration":{"env_id":"rt231py-5e6347a1-4383-4a4c-819a-f235d7a5b464","file_ref":"","entrypoint":"","run_results":"log_and_new_notebook","env_type":"notebook","env_variables":[]},"last_run_initiator":"deprecated field","last_run_time":"deprecated field","last_run_status":"deprecated field","last_run_status_timestamp":0,"future_scheduled_runs":[],"enable_notifications":true,"retention_policy":{"amount":5},"project_name":"utilities-demand-response-program-propensity-industry-accelerator","asset_ref":"6231a4ad-a978-4f47-8460-e4831261e82e","schedule_id":"","schedule_creator_id":""}}}