{"metadata":{"asset_id":"f1c8f2ae-b30e-406f-8824-8aac86f64ab5","asset_attributes":["job"],"name":"import-wkc-glossary-notebook-job","asset_type":"job","created_at":"2023-06-30T09:57:16Z","origin_country":"us","owner_id":"1000331009","project_id":"5e6347a1-4383-4a4c-819a-f235d7a5b464","size":0,"usage":{"last_update_time":1688119036859,"last_updated_at":"2023-06-30T09:57:16Z"}},"entity":{"job":{"asset_ref_type":"notebook","configuration":{"env_id":"rt231py-5e6347a1-4383-4a4c-819a-f235d7a5b464","file_ref":"","entrypoint":"","run_results":"log_and_new_notebook","env_type":"notebook","env_variables":[]},"last_run_initiator":"deprecated field","last_run_time":"deprecated field","last_run_status":"deprecated field","last_run_status_timestamp":0,"future_scheduled_runs":[],"enable_notifications":true,"retention_policy":{"amount":5},"project_name":"utilities-demand-response-program-propensity-industry-accelerator","asset_ref":"251c84b8-5a1d-42bf-9076-89cc0d6778e5","schedule_id":"","schedule_creator_id":""}}}