{"metadata":{"asset_id":"6d3f4b5c-2dc7-4470-94e9-a134e3a8f15f","asset_attributes":["job"],"name":"2-model-scoring-and-app-deployment-notebook-job","asset_type":"job","created_at":"2023-06-30T09:57:16Z","origin_country":"us","owner_id":"1000331009","project_id":"5e6347a1-4383-4a4c-819a-f235d7a5b464","size":0,"usage":{"last_update_time":1688119036862,"last_updated_at":"2023-06-30T09:57:16Z"}},"entity":{"job":{"asset_ref_type":"notebook","configuration":{"env_id":"rt231py-5e6347a1-4383-4a4c-819a-f235d7a5b464","file_ref":"","entrypoint":"","run_results":"log_and_new_notebook","env_type":"notebook","env_variables":[]},"last_run_initiator":"deprecated field","last_run_time":"deprecated field","last_run_status":"deprecated field","last_run_status_timestamp":0,"future_scheduled_runs":[],"enable_notifications":true,"retention_policy":{"amount":5},"project_name":"utilities-demand-response-program-propensity-industry-accelerator","asset_ref":"38c13304-2e58-4e2d-b321-d5f4bc859fa8","schedule_id":"","schedule_creator_id":""}}}