{"metadata":{"asset_id":"fb82072c-6129-4887-9f30-03b2d5b9a59b","asset_attributes":["job"],"name":"Prep Demand Response Data","asset_type":"job","created_at":"2023-06-30T09:57:16Z","description":"","origin_country":"us","owner_id":"1000331009","project_id":"5e6347a1-4383-4a4c-819a-f235d7a5b464","size":0,"usage":{"last_update_time":1688119036809,"last_updated_at":"2023-06-30T09:57:16Z"}},"entity":{"job":{"asset_ref_type":"data_flow","configuration":{"env_id":"shaper_rruntime","env_name":"Default Data Refinery XS","env_type":"shaper_rruntime","env_variables":[]},"last_run_initiator":"deprecated field","last_run_time":"deprecated field","last_run_status":"deprecated field","last_run_status_timestamp":0,"future_scheduled_runs":[],"enable_notifications":true,"notification_types":{"success":false,"failure":false,"warning":false},"retention_policy":{},"project_name":"utilities-demand-response-program-propensity-industry-accelerator","asset_ref":"c100c2a1-d587-41b7-b1db-2707bd64c531","schedule_id":"","schedule_creator_id":""}}}