{"metadata":{"asset_id":"38c13304-2e58-4e2d-b321-d5f4bc859fa8","asset_attributes":["notebook"],"name":"2-model-scoring-and-app-deployment","asset_type":"notebook","created_at":"2023-06-30T09:57:13Z","description":"","origin_country":"us","owner_id":"1000331009","project_id":"5e6347a1-4383-4a4c-819a-f235d7a5b464","size":21545,"tags":["notebook"],"usage":{"last_update_time":1688119033991,"last_updated_at":"2023-06-30T09:57:13Z"}},"entity":{"notebook":{"kernel":{"name":"python3","display_name":"Python 3.10","language":"python"},"originates_from":{"type":"file"},"runtime":{"environment":"rt231py-5e6347a1-4383-4a4c-819a-f235d7a5b464"}}},"attachments":[{"id":"df58016a-67f5-4877-9abe-4ebdbbc1991c","version":2,"asset_type":"notebook","name":"attachment for notebook 38c13304-2e58-4e2d-b321-d5f4bc859fa8","description":"attachment for notebook 38c13304-2e58-4e2d-b321-d5f4bc859fa8","mime":"application/json","datasource_type":"81bafdbd-b7c6-45c5-a4fd-6ec135f66f4e","object_key":"notebook/2-model_scoring_and_app_deployment_BQJ9Rp1lr.ipynb","creator_id":"1000331009","create_time":1688119033680,"size":21545,"is_remote":false,"is_managed":false,"is_referenced":true,"is_object_key_read_only":false,"is_user_provided_path_key":true,"transfer_complete":true,"is_partitioned":false,"complete_time_ticks":1688119033680,"user_data":{},"test_doc":0,"handle":{"type":"assetfiles","key":"notebook/2-model_scoring_and_app_deployment_BQJ9Rp1lr.ipynb","upload_id":"done","max_part_num":1},"usage":{"access_count":0,"last_accessor_id":"1000331009","last_access_time":1688119033680}}]}