{"metadata":{"asset_id":"6231a4ad-a978-4f47-8460-e4831261e82e","asset_attributes":["notebook"],"name":"1-model-training","asset_type":"notebook","created_at":"2023-06-30T09:57:13Z","description":"","origin_country":"us","owner_id":"1000331009","project_id":"5e6347a1-4383-4a4c-819a-f235d7a5b464","size":779946,"tags":["notebook"],"usage":{"last_update_time":1688119033986,"last_updated_at":"2023-06-30T09:57:13Z"}},"entity":{"notebook":{"kernel":{"name":"python3","display_name":"Python 3.10","language":"python"},"originates_from":{"type":"file"},"runtime":{"environment":"rt231py-5e6347a1-4383-4a4c-819a-f235d7a5b464"}}},"attachments":[{"id":"6c4d09a6-89ae-4918-a05d-6e97116d3a77","version":2,"asset_type":"notebook","name":"attachment for notebook 6231a4ad-a978-4f47-8460-e4831261e82e","description":"attachment for notebook 6231a4ad-a978-4f47-8460-e4831261e82e","mime":"application/json","datasource_type":"81bafdbd-b7c6-45c5-a4fd-6ec135f66f4e","object_key":"notebook/1-model-training_ENk1d2TSe.ipynb","creator_id":"1000331009","create_time":1688119033681,"size":779946,"is_remote":false,"is_managed":false,"is_referenced":true,"is_object_key_read_only":false,"is_user_provided_path_key":true,"transfer_complete":true,"is_partitioned":false,"complete_time_ticks":1688119033681,"user_data":{},"test_doc":0,"handle":{"type":"assetfiles","key":"notebook/1-model-training_ENk1d2TSe.ipynb","upload_id":"done","max_part_num":1},"usage":{"access_count":0,"last_accessor_id":"1000331009","last_access_time":1688119033681}}]}