{"metadata":{"asset_id":"6b7b19a2-9ed4-4eb0-b26c-2f46ddb22972","asset_attributes":["shiny_asset"],"name":"utilities-demand-response-program-propensity-analytics-dashboard","asset_type":"shiny_asset","created_at":"2023-06-30T09:57:13Z","description":"Shiny asset created in RStudio and pulled via git","origin_country":"us","owner_id":"1000331009","project_id":"5e6347a1-4383-4a4c-819a-f235d7a5b464","size":5303719,"tags":[],"usage":{"last_update_time":1688119033647,"last_updated_at":"2023-06-30T09:57:13Z"}},"entity":{},"attachments":[{"id":"b3f77ce5-bf50-482b-bed8-d9164f4a7839","version":2,"asset_type":"shiny_asset","name":"utilities-demand-response-program-propensity-analytics-dashboard","datasource_type":"81bafdbd-b7c6-45c5-a4fd-6ec135f66f4e","object_key":"shiny_app/utilities-demand-response-program-propensity-analytics-dashboard.zip","creator_id":"icp4d-dev","create_time":1688119033605,"size":5303719,"is_remote":false,"is_managed":false,"is_referenced":true,"is_object_key_read_only":false,"is_user_provided_path_key":true,"transfer_complete":true,"is_partitioned":false,"complete_time_ticks":1688119033605,"user_data":{},"test_doc":0,"handle":{"type":"assetfiles","key":"shiny_app/utilities-demand-response-program-propensity-analytics-dashboard.zip","upload_id":"done","max_part_num":1},"usage":{"access_count":0,"last_accessor_id":"icp4d-dev","last_access_time":1688119033605}}]}