{"metadata":{"asset_id":"90558baa-bd6d-4b73-bbbb-3641a2a8eed7","asset_attributes":["data_asset"],"name":"Readme - Insurance Loss Estimation using Remote Sensing.pdf","asset_type":"data_asset","created_at":"2023-05-17T09:33:44Z","description":"","origin_country":"us","owner_id":"1000331035","project_id":"8a482aa7-1e54-4a09-abc7-e427e58d747c","size":0,"tags":[],"usage":{"last_update_time":1684316024169,"last_updated_at":"2023-05-17T09:33:44Z"}},"entity":{"data_asset":{"mime_type":"application/pdf","dataset":false}}}