{"metadata":{"asset_id":"b245dbb7-6c58-41d0-8236-bd58de5caae4","asset_attributes":["data_asset"],"name":"insurance-loss-estimation-using-remote-sensing-analytics-dashboard.zip","asset_type":"data_asset","created_at":"2023-05-17T09:33:43Z","origin_country":"us","owner_id":"1000331035","project_id":"8a482aa7-1e54-4a09-abc7-e427e58d747c","size":5517219,"usage":{"last_update_time":1684316023972,"last_updated_at":"2023-05-17T09:33:43Z"}},"entity":{"data_asset":{"mime_type":"application/zip","dataset":false}},"attachments":[{"id":"976ce9e3-08b2-497c-b9b6-9ce29bb5728b","version":2,"asset_type":"data_asset","name":"insurance-loss-estimation-using-remote-sensing-analytics-dashboard.zip","mime":"application/zip","datasource_type":"81bafdbd-b7c6-45c5-a4fd-6ec135f66f4e","object_key":"data_asset/insurance-loss-estimation-using-remote-sensing-analytics-dashboard.zip","creator_id":"icp4d-dev","create_time":1684316023929,"size":5517219,"is_remote":false,"is_managed":false,"is_referenced":true,"is_object_key_read_only":true,"is_user_provided_path_key":true,"transfer_complete":true,"is_partitioned":false,"complete_time_ticks":1684316023929,"user_data":{},"test_doc":0,"handle":{"type":"assetfiles","key":"data_asset/insurance-loss-estimation-using-remote-sensing-analytics-dashboard.zip","upload_id":"done","max_part_num":1},"usage":{"access_count":0,"last_accessor_id":"icp4d-dev","last_access_time":1684316023929}}]}