{"metadata":{"asset_id":"72a6b0af-e42b-458c-8c17-d74eeec4b502","asset_attributes":["data_asset"],"name":"insurance-loss-estimation-using-remote-sensing-data-map-terms.csv","asset_type":"data_asset","created_at":"2023-05-17T09:33:43Z","description":"","origin_country":"us","owner_id":"1000331035","project_id":"8a482aa7-1e54-4a09-abc7-e427e58d747c","size":5351,"tags":[],"usage":{"last_update_time":1684316023923,"last_updated_at":"2023-05-17T09:33:43Z"}},"entity":{"data_asset":{"mime_type":"text/csv","dataset":false}},"attachments":[{"id":"6a1b0b57-2d2d-4c98-9608-3cb75dc967a6","version":2,"asset_type":"data_asset","name":"insurance-loss-estimation-using-remote-sensing-data-map-terms.csv","mime":"text/csv","datasource_type":"81bafdbd-b7c6-45c5-a4fd-6ec135f66f4e","object_key":"data_asset/insurance-loss-estimation-using-remote-sensing-data-map-terms.csv","creator_id":"icp4d-dev","create_time":1684316023866,"size":5351,"is_remote":false,"is_managed":false,"is_referenced":true,"is_object_key_read_only":false,"is_user_provided_path_key":true,"transfer_complete":true,"is_partitioned":false,"complete_time_ticks":1684316023866,"user_data":{},"test_doc":0,"handle":{"type":"assetfiles","key":"data_asset/insurance-loss-estimation-using-remote-sensing-data-map-terms.csv","upload_id":"done","max_part_num":1},"usage":{"access_count":0,"last_accessor_id":"icp4d-dev","last_access_time":1684316023866}}]}