{"metadata":{"asset_id":"f4cb7b49-c8ce-47b2-aadd-e494bd1e74a9","asset_attributes":["data_asset"],"name":"Remote Sensing Output.csv","asset_type":"data_asset","created_at":"2023-05-17T09:33:44Z","description":"","origin_country":"us","owner_id":"1000331035","project_id":"8a482aa7-1e54-4a09-abc7-e427e58d747c","size":918725,"tags":[],"usage":{"last_update_time":1685023834897,"last_updated_at":"2023-05-25T14:10:34Z"}},"entity":{"data_asset":{"mime_type":"text/csv","dataset":false}},"attachments":[{"id":"fae11de3-c4c8-4304-98da-39ccce0e4972","version":2,"asset_type":"data_asset","name":"Remote Sensing Output.csv","mime":"text/csv","datasource_type":"81bafdbd-b7c6-45c5-a4fd-6ec135f66f4e","object_key":"data_asset/Remote Sensing Output.csv","creator_id":"icp4d-dev","create_time":1684316024189,"size":918725,"is_remote":false,"is_managed":false,"is_referenced":true,"is_object_key_read_only":false,"is_user_provided_path_key":true,"transfer_complete":true,"is_partitioned":false,"complete_time_ticks":1684316024189,"user_data":{},"test_doc":0,"handle":{"type":"assetfiles","key":"data_asset/Remote Sensing Output.csv","upload_id":"done","max_part_num":1},"usage":{"access_count":3,"last_accessor_id":"1000330999","last_access_time":1685023834895,"last_updater_id":"1000330999","last_update_time":1685023834895}}]}