{"metadata":{"asset_id":"519e4d87-f479-423a-b538-516423e1dab9","asset_attributes":["data_asset"],"name":"b03_after.tif","asset_type":"data_asset","created_at":"2023-05-17T09:33:43Z","description":"","origin_country":"us","owner_id":"1000331035","project_id":"8a482aa7-1e54-4a09-abc7-e427e58d747c","size":703918,"tags":[],"usage":{"last_update_time":1684316023962,"last_updated_at":"2023-05-17T09:33:43Z"}},"entity":{"data_asset":{"mime_type":"image/x-tiff","dataset":false}},"attachments":[{"id":"717035ab-c9bf-4b55-a208-18da3aeaea98","version":2,"asset_type":"data_asset","name":"b03_after.tif","mime":"image/x-tiff","datasource_type":"81bafdbd-b7c6-45c5-a4fd-6ec135f66f4e","object_key":"data_asset/b03_after.tif","creator_id":"icp4d-dev","create_time":1684316023892,"size":703918,"is_remote":false,"is_managed":false,"is_referenced":true,"is_object_key_read_only":false,"is_user_provided_path_key":true,"transfer_complete":true,"is_partitioned":false,"complete_time_ticks":1684316023892,"user_data":{},"test_doc":0,"handle":{"type":"assetfiles","key":"data_asset/b03_after.tif","upload_id":"done","max_part_num":1},"usage":{"access_count":0,"last_accessor_id":"icp4d-dev","last_access_time":1684316023892}}]}