{"metadata":{"asset_id":"d51f5af0-d1e0-49e2-9908-f62bba61ae38","asset_attributes":["data_asset"],"name":"Insurance Loss Claims.csv","asset_type":"data_asset","created_at":"2023-05-17T09:33:44Z","description":"","origin_country":"us","owner_id":"1000331035","project_id":"8a482aa7-1e54-4a09-abc7-e427e58d747c","size":2075141,"tags":[],"usage":{"last_update_time":1684316024228,"last_updated_at":"2023-05-17T09:33:44Z"}},"entity":{"data_asset":{"mime_type":"text/csv","dataset":false}},"attachments":[{"id":"d5aa0878-eeb9-41c3-b325-2d93ec5320b8","version":2,"asset_type":"data_asset","name":"Insurance Loss Claims.csv","mime":"text/csv","datasource_type":"81bafdbd-b7c6-45c5-a4fd-6ec135f66f4e","object_key":"data_asset/Insurance Loss Claims.csv","creator_id":"icp4d-dev","create_time":1684316024189,"size":2075141,"is_remote":false,"is_managed":false,"is_referenced":true,"is_object_key_read_only":false,"is_user_provided_path_key":true,"transfer_complete":true,"is_partitioned":false,"complete_time_ticks":1684316024189,"user_data":{},"test_doc":0,"handle":{"type":"assetfiles","key":"data_asset/Insurance Loss Claims.csv","upload_id":"done","max_part_num":1},"usage":{"access_count":0,"last_accessor_id":"icp4d-dev","last_access_time":1684316024189}}]}