{"metadata":{"asset_id":"05234ad4-8f81-4a35-947b-50202ffa03f5","asset_attributes":["data_asset"],"name":"b08_after.tif","asset_type":"data_asset","created_at":"2023-05-17T09:33:43Z","description":"","origin_country":"us","owner_id":"1000331035","project_id":"8a482aa7-1e54-4a09-abc7-e427e58d747c","size":769046,"tags":[],"usage":{"last_update_time":1684316024026,"last_updated_at":"2023-05-17T09:33:44Z"}},"entity":{"data_asset":{"mime_type":"image/x-tiff","dataset":false}},"attachments":[{"id":"4edffd8f-3c6c-4c97-8d15-7c2899865bf4","version":2,"asset_type":"data_asset","name":"b08_after.tif","mime":"image/x-tiff","datasource_type":"81bafdbd-b7c6-45c5-a4fd-6ec135f66f4e","object_key":"data_asset/b08_after.tif","creator_id":"icp4d-dev","create_time":1684316023941,"size":769046,"is_remote":false,"is_managed":false,"is_referenced":true,"is_object_key_read_only":false,"is_user_provided_path_key":true,"transfer_complete":true,"is_partitioned":false,"complete_time_ticks":1684316023941,"user_data":{},"test_doc":0,"handle":{"type":"assetfiles","key":"data_asset/b08_after.tif","upload_id":"done","max_part_num":1},"usage":{"access_count":0,"last_accessor_id":"icp4d-dev","last_access_time":1684316023941}}]}