{"metadata":{"asset_id":"8ec7f52d-3c8a-4f0b-93ab-18124df62715","asset_attributes":["job"],"name":"2-model-training-and-deployments-notebook-job","asset_type":"job","created_at":"2023-05-17T09:33:46Z","origin_country":"us","owner_id":"1000331035","project_id":"8a482aa7-1e54-4a09-abc7-e427e58d747c","size":0,"usage":{"last_update_time":1684316026707,"last_updated_at":"2023-05-17T09:33:46Z"}},"entity":{"job":{"asset_ref_type":"notebook","configuration":{"env_id":"rt231py-8a482aa7-1e54-4a09-abc7-e427e58d747c","file_ref":"","entrypoint":"","run_results":"log_and_new_notebook","env_type":"notebook","env_variables":[]},"last_run_initiator":"deprecated field","last_run_time":"deprecated field","last_run_status":"deprecated field","last_run_status_timestamp":0,"future_scheduled_runs":[],"enable_notifications":true,"project_name":"Insurance-Loss-Estimation-using-remote-sensing-data","asset_ref":"a7322e35-ff0f-495d-b2c0-fbd005b88ce3","schedule_id":"","schedule_creator_id":""}}}