{"metadata":{"asset_id":"a7322e35-ff0f-495d-b2c0-fbd005b88ce3","asset_attributes":["notebook"],"name":"2-model-training-and-deployments","asset_type":"notebook","created_at":"2023-05-17T09:33:44Z","description":"","origin_country":"us","owner_id":"1000331035","project_id":"8a482aa7-1e54-4a09-abc7-e427e58d747c","size":1407637,"tags":["notebook"],"usage":{"last_update_time":1684316024918,"last_updated_at":"2023-05-17T09:33:44Z"}},"entity":{"notebook":{"kernel":{"name":"python3","display_name":"Python 3.10","language":"python"},"originates_from":{"type":"file"},"runtime":{"environment":"rt231py-8a482aa7-1e54-4a09-abc7-e427e58d747c"}}},"attachments":[{"id":"9679aa78-5d8b-49f3-ad34-81af76963718","version":2,"asset_type":"notebook","name":"attachment for notebook a7322e35-ff0f-495d-b2c0-fbd005b88ce3","description":"attachment for notebook a7322e35-ff0f-495d-b2c0-fbd005b88ce3","mime":"application/json","datasource_type":"81bafdbd-b7c6-45c5-a4fd-6ec135f66f4e","object_key":"notebook/2-model-training-and-deployments_YKr8OxfG1.ipynb","creator_id":"1000331035","create_time":1684316024389,"size":1407637,"is_remote":false,"is_managed":false,"is_referenced":true,"is_object_key_read_only":false,"is_user_provided_path_key":true,"transfer_complete":true,"is_partitioned":false,"complete_time_ticks":1684316024389,"user_data":{},"test_doc":0,"handle":{"type":"assetfiles","key":"notebook/2-model-training-and-deployments_YKr8OxfG1.ipynb","upload_id":"done","max_part_num":1},"usage":{"access_count":0,"last_accessor_id":"1000331035","last_access_time":1684316024389}}]}