{"metadata":{"asset_id":"e57e39a6-9873-4722-9d14-14196e51b2f6","asset_attributes":["notebook"],"name":"1-impact-region-analysis-with-remote-sensing","asset_type":"notebook","created_at":"2023-05-17T09:33:44Z","description":"","origin_country":"us","owner_id":"1000331035","project_id":"8a482aa7-1e54-4a09-abc7-e427e58d747c","size":548979,"tags":["notebook"],"usage":{"last_update_time":1684944462541,"last_updated_at":"2023-05-24T16:07:42Z"}},"entity":{"notebook":{"kernel":{"name":"python39","language":"python3","version":"3.9","display_name":"Python 3.9 with Spark"},"originates_from":{"type":"file"},"runtime":{"environment":"spark33py39-8a482aa7-1e54-4a09-abc7-e427e58d747c"}}},"attachments":[{"id":"e6ce7acc-7969-49d9-9e14-a0895222f2b5","version":2,"asset_type":"notebook","name":"attachment for notebook e57e39a6-9873-4722-9d14-14196e51b2f6","description":"attachment for notebook e57e39a6-9873-4722-9d14-14196e51b2f6","mime":"application/json","datasource_type":"81bafdbd-b7c6-45c5-a4fd-6ec135f66f4e","object_key":"notebook/1-impact-region-analysis-with-remote-sensing_BB0iAVBWc.ipynb","creator_id":"1000331035","create_time":1684316024402,"size":548979,"is_remote":false,"is_managed":false,"is_referenced":true,"is_object_key_read_only":false,"is_user_provided_path_key":true,"transfer_complete":true,"is_partitioned":false,"complete_time_ticks":1684316024402,"user_data":{},"test_doc":0,"handle":{"type":"assetfiles","key":"notebook/1-impact-region-analysis-with-remote-sensing_BB0iAVBWc.ipynb","upload_id":"done","max_part_num":1},"usage":{"access_count":1,"last_accessor_id":"1000331035","last_access_time":1684317258821,"last_updater_id":"1000331035","last_update_time":1684317258821}}]}