{"metadata":{"asset_id":"b3198cc9-fc37-4272-8687-56a832c3dec0","asset_attributes":["shiny_asset"],"name":"Insurance-Loss-Estimation-Using-Remote-Sensing-Dashboard","asset_type":"shiny_asset","created_at":"2023-05-17T09:33:44Z","description":"Shiny asset created in RStudio and pulled via git","origin_country":"us","owner_id":"1000331035","project_id":"8a482aa7-1e54-4a09-abc7-e427e58d747c","size":5593915,"tags":[],"usage":{"last_update_time":1684316024381,"last_updated_at":"2023-05-17T09:33:44Z"}},"entity":{},"attachments":[{"id":"ed7aeab4-d00a-486b-a58f-9a30c56406dd","version":2,"asset_type":"shiny_asset","name":"Insurance-Loss-Estimation-Using-Remote-Sensing-Dashboard","datasource_type":"81bafdbd-b7c6-45c5-a4fd-6ec135f66f4e","object_key":"shiny_app/Insurance-Loss-Estimation-Using-Remote-Sensing-Dashboard.zip","creator_id":"icp4d-dev","create_time":1684316024344,"size":5593915,"is_remote":false,"is_managed":false,"is_referenced":true,"is_object_key_read_only":false,"is_user_provided_path_key":true,"transfer_complete":true,"is_partitioned":false,"complete_time_ticks":1684316024344,"user_data":{},"test_doc":0,"handle":{"type":"assetfiles","key":"shiny_app/Insurance-Loss-Estimation-Using-Remote-Sensing-Dashboard.zip","upload_id":"done","max_part_num":1},"usage":{"access_count":0,"last_accessor_id":"icp4d-dev","last_access_time":1684316024344}}]}