Business Terms,Column_header,File
STATION,STATION,jfk_weather
STATION_NAME,STATION_NAME,jfk_weather
ELEVATION,ELEVATION,jfk_weather
LATITUDE,LATITUDE,jfk_weather
LONGITUDE,LONGITUDE,jfk_weather
DATE,DATE,jfk_weather
REPORTTPYE,REPORTTPYE,jfk_weather
HOURLYSKYCONDITIONS,HOURLYSKYCONDITIONS,jfk_weather
HOURLYVISIBILITY,HOURLYVISIBILITY,jfk_weather
HOURLYPRSENTWEATHERTYPE,HOURLYPRSENTWEATHERTYPE,jfk_weather
HOURLYDRYBULBTEMPF,HOURLYDRYBULBTEMPF,jfk_weather
HOURLYDRYBULBTEMPC,HOURLYDRYBULBTEMPC,jfk_weather
HOURLYWETBULBTEMPF,HOURLYWETBULBTEMPF,jfk_weather
HOURLYWETBULBTEMPC,HOURLYWETBULBTEMPC,jfk_weather
HOURLYDewPointTempF,HOURLYDewPointTempF,jfk_weather
HOURLYDewPointTempC,HOURLYDewPointTempC,jfk_weather
HOURLYRelativeHumidity,HOURLYRelativeHumidity,jfk_weather
HOURLYWindSpeed,HOURLYWindSpeed,jfk_weather
HOURLYWindDirection,HOURLYWindDirection,jfk_weather
HOURLYWindGustSpeed,HOURLYWindGustSpeed,jfk_weather
HOURLYStationPressure,HOURLYStationPressure,jfk_weather
HOURLYPressureTendency,HOURLYPressureTendency,jfk_weather
HOURLYPressureChange,HOURLYPressureChange,jfk_weather
HOURLYSeaLevelPressure,HOURLYSeaLevelPressure,jfk_weather
HOURLYPrecip,HOURLYPrecip,jfk_weather
HOURLYAltimeterSetting,HOURLYAltimeterSetting,jfk_weather
DAILYMaximumDryBulbTemp,DAILYMaximumDryBulbTemp,jfk_weather
DAILYMinimumDryBulbTemp,DAILYMinimumDryBulbTemp,jfk_weather
DAILYAverageDryBulbTemp,DAILYAverageDryBulbTemp,jfk_weather
DAILYDeptFromNormalAverageTemp,DAILYDeptFromNormalAverageTemp,jfk_weather
DAILYAverageRelativeHumidity,DAILYAverageRelativeHumidity,jfk_weather
DAILYAverageDewPointTemp,DAILYAverageDewPointTemp,jfk_weather
DAILYAverageWetBulbTemp,DAILYAverageWetBulbTemp,jfk_weather
DAILYHeatingDegreeDays,DAILYHeatingDegreeDays,jfk_weather
DAILYCoolingDegreeDays,DAILYCoolingDegreeDays,jfk_weather
DAILYSunrise,DAILYSunrise,jfk_weather
DAILYSunset,DAILYSunset,jfk_weather
DAILYWeather,DAILYWeather,jfk_weather
DAILYPrecip,DAILYPrecip,jfk_weather
DAILYSnowfall,DAILYSnowfall,jfk_weather
DAILYSnowDepth,DAILYSnowDepth,jfk_weather
DAILYAverageStationPressure,DAILYAverageStationPressure,jfk_weather
DAILYAverageSeaLevelPressure,DAILYAverageSeaLevelPressure,jfk_weather
DAILYAverageWindSpeed,DAILYAverageWindSpeed,jfk_weather
DAILYPeakWindSpeed,DAILYPeakWindSpeed,jfk_weather
PeakWindDirection,PeakWindDirection,jfk_weather
DAILYSustainedWindSpeed,DAILYSustainedWindSpeed,jfk_weather
DAILYSustainedWindDirection,DAILYSustainedWindDirection,jfk_weather
MonthlyMaximumTemp,MonthlyMaximumTemp,jfk_weather
MonthlyMinimumTemp,MonthlyMinimumTemp,jfk_weather
MonthlyMeanTemp,MonthlyMeanTemp,jfk_weather
MonthlyAverageRH,MonthlyAverageRH,jfk_weather
MonthlyDewpointTemp,MonthlyDewpointTemp,jfk_weather
MonthlyWetBulbTemp,MonthlyWetBulbTemp,jfk_weather
MonthlyAvgHeatingDegreeDays,MonthlyAvgHeatingDegreeDays,jfk_weather
MonthlyAvgCoolingDegreeDays,MonthlyAvgCoolingDegreeDays,jfk_weather
MonthlyStationPressure,MonthlyStationPressure,jfk_weather
MonthlySeaLevelPressure,MonthlySeaLevelPressure,jfk_weather
MonthlyAverageWindSpeed,MonthlyAverageWindSpeed,jfk_weather
MonthlyTotalSnowfall,MonthlyTotalSnowfall,jfk_weather
MonthlyDeptFromNormalMaximumTemp,MonthlyDeptFromNormalMaximumTemp,jfk_weather
MonthlyDeptFromNormalMinimumTemp,MonthlyDeptFromNormalMinimumTemp,jfk_weather
MonthlyDeptFromNormalAverageTemp,MonthlyDeptFromNormalAverageTemp,jfk_weather
MonthlyDeptFromNormalPrecip,MonthlyDeptFromNormalPrecip,jfk_weather
MonthlyTotalLiquidPrecip,MonthlyTotalLiquidPrecip,jfk_weather
MonthlyGreatestPrecip,MonthlyGreatestPrecip,jfk_weather
MonthlyGreatestPrecipDate,MonthlyGreatestPrecipDate,jfk_weather
MonthlyGreatestSnowfall,MonthlyGreatestSnowfall,jfk_weather
MonthlyGreatestSnowfallDate,MonthlyGreatestSnowfallDate,jfk_weather
MonthlyGreatestSnowDepth,MonthlyGreatestSnowDepth,jfk_weather
MonthlyGreatestSnowDepthDate,MonthlyGreatestSnowDepthDate,jfk_weather
MonthlyDaysWithGT90Temp,MonthlyDaysWithGT90Temp,jfk_weather
MonthlyDaysWithLT32Temp,MonthlyDaysWithLT32Temp,jfk_weather
MonthlyDaysWithGT32Temp,MonthlyDaysWithGT32Temp,jfk_weather
MonthlyDaysWithLT0Temp,MonthlyDaysWithLT0Temp,jfk_weather
MonthlyDaysWithGT001Precip,MonthlyDaysWithGT001Precip,jfk_weather
MonthlyDaysWithGT010Precip,MonthlyDaysWithGT010Precip,jfk_weather
MonthlyDaysWithGT1Snow,MonthlyDaysWithGT1Snow,jfk_weather
MonthlyMaxSeaLevelPressureValue,MonthlyMaxSeaLevelPressureValue,jfk_weather
MonthlyMaxSeaLevelPressureDate,MonthlyMaxSeaLevelPressureDate,jfk_weather
MonthlyMaxSeaLevelPressureTime,MonthlyMaxSeaLevelPressureTime,jfk_weather
MonthlyMinSeaLevelPressureValue,MonthlyMinSeaLevelPressureValue,jfk_weather
MonthlyMinSeaLevelPressureDate,MonthlyMinSeaLevelPressureDate,jfk_weather
MonthlyMinSeaLevelPressureTime,MonthlyMinSeaLevelPressureTime,jfk_weather
MonthlyTotalHeatingDegreeDays,MonthlyTotalHeatingDegreeDays,jfk_weather
MonthlyTotalCoolingDegreeDays,MonthlyTotalCoolingDegreeDays,jfk_weather
MonthlyDeptFromNormalHeatingDD,MonthlyDeptFromNormalHeatingDD,jfk_weather
MonthlyDeptFromNormalCoolingDD,MonthlyDeptFromNormalCoolingDD,jfk_weather
MonthlyTotalSeasonToDateHeatingDD,MonthlyTotalSeasonToDateHeatingDD,jfk_weather
MonthlyTotalSeasonToDateCoolingDD,MonthlyTotalSeasonToDateCoolingDD,jfk_weather
