Description,Name,Artifact Type,Related Terms,Category
STATION,STATION,glossary_term,jfk_weather,Effective Farming - Monitor Crop Growth
STATION_NAME,STATION_NAME,glossary_term,jfk_weather,Effective Farming - Monitor Crop Growth
ELEVATION,ELEVATION,glossary_term,jfk_weather,Effective Farming - Monitor Crop Growth
LATITUDE,LATITUDE,glossary_term,jfk_weather,Effective Farming - Monitor Crop Growth
LONGITUDE,LONGITUDE,glossary_term,jfk_weather,Effective Farming - Monitor Crop Growth
DATE,DATE,glossary_term,jfk_weather,Effective Farming - Monitor Crop Growth
REPORTTPYE,REPORTTPYE,glossary_term,jfk_weather,Effective Farming - Monitor Crop Growth
HOURLYSKYCONDITIONS,HOURLYSKYCONDITIONS,glossary_term,jfk_weather,Effective Farming - Monitor Crop Growth
HOURLYVISIBILITY,HOURLYVISIBILITY,glossary_term,jfk_weather,Effective Farming - Monitor Crop Growth
HOURLYPRSENTWEATHERTYPE,HOURLYPRSENTWEATHERTYPE,glossary_term,jfk_weather,Effective Farming - Monitor Crop Growth
HOURLYDRYBULBTEMPF,HOURLYDRYBULBTEMPF,glossary_term,jfk_weather,Effective Farming - Monitor Crop Growth
HOURLYDRYBULBTEMPC,HOURLYDRYBULBTEMPC,glossary_term,jfk_weather,Effective Farming - Monitor Crop Growth
HOURLYWETBULBTEMPF,HOURLYWETBULBTEMPF,glossary_term,jfk_weather,Effective Farming - Monitor Crop Growth
HOURLYWETBULBTEMPC,HOURLYWETBULBTEMPC,glossary_term,jfk_weather,Effective Farming - Monitor Crop Growth
HOURLYDewPointTempF,HOURLYDewPointTempF,glossary_term,jfk_weather,Effective Farming - Monitor Crop Growth
HOURLYDewPointTempC,HOURLYDewPointTempC,glossary_term,jfk_weather,Effective Farming - Monitor Crop Growth
HOURLYRelativeHumidity,HOURLYRelativeHumidity,glossary_term,jfk_weather,Effective Farming - Monitor Crop Growth
HOURLYWindSpeed,HOURLYWindSpeed,glossary_term,jfk_weather,Effective Farming - Monitor Crop Growth
HOURLYWindDirection,HOURLYWindDirection,glossary_term,jfk_weather,Effective Farming - Monitor Crop Growth
HOURLYWindGustSpeed,HOURLYWindGustSpeed,glossary_term,jfk_weather,Effective Farming - Monitor Crop Growth
HOURLYStationPressure,HOURLYStationPressure,glossary_term,jfk_weather,Effective Farming - Monitor Crop Growth
HOURLYPressureTendency,HOURLYPressureTendency,glossary_term,jfk_weather,Effective Farming - Monitor Crop Growth
HOURLYPressureChange,HOURLYPressureChange,glossary_term,jfk_weather,Effective Farming - Monitor Crop Growth
HOURLYSeaLevelPressure,HOURLYSeaLevelPressure,glossary_term,jfk_weather,Effective Farming - Monitor Crop Growth
HOURLYPrecip,HOURLYPrecip,glossary_term,jfk_weather,Effective Farming - Monitor Crop Growth
HOURLYAltimeterSetting,HOURLYAltimeterSetting,glossary_term,jfk_weather,Effective Farming - Monitor Crop Growth
DAILYMaximumDryBulbTemp,DAILYMaximumDryBulbTemp,glossary_term,jfk_weather,Effective Farming - Monitor Crop Growth
DAILYMinimumDryBulbTemp,DAILYMinimumDryBulbTemp,glossary_term,jfk_weather,Effective Farming - Monitor Crop Growth
DAILYAverageDryBulbTemp,DAILYAverageDryBulbTemp,glossary_term,jfk_weather,Effective Farming - Monitor Crop Growth
DAILYDeptFromNormalAverageTemp,DAILYDeptFromNormalAverageTemp,glossary_term,jfk_weather,Effective Farming - Monitor Crop Growth
DAILYAverageRelativeHumidity,DAILYAverageRelativeHumidity,glossary_term,jfk_weather,Effective Farming - Monitor Crop Growth
DAILYAverageDewPointTemp,DAILYAverageDewPointTemp,glossary_term,jfk_weather,Effective Farming - Monitor Crop Growth
DAILYAverageWetBulbTemp,DAILYAverageWetBulbTemp,glossary_term,jfk_weather,Effective Farming - Monitor Crop Growth
DAILYHeatingDegreeDays,DAILYHeatingDegreeDays,glossary_term,jfk_weather,Effective Farming - Monitor Crop Growth
DAILYCoolingDegreeDays,DAILYCoolingDegreeDays,glossary_term,jfk_weather,Effective Farming - Monitor Crop Growth
DAILYSunrise,DAILYSunrise,glossary_term,jfk_weather,Effective Farming - Monitor Crop Growth
DAILYSunset,DAILYSunset,glossary_term,jfk_weather,Effective Farming - Monitor Crop Growth
DAILYWeather,DAILYWeather,glossary_term,jfk_weather,Effective Farming - Monitor Crop Growth
DAILYPrecip,DAILYPrecip,glossary_term,jfk_weather,Effective Farming - Monitor Crop Growth
DAILYSnowfall,DAILYSnowfall,glossary_term,jfk_weather,Effective Farming - Monitor Crop Growth
DAILYSnowDepth,DAILYSnowDepth,glossary_term,jfk_weather,Effective Farming - Monitor Crop Growth
DAILYAverageStationPressure,DAILYAverageStationPressure,glossary_term,jfk_weather,Effective Farming - Monitor Crop Growth
DAILYAverageSeaLevelPressure,DAILYAverageSeaLevelPressure,glossary_term,jfk_weather,Effective Farming - Monitor Crop Growth
DAILYAverageWindSpeed,DAILYAverageWindSpeed,glossary_term,jfk_weather,Effective Farming - Monitor Crop Growth
DAILYPeakWindSpeed,DAILYPeakWindSpeed,glossary_term,jfk_weather,Effective Farming - Monitor Crop Growth
PeakWindDirection,PeakWindDirection,glossary_term,jfk_weather,Effective Farming - Monitor Crop Growth
DAILYSustainedWindSpeed,DAILYSustainedWindSpeed,glossary_term,jfk_weather,Effective Farming - Monitor Crop Growth
DAILYSustainedWindDirection,DAILYSustainedWindDirection,glossary_term,jfk_weather,Effective Farming - Monitor Crop Growth
MonthlyMaximumTemp,MonthlyMaximumTemp,glossary_term,jfk_weather,Effective Farming - Monitor Crop Growth
MonthlyMinimumTemp,MonthlyMinimumTemp,glossary_term,jfk_weather,Effective Farming - Monitor Crop Growth
MonthlyMeanTemp,MonthlyMeanTemp,glossary_term,jfk_weather,Effective Farming - Monitor Crop Growth
MonthlyAverageRH,MonthlyAverageRH,glossary_term,jfk_weather,Effective Farming - Monitor Crop Growth
MonthlyDewpointTemp,MonthlyDewpointTemp,glossary_term,jfk_weather,Effective Farming - Monitor Crop Growth
MonthlyWetBulbTemp,MonthlyWetBulbTemp,glossary_term,jfk_weather,Effective Farming - Monitor Crop Growth
MonthlyAvgHeatingDegreeDays,MonthlyAvgHeatingDegreeDays,glossary_term,jfk_weather,Effective Farming - Monitor Crop Growth
MonthlyAvgCoolingDegreeDays,MonthlyAvgCoolingDegreeDays,glossary_term,jfk_weather,Effective Farming - Monitor Crop Growth
MonthlyStationPressure,MonthlyStationPressure,glossary_term,jfk_weather,Effective Farming - Monitor Crop Growth
MonthlySeaLevelPressure,MonthlySeaLevelPressure,glossary_term,jfk_weather,Effective Farming - Monitor Crop Growth
MonthlyAverageWindSpeed,MonthlyAverageWindSpeed,glossary_term,jfk_weather,Effective Farming - Monitor Crop Growth
MonthlyTotalSnowfall,MonthlyTotalSnowfall,glossary_term,jfk_weather,Effective Farming - Monitor Crop Growth
MonthlyDeptFromNormalMaximumTemp,MonthlyDeptFromNormalMaximumTemp,glossary_term,jfk_weather,Effective Farming - Monitor Crop Growth
MonthlyDeptFromNormalMinimumTemp,MonthlyDeptFromNormalMinimumTemp,glossary_term,jfk_weather,Effective Farming - Monitor Crop Growth
MonthlyDeptFromNormalAverageTemp,MonthlyDeptFromNormalAverageTemp,glossary_term,jfk_weather,Effective Farming - Monitor Crop Growth
MonthlyDeptFromNormalPrecip,MonthlyDeptFromNormalPrecip,glossary_term,jfk_weather,Effective Farming - Monitor Crop Growth
MonthlyTotalLiquidPrecip,MonthlyTotalLiquidPrecip,glossary_term,jfk_weather,Effective Farming - Monitor Crop Growth
MonthlyGreatestPrecip,MonthlyGreatestPrecip,glossary_term,jfk_weather,Effective Farming - Monitor Crop Growth
MonthlyGreatestPrecipDate,MonthlyGreatestPrecipDate,glossary_term,jfk_weather,Effective Farming - Monitor Crop Growth
MonthlyGreatestSnowfall,MonthlyGreatestSnowfall,glossary_term,jfk_weather,Effective Farming - Monitor Crop Growth
MonthlyGreatestSnowfallDate,MonthlyGreatestSnowfallDate,glossary_term,jfk_weather,Effective Farming - Monitor Crop Growth
MonthlyGreatestSnowDepth,MonthlyGreatestSnowDepth,glossary_term,jfk_weather,Effective Farming - Monitor Crop Growth
MonthlyGreatestSnowDepthDate,MonthlyGreatestSnowDepthDate,glossary_term,jfk_weather,Effective Farming - Monitor Crop Growth
MonthlyDaysWithGT90Temp,MonthlyDaysWithGT90Temp,glossary_term,jfk_weather,Effective Farming - Monitor Crop Growth
MonthlyDaysWithLT32Temp,MonthlyDaysWithLT32Temp,glossary_term,jfk_weather,Effective Farming - Monitor Crop Growth
MonthlyDaysWithGT32Temp,MonthlyDaysWithGT32Temp,glossary_term,jfk_weather,Effective Farming - Monitor Crop Growth
MonthlyDaysWithLT0Temp,MonthlyDaysWithLT0Temp,glossary_term,jfk_weather,Effective Farming - Monitor Crop Growth
MonthlyDaysWithGT001Precip,MonthlyDaysWithGT001Precip,glossary_term,jfk_weather,Effective Farming - Monitor Crop Growth
MonthlyDaysWithGT010Precip,MonthlyDaysWithGT010Precip,glossary_term,jfk_weather,Effective Farming - Monitor Crop Growth
MonthlyDaysWithGT1Snow,MonthlyDaysWithGT1Snow,glossary_term,jfk_weather,Effective Farming - Monitor Crop Growth
MonthlyMaxSeaLevelPressureValue,MonthlyMaxSeaLevelPressureValue,glossary_term,jfk_weather,Effective Farming - Monitor Crop Growth
MonthlyMaxSeaLevelPressureDate,MonthlyMaxSeaLevelPressureDate,glossary_term,jfk_weather,Effective Farming - Monitor Crop Growth
MonthlyMaxSeaLevelPressureTime,MonthlyMaxSeaLevelPressureTime,glossary_term,jfk_weather,Effective Farming - Monitor Crop Growth
MonthlyMinSeaLevelPressureValue,MonthlyMinSeaLevelPressureValue,glossary_term,jfk_weather,Effective Farming - Monitor Crop Growth
MonthlyMinSeaLevelPressureDate,MonthlyMinSeaLevelPressureDate,glossary_term,jfk_weather,Effective Farming - Monitor Crop Growth
MonthlyMinSeaLevelPressureTime,MonthlyMinSeaLevelPressureTime,glossary_term,jfk_weather,Effective Farming - Monitor Crop Growth
MonthlyTotalHeatingDegreeDays,MonthlyTotalHeatingDegreeDays,glossary_term,jfk_weather,Effective Farming - Monitor Crop Growth
MonthlyTotalCoolingDegreeDays,MonthlyTotalCoolingDegreeDays,glossary_term,jfk_weather,Effective Farming - Monitor Crop Growth
MonthlyDeptFromNormalHeatingDD,MonthlyDeptFromNormalHeatingDD,glossary_term,jfk_weather,Effective Farming - Monitor Crop Growth
MonthlyDeptFromNormalCoolingDD,MonthlyDeptFromNormalCoolingDD,glossary_term,jfk_weather,Effective Farming - Monitor Crop Growth
MonthlyTotalSeasonToDateHeatingDD,MonthlyTotalSeasonToDateHeatingDD,glossary_term,jfk_weather,Effective Farming - Monitor Crop Growth
MonthlyTotalSeasonToDateCoolingDD,MonthlyTotalSeasonToDateCoolingDD,glossary_term,jfk_weather,Effective Farming - Monitor Crop Growth