{"metadata":{"asset_id":"82f99988-53f6-4327-aa7e-102862ce5f24","asset_attributes":["data_asset"],"name":"INSTRUCTIONS_Manufacturing And Weather 4.7.pdf","asset_type":"data_asset","created_at":"2023-08-16T09:49:01Z","origin_country":"us","owner_id":"1000330999","project_id":"44b1039e-ccea-4ceb-8d00-9ec6415c5ce7","size":3608291,"usage":{"last_update_time":1692179342331,"last_updated_at":"2023-08-16T09:49:02Z"}},"entity":{"data_asset":{"mime_type":"application/pdf","dataset":false}},"attachments":[{"id":"7014baa7-5849-41af-a3ff-038f20071ebc","version":2,"asset_type":"data_asset","name":"INSTRUCTIONS_Manufacturing And Weather 4.7.pdf","mime":"application/pdf","datasource_type":"81bafdbd-b7c6-45c5-a4fd-6ec135f66f4e","object_key":"data_asset/INSTRUCTIONS_Manufacturing And Weather 4.7.pdf","creator_id":"icp4d-dev","create_time":1692179342172,"size":3608291,"is_remote":false,"is_managed":false,"is_referenced":true,"is_object_key_read_only":true,"is_user_provided_path_key":true,"transfer_complete":true,"is_partitioned":false,"complete_time_ticks":1692179342172,"user_data":{},"test_doc":0,"handle":{"type":"assetfiles","key":"data_asset/INSTRUCTIONS_Manufacturing And Weather 4.7.pdf","upload_id":"done","max_part_num":1},"usage":{"access_count":0,"last_accessor_id":"icp4d-dev","last_access_time":1692179342172}}]}