{"metadata":{"asset_id":"701c92ec-030c-4924-855d-8c02eb67010b","asset_attributes":["data_asset"],"name":"WeatherHistory.csv","asset_type":"data_asset","created_at":"2023-08-16T09:49:02Z","description":"","origin_country":"us","owner_id":"1000330999","project_id":"44b1039e-ccea-4ceb-8d00-9ec6415c5ce7","size":993831,"tags":["daas-enriched"],"usage":{"last_update_time":1692179510186,"last_updated_at":"2023-08-16T09:51:50Z"}},"entity":{"data_asset":{"mime_type":"text/csv","dataset":false}},"attachments":[{"id":"6974f813-b08b-410b-9dde-d3bc2bb0545f","version":2,"asset_type":"data_asset","name":"WeatherHistory.csv","mime":"text/csv","datasource_type":"81bafdbd-b7c6-45c5-a4fd-6ec135f66f4e","object_key":"data_asset/WeatherHistory.csv","creator_id":"icp4d-dev","create_time":1692179342522,"size":652447,"is_remote":false,"is_managed":false,"is_referenced":true,"is_object_key_read_only":false,"is_user_provided_path_key":true,"transfer_complete":true,"is_partitioned":false,"complete_time_ticks":1692179342522,"user_data":{},"test_doc":0,"handle":{"type":"assetfiles","key":"data_asset/WeatherHistory.csv","upload_id":"done","max_part_num":1},"usage":{"access_count":0,"last_accessor_id":"icp4d-dev","last_access_time":1692179342522}},{"id":"8941ae20-0077-47d0-aa23-875af04e0c3a","version":2,"asset_type":"data_asset","mime":"application/vnd.ibm.bi.pq","datasource_type":"81bafdbd-b7c6-45c5-a4fd-6ec135f66f4e","object_key":"DaaS/c42f4bec-0ba5-4aef-8399-4f3de1991d49/pq/WeatherHistory_csv","creator_id":"icp4d-dev","create_time":1692179342705,"size":148741,"is_remote":false,"is_managed":false,"is_referenced":true,"is_object_key_read_only":false,"is_user_provided_path_key":true,"transfer_complete":true,"is_partitioned":false,"complete_time_ticks":1692179342705,"user_data":{},"test_doc":0,"handle":{"type":"assetfiles","key":"DaaS/c42f4bec-0ba5-4aef-8399-4f3de1991d49/pq/WeatherHistory_csv","upload_id":"done","max_part_num":1},"usage":{"access_count":0,"last_accessor_id":"icp4d-dev","last_access_time":1692179342705}},{"id":"58a141ed-9e60-4878-b547-346690e9f496","version":2,"asset_type":"data_asset","mime":"application/json","datasource_type":"81bafdbd-b7c6-45c5-a4fd-6ec135f66f4e","object_key":"DaaS/c42f4bec-0ba5-4aef-8399-4f3de1991d49/module","creator_id":"icp4d-dev","create_time":1692179342902,"size":22375,"is_remote":false,"is_managed":false,"is_referenced":true,"is_object_key_read_only":false,"is_user_provided_path_key":true,"transfer_complete":true,"is_partitioned":false,"complete_time_ticks":1692179342902,"user_data":{},"test_doc":0,"handle":{"type":"assetfiles","key":"DaaS/c42f4bec-0ba5-4aef-8399-4f3de1991d49/module","upload_id":"done","max_part_num":1},"usage":{"access_count":0,"last_accessor_id":"icp4d-dev","last_access_time":1692179342902}},{"id":"e4804e35-3959-49b6-bf49-a0ee988b42b3","version":2,"asset_type":"data_asset","mime":"application/vnd.ibm.bi.pq","datasource_type":"81bafdbd-b7c6-45c5-a4fd-6ec135f66f4e","object_key":"DaaS/701c92ec-030c-4924-855d-8c02eb67010b/pq/WeatherHistory_csv","creator_id":"1000330999","create_time":1692179509584,"size":148738,"is_remote":false,"is_managed":false,"is_referenced":true,"is_object_key_read_only":false,"is_user_provided_path_key":true,"transfer_complete":true,"is_partitioned":false,"complete_time_ticks":1692179509584,"user_data":{},"test_doc":0,"handle":{"type":"assetfiles","key":"DaaS/701c92ec-030c-4924-855d-8c02eb67010b/pq/WeatherHistory_csv","upload_id":"done","max_part_num":1},"usage":{"access_count":0,"last_accessor_id":"1000330999","last_access_time":1692179509584}},{"id":"ef518919-72a9-47eb-b085-3145847c9fe9","version":2,"asset_type":"data_asset","mime":"application/json","datasource_type":"81bafdbd-b7c6-45c5-a4fd-6ec135f66f4e","object_key":"DaaS/701c92ec-030c-4924-855d-8c02eb67010b/module","creator_id":"1000330999","create_time":1692179510184,"size":21530,"is_remote":false,"is_managed":false,"is_referenced":true,"is_object_key_read_only":false,"is_user_provided_path_key":true,"transfer_complete":true,"is_partitioned":false,"complete_time_ticks":1692179510184,"user_data":{},"test_doc":0,"handle":{"type":"assetfiles","key":"DaaS/701c92ec-030c-4924-855d-8c02eb67010b/module","upload_id":"done","max_part_num":1},"usage":{"access_count":0,"last_accessor_id":"1000330999","last_access_time":1692179510184}}]}