{"metadata":{"asset_id":"9d1c6216-2c89-4623-a021-773bec8992c7","asset_attributes":["data_asset"],"name":"Prod_Data.csv","asset_type":"data_asset","created_at":"2023-08-16T09:49:02Z","description":"","origin_country":"us","owner_id":"1000330999","project_id":"44b1039e-ccea-4ceb-8d00-9ec6415c5ce7","size":77288564,"tags":["daas-enriched"],"usage":{"last_update_time":1692179516395,"last_updated_at":"2023-08-16T09:51:56Z"}},"entity":{"data_asset":{"mime_type":"text/csv","dataset":false}},"attachments":[{"id":"2db07541-35b9-4a42-9308-131ade3a237f","version":2,"asset_type":"data_asset","name":"Prod_Data.csv","mime":"text/csv","datasource_type":"81bafdbd-b7c6-45c5-a4fd-6ec135f66f4e","object_key":"data_asset/Prod_Data.csv","creator_id":"icp4d-dev","create_time":1692179342334,"size":63300826,"is_remote":false,"is_managed":false,"is_referenced":true,"is_object_key_read_only":false,"is_user_provided_path_key":true,"transfer_complete":true,"is_partitioned":false,"complete_time_ticks":1692179342334,"user_data":{},"test_doc":0,"handle":{"type":"assetfiles","key":"data_asset/Prod_Data.csv","upload_id":"done","max_part_num":1},"usage":{"access_count":0,"last_accessor_id":"icp4d-dev","last_access_time":1692179342334}},{"id":"043c8a26-2ac7-4c6d-bac7-e8da6833bcca","version":2,"asset_type":"data_asset","mime":"application/vnd.ibm.bi.pq","datasource_type":"81bafdbd-b7c6-45c5-a4fd-6ec135f66f4e","object_key":"DaaS/3121220a-6849-45f0-859c-028f7a7fbe4b/pq/Prod_Data_csv","creator_id":"icp4d-dev","create_time":1692179342583,"size":6924085,"is_remote":false,"is_managed":false,"is_referenced":true,"is_object_key_read_only":false,"is_user_provided_path_key":true,"transfer_complete":true,"is_partitioned":false,"complete_time_ticks":1692179342583,"user_data":{},"test_doc":0,"handle":{"type":"assetfiles","key":"DaaS/3121220a-6849-45f0-859c-028f7a7fbe4b/pq/Prod_Data_csv","upload_id":"done","max_part_num":1},"usage":{"access_count":0,"last_accessor_id":"icp4d-dev","last_access_time":1692179342583}},{"id":"d5ffe3fd-a3bb-4406-a662-f13baad5f3ed","version":2,"asset_type":"data_asset","mime":"application/json","datasource_type":"81bafdbd-b7c6-45c5-a4fd-6ec135f66f4e","object_key":"DaaS/3121220a-6849-45f0-859c-028f7a7fbe4b/module","creator_id":"icp4d-dev","create_time":1692179342901,"size":70789,"is_remote":false,"is_managed":false,"is_referenced":true,"is_object_key_read_only":false,"is_user_provided_path_key":true,"transfer_complete":true,"is_partitioned":false,"complete_time_ticks":1692179342901,"user_data":{},"test_doc":0,"handle":{"type":"assetfiles","key":"DaaS/3121220a-6849-45f0-859c-028f7a7fbe4b/module","upload_id":"done","max_part_num":1},"usage":{"access_count":0,"last_accessor_id":"icp4d-dev","last_access_time":1692179342901}},{"id":"c7255f07-6a98-455e-b617-3f7491177959","version":2,"asset_type":"data_asset","mime":"application/vnd.ibm.bi.pq","datasource_type":"81bafdbd-b7c6-45c5-a4fd-6ec135f66f4e","object_key":"DaaS/9d1c6216-2c89-4623-a021-773bec8992c7/pq/Prod_Data_csv","creator_id":"1000330999","create_time":1692179515440,"size":6924093,"is_remote":false,"is_managed":false,"is_referenced":true,"is_object_key_read_only":false,"is_user_provided_path_key":true,"transfer_complete":true,"is_partitioned":false,"complete_time_ticks":1692179515440,"user_data":{},"test_doc":0,"handle":{"type":"assetfiles","key":"DaaS/9d1c6216-2c89-4623-a021-773bec8992c7/pq/Prod_Data_csv","upload_id":"done","max_part_num":1},"usage":{"access_count":0,"last_accessor_id":"1000330999","last_access_time":1692179515440}},{"id":"57d8bdf8-694d-4597-b09e-87306e8f25fd","version":2,"asset_type":"data_asset","mime":"application/json","datasource_type":"81bafdbd-b7c6-45c5-a4fd-6ec135f66f4e","object_key":"DaaS/9d1c6216-2c89-4623-a021-773bec8992c7/module","creator_id":"1000330999","create_time":1692179516394,"size":68771,"is_remote":false,"is_managed":false,"is_referenced":true,"is_object_key_read_only":false,"is_user_provided_path_key":true,"transfer_complete":true,"is_partitioned":false,"complete_time_ticks":1692179516394,"user_data":{},"test_doc":0,"handle":{"type":"assetfiles","key":"DaaS/9d1c6216-2c89-4623-a021-773bec8992c7/module","upload_id":"done","max_part_num":1},"usage":{"access_count":0,"last_accessor_id":"1000330999","last_access_time":1692179516394}}]}