{"metadata":{"asset_id":"5799c11f-7e5b-43a6-8bc9-7a30d5c1d9c7","asset_attributes":["data_asset"],"name":"manufacturing-analytics-with-weather-glossary-terms.csv","asset_type":"data_asset","created_at":"2023-08-17T08:25:47Z","origin_country":"us","owner_id":"1000330999","project_id":"44b1039e-ccea-4ceb-8d00-9ec6415c5ce7","size":33266,"usage":{"last_update_time":1692260747706,"last_updated_at":"2023-08-17T08:25:47Z"}},"entity":{"data_asset":{"mime_type":"text/csv","dataset":false}},"attachments":[{"id":"51248b3d-9cc8-48b8-bdb7-062f8dc3d4ad","version":2,"asset_type":"data_asset","name":"manufacturing-analytics-with-weather-glossary-terms.csv","mime":"text/csv","datasource_type":"81bafdbd-b7c6-45c5-a4fd-6ec135f66f4e","object_key":"data_asset/manufacturing-analytics-with-weather-glossary-terms.csv","creator_id":"1000330999","create_time":1692260747720,"size":33266,"is_remote":false,"is_managed":false,"is_referenced":true,"is_object_key_read_only":true,"is_user_provided_path_key":true,"transfer_complete":true,"is_partitioned":false,"complete_time_ticks":1692260747720,"user_data":{},"test_doc":0,"handle":{"type":"assetfiles","key":"data_asset/manufacturing-analytics-with-weather-glossary-terms.csv","upload_id":"done","max_part_num":1},"usage":{"access_count":0,"last_accessor_id":"1000330999","last_access_time":1692260747720}}]}