{"metadata":{"asset_id":"861e9c5a-8223-4352-8f72-d993656da172","asset_attributes":["job"],"name":"import-wkc-glossary-notebook-job","asset_type":"job","created_at":"2023-08-18T09:36:27Z","origin_country":"us","owner_id":"1000330999","project_id":"44b1039e-ccea-4ceb-8d00-9ec6415c5ce7","size":0,"usage":{"last_update_time":1692351387474,"last_updated_at":"2023-08-18T09:36:27Z"}},"entity":{"job":{"asset_ref_type":"notebook","configuration":{"env_id":"rt231py-44b1039e-ccea-4ceb-8d00-9ec6415c5ce7","file_ref":"","entrypoint":"","run_results":"log_and_new_notebook","env_type":"notebook","env_variables":[]},"last_run_initiator":"deprecated field","last_run_time":"deprecated field","last_run_status":"deprecated field","last_run_status_timestamp":0,"future_scheduled_runs":[],"enable_notifications":true,"retention_policy":{"amount":5},"project_name":"Weather-Manufacturing-Analytics","asset_ref":"3632655e-7de9-4801-bcd9-b98f935caecb","schedule_id":"","schedule_creator_id":""}}}