{"metadata":{"asset_id":"3632655e-7de9-4801-bcd9-b98f935caecb","asset_attributes":["notebook"],"name":"import-wkc-glossary","asset_type":"notebook","created_at":"2023-08-17T08:22:02Z","description":"","origin_country":"us","owner_id":"1000330999","project_id":"44b1039e-ccea-4ceb-8d00-9ec6415c5ce7","size":10032,"tags":["notebook"],"usage":{"last_update_time":1692271691791,"last_updated_at":"2023-08-17T11:28:11Z"}},"entity":{"notebook":{"kernel":{"name":"python3","display_name":"Python 3.10","language":"python"},"originates_from":{"type":"blank"},"runtime":{"environment":"rt231py-44b1039e-ccea-4ceb-8d00-9ec6415c5ce7"}}},"attachments":[{"id":"63e2036a-f01a-44e8-92ca-394bcdf133d4","version":2,"asset_type":"notebook","name":"attachment for notebook 3632655e-7de9-4801-bcd9-b98f935caecb","description":"attachment for notebook 3632655e-7de9-4801-bcd9-b98f935caecb","mime":"application/json","datasource_type":"81bafdbd-b7c6-45c5-a4fd-6ec135f66f4e","object_key":"notebook/import-wkc-glossary_0X7sebLC7.ipynb","creator_id":"1000330999","create_time":1692260522414,"size":10032,"is_remote":false,"is_managed":false,"is_referenced":true,"is_object_key_read_only":false,"is_user_provided_path_key":true,"transfer_complete":true,"is_partitioned":false,"complete_time_ticks":1692260522414,"user_data":{},"test_doc":0,"handle":{"type":"assetfiles","key":"notebook/import-wkc-glossary_0X7sebLC7.ipynb","upload_id":"done","max_part_num":1},"usage":{"access_count":9,"last_accessor_id":"1000330999","last_access_time":1692271682098,"last_updater_id":"1000330999","last_update_time":1692271682098}}]}