CUSTOMER_ID,LIME_Features
1,"[('CURRENT_OFFER_Free Energy Audits <= 0.00', -0.17403643056019072), ('EMPLOYMENT_Employed part-time, Student <= 0.00', -0.08091095530321224), ('CURRENT_OFFER_Customer Rebates <= 0.00', 0.058998820667231604), ('HAS_PV > 0.00', -0.05876073481567149), ('HAS_WIND <= 0.00', 0.053835009704496097), ('CURRENT_ISSUE_GPRS Issue <= 0.00', 0.05106393562620366), ('0.00 < HAS_EV <= 1.00', -0.03889742741167745), ('CURRENT_OFFER_Demand Response Program <= 0.00', -0.037879502920587546), ('CURRENT_OFFER_Small Scale Wind <= 0.00', -0.03338785963538714), ('COMPLAINTS <= 0.00', -0.033061672614838854)]"
2,"[('CURRENT_OFFER_Free Energy Audits > 0.00', 0.13659998643143986), ('EMPLOYMENT_Employed part-time, Student <= 0.00', -0.06243022356742563), ('HAS_PV <= 0.00', 0.057445520709870176), ('HAS_WIND <= 0.00', 0.054895367832022694), ('CURRENT_OFFER_Demand Response Program <= 0.00', 0.04102008996279057), ('HAS_EV <= 0.00', 0.040589254970850766), ('TENURE <= 17.00', 0.02852839273607199), ('0.00 < COMPLAINTS <= 1.00', 0.026182225935227586), ('CURRENT_OFFER_Integrated Solar <= 0.00', -0.018887429472374928), ('CURRENT_ISSUE_Low Voltage <= 0.00', 0.012667403073490426)]"
3,"[('CURRENT_OFFER_Free Energy Audits <= 0.00', -0.11833929267133075), ('EMPLOYMENT_Employed part-time, Student <= 0.00', -0.07555613969854115), ('CURRENT_ISSUE_Low Voltage <= 0.00', 0.06915902790752758), ('HAS_WIND <= 0.00', 0.0533269071099665), ('CURRENT_ISSUE_Equipment failure <= 0.00', -0.05013063811519485), ('HAS_PV <= 0.00', 0.04682880372412949), ('0.00 < HAS_EV <= 1.00', -0.0427251292317539), ('CURRENT_OFFER_Integrated Solar <= 0.00', -0.03801277063734792), ('CURRENT_OFFER_Small Scale Wind <= 0.00', -0.03269255003207984), ('CURRENT_OFFER_Demand Response Program <= 0.00', -0.028459704710813792)]"
4,"[('CURRENT_OFFER_Free Energy Audits <= 0.00', -0.16556152125062495), ('EMPLOYMENT_Employed part-time, Student <= 0.00', -0.06502410664410614), ('HAS_WIND <= 0.00', 0.056215116540522955), ('HAS_PV <= 0.00', 0.05566345693087079), ('CURRENT_OFFER_Demand Response Program <= 0.00', -0.048839629840129864), ('CURRENT_OFFER_Integrated Solar <= 0.00', -0.04534168349940425), ('0.00 < HAS_EV <= 1.00', -0.03889483652224444), ('CURRENT_OFFER_Other <= 0.00', 0.032928764764893675), ('CURRENT_ISSUE_Network Issue <= 0.00', -0.032577674917813396), ('CURRENT_ISSUE_Power Outage <= 0.00', -0.020150220539495705)]"
5,"[('CURRENT_OFFER_Free Energy Audits <= 0.00', -0.161726431764696), ('CURRENT_OFFER_Integrated Solar <= 0.00', -0.10221193504428602), ('HAS_WIND <= 0.00', 0.056786663463321695), ('EMPLOYMENT_Employed part-time, Student <= 0.00', -0.056604896036432595), ('HAS_PV <= 0.00', 0.0563961298570637), ('CURRENT_OFFER_Demand Response Program <= 0.00', -0.04505956730523953), ('HAS_EV <= 0.00', 0.0410478503572049), ('0.00 < COMPLAINTS <= 1.00', 0.031352734853782746), ('EMPLOYMENT_Unknown <= 0.00', -0.028070381527183358), ('CURRENT_ISSUE_Network Issue <= 0.00', -0.027803491401328186)]"
6,"[('CURRENT_OFFER_Free Energy Audits <= 0.00', -0.15048050451077713), ('CURRENT_OFFER_Integrated Solar <= 0.00', -0.08362194270429466), ('EMPLOYMENT_Employed part-time, Student <= 0.00', -0.061530966836126744), ('HAS_WIND <= 0.00', 0.05602629033492158), ('HAS_PV <= 0.00', 0.05086527259211817), ('HAS_EV <= 0.00', 0.042367607920416515), ('CURRENT_ISSUE_Network Issue <= 0.00', -0.03283175761501121), ('CURRENT_ISSUE_Low Voltage <= 0.00', -0.029928189544779632), ('CURRENT_OFFER_Other <= 0.00', 0.021014863783005582), ('CURRENT_ISSUE_GPRS Issue <= 0.00', -0.017592983538026102)]"
7,"[('CURRENT_OFFER_Free Energy Audits <= 0.00', -0.17137180259280155), ('EMPLOYMENT_Employed part-time, Student <= 0.00', -0.07998939810324249), ('HAS_WIND <= 0.00', 0.056371536749726565), ('HAS_PV <= 0.00', 0.05529179095405222), ('HAS_EV <= 0.00', 0.0389420398182655), ('CURRENT_OFFER_Other <= 0.00', -0.03416842219047833), ('CURRENT_ISSUE_Low Voltage <= 0.00', 0.03247376292826249), ('EMPLOYMENT_Not currently employed <= 0.00', 0.03072978411047779), ('COMPLAINTS <= 0.00', -0.029022652564360762), ('EMPLOYMENT_Employed part-time, Stay at home parent <= 0.00', -0.023169332126627074)]"
8,"[('CURRENT_OFFER_Free Energy Audits <= 0.00', -0.16338619760644857), ('CURRENT_OFFER_Other <= 0.00', -0.07838001064323369), ('HAS_PV <= 0.00', 0.06267972782094344), ('CURRENT_ISSUE_Network Issue <= 0.00', -0.06266982898610113), ('HAS_WIND <= 0.00', 0.056241373123761075), ('CURRENT_OFFER_Integrated Solar <= 0.00', -0.054500760284208756), ('EMPLOYMENT_Employed part-time, Student <= 0.00', -0.04791139254975259), ('CURRENT_ISSUE_Equipment failure <= 0.00', 0.04255822952583445), ('0.00 < HAS_EV <= 1.00', -0.039724899831459125), ('CURRENT_ISSUE_Power Outage <= 0.00', -0.03836603706550818)]"
9,"[('CURRENT_OFFER_Free Energy Audits <= 0.00', -0.1761877216533853), ('EMPLOYMENT_Employed part-time, Student <= 0.00', -0.07485024739652316), ('CURRENT_OFFER_Integrated Solar <= 0.00', -0.062446059886181376), ('HAS_WIND <= 0.00', 0.05087456094177421), ('HAS_PV <= 0.00', 0.0481173281454532), ('HAS_EV <= 0.00', 0.03991608014314161), ('0.00 < COMPLAINTS <= 1.00', 0.027273234121001088), ('EMPLOYMENT_Not currently employed <= 0.00', 0.02727014201649969), ('CURRENT_OFFER_Customer Rebates <= 0.00', -0.021670171382346646), ('CURRENT_OFFER_Demand Response Program <= 0.00', -0.019879244730047617)]"
10,"[('CURRENT_OFFER_Free Energy Audits <= 0.00', -0.13512433157558199), ('EMPLOYMENT_Employed part-time, Student <= 0.00', -0.09341429853478674), ('CURRENT_ISSUE_Network Issue <= 0.00', -0.07674616838173898), ('CURRENT_ISSUE_Low Voltage <= 0.00', 0.06931811022068568), ('HAS_WIND <= 0.00', 0.05612697781736785), ('HAS_PV <= 0.00', 0.05184095734513021), ('HAS_EV <= 0.00', 0.03877045203395554), ('CURRENT_ISSUE_Equipment failure <= 0.00', 0.03642957683356998), ('CURRENT_ISSUE_GPRS Issue <= 0.00', -0.03280970418725988), ('CURRENT_ISSUE_Power Outage <= 0.00', 0.020839311131009314)]"
11,"[('CURRENT_OFFER_Free Energy Audits <= 0.00', -0.16795595071222275), ('CURRENT_OFFER_Integrated Solar <= 0.00', -0.07285943734662875), ('CURRENT_ISSUE_Network Issue <= 0.00', -0.0702861930101), ('CURRENT_OFFER_Other <= 0.00', -0.055324647926869495), ('EMPLOYMENT_Employed part-time, Student <= 0.00', -0.05529059851096383), ('HAS_WIND > 0.00', -0.05434155268505046), ('HAS_PV > 0.00', -0.049825584744120875), ('CURRENT_ISSUE_Low Voltage <= 0.00', -0.04222945629842009), ('HAS_EV <= 0.00', 0.04202491014392356), ('CURRENT_ISSUE_GPRS Issue <= 0.00', -0.008349926283034973)]"
12,"[('CURRENT_OFFER_Free Energy Audits <= 0.00', -0.15505112667130963), ('EMPLOYMENT_Employed part-time, Student <= 0.00', -0.06511524542436804), ('CURRENT_ISSUE_Network Issue <= 0.00', -0.06480697760446698), ('HAS_PV <= 0.00', 0.056096691896504666), ('HAS_WIND <= 0.00', 0.0555989651721615), ('CURRENT_OFFER_Demand Response Program <= 0.00', -0.04813231034029975), ('CURRENT_OFFER_Integrated Solar <= 0.00', -0.04438525268211309), ('HAS_EV <= 0.00', 0.040184976631803926), ('CURRENT_ISSUE_Power Outage <= 0.00', -0.026776645402653777), ('CURRENT_ISSUE_GPRS Issue <= 0.00', -0.004347841612169598)]"
13,"[('CURRENT_OFFER_Free Energy Audits <= 0.00', -0.13915710178138496), ('CURRENT_OFFER_Integrated Solar <= 0.00', -0.09837654995229315), ('HAS_WIND <= 0.00', 0.056606894357038647), ('EMPLOYMENT_Employed part-time, Student <= 0.00', -0.0541380823580122), ('HAS_PV <= 0.00', 0.05188279876393473), ('HAS_EV <= 0.00', 0.04043974854673832), ('CURRENT_ISSUE_Equipment failure <= 0.00', -0.040281379572198774), ('CURRENT_ISSUE_GPRS Issue <= 0.00', -0.0382515262568624), ('CURRENT_ISSUE_Network Issue <= 0.00', -0.02940709975390503), ('CURRENT_ISSUE_Power Outage <= 0.00', 0.01476605125799492)]"
14,"[('CURRENT_OFFER_Free Energy Audits <= 0.00', -0.17877592348192972), ('CURRENT_OFFER_Integrated Solar <= 0.00', -0.08774955006405766), ('HAS_WIND <= 0.00', 0.05490925851680041), ('HAS_PV <= 0.00', 0.05112686950200421), ('EMPLOYMENT_Employed part-time, Stay at home parent <= 0.00', -0.04797998895697222), ('EMPLOYMENT_Employed part-time, Student <= 0.00', -0.04410702670224942), ('HAS_EV <= 0.00', 0.04204434174232181), ('CURRENT_ISSUE_Low Voltage <= 0.00', -0.0408264733010323), ('CURRENT_ISSUE_Power Outage <= 0.00', -0.039068033518993274), ('CURRENT_OFFER_New Construction Incentives <= 0.00', -0.035785679933323204)]"
15,"[('CURRENT_OFFER_Free Energy Audits <= 0.00', -0.12249896313255292), ('CURRENT_ISSUE_Network Issue <= 0.00', -0.07824706222177645), ('HAS_WIND > 0.00', -0.055269366190564405), ('HAS_PV > 0.00', -0.04806443414340392), ('CURRENT_OFFER_Integrated Solar <= 0.00', -0.04739698132353575), ('EMPLOYMENT_Employed part-time, Student <= 0.00', -0.04569074627929171), ('HAS_EV <= 0.00', 0.040108419829332116), ('CURRENT_OFFER_Other <= 0.00', 0.03529747737948481), ('CURRENT_OFFER_Small Scale Wind <= 0.00', -0.026218568916058137), ('CURRENT_ISSUE_GPRS Issue <= 0.00', 0.002025935930101362)]"
16,"[('CURRENT_OFFER_Free Energy Audits <= 0.00', -0.1444294448061031), ('CURRENT_OFFER_Integrated Solar <= 0.00', -0.12022239082451219), ('CURRENT_ISSUE_Equipment failure <= 0.00', -0.06106179058656854), ('HAS_WIND <= 0.00', 0.055463142976756905), ('HAS_PV <= 0.00', 0.05163864594650368), ('CURRENT_ISSUE_Power Outage <= 0.00', -0.047407317212117404), ('EMPLOYMENT_Employed part-time, Student <= 0.00', -0.04443264763565915), ('CURRENT_OFFER_Other <= 0.00', -0.041067710974927396), ('HAS_EV <= 0.00', 0.03952187982845348), ('CURRENT_ISSUE_Network Issue <= 0.00', -0.03240119832510937)]"
17,"[('CURRENT_OFFER_Free Energy Audits <= 0.00', -0.19680046477200405), ('CURRENT_OFFER_Other <= 0.00', -0.06509355507903485), ('CURRENT_OFFER_Integrated Solar <= 0.00', -0.05858654638404395), ('HAS_WIND <= 0.00', 0.05695888016175261), ('EMPLOYMENT_Employed part-time, Stay at home parent <= 0.00', -0.04759924554777014), ('HAS_PV <= 0.00', 0.04591993738068669), ('EMPLOYMENT_Employed part-time, Student <= 0.00', -0.04591928498220683), ('HAS_EV <= 0.00', 0.04089633888306387), ('CURRENT_ISSUE_GPRS Issue <= 0.00', -0.03272888742550582), ('CURRENT_ISSUE_Power Outage <= 0.00', -0.02261453346928236)]"
18,"[('CURRENT_OFFER_Free Energy Audits <= 0.00', -0.13364576414939147), ('CURRENT_OFFER_Integrated Solar <= 0.00', -0.09188060804614336), ('CURRENT_ISSUE_Power Outage <= 0.00', -0.08891683584275488), ('EMPLOYMENT_Employed part-time, Student <= 0.00', -0.05855201694234873), ('HAS_WIND <= 0.00', 0.0542728705312317), ('HAS_PV <= 0.00', 0.04878956773523869), ('CURRENT_ISSUE_Network Issue <= 0.00', -0.04704304145336944), ('CURRENT_ISSUE_GPRS Issue <= 0.00', -0.039305601550579286), ('HAS_EV <= 0.00', 0.03732438979588042), ('CURRENT_OFFER_Demand Response Program <= 0.00', -0.03559396420547543)]"
19,"[('CURRENT_OFFER_Free Energy Audits <= 0.00', -0.12808963289134523), ('EMPLOYMENT_Employed part-time, Student <= 0.00', -0.06098320578231162), ('HAS_WIND <= 0.00', 0.05736420117053529), ('CURRENT_OFFER_Integrated Solar <= 0.00', -0.05032387506838286), ('HAS_PV <= 0.00', 0.04996082890093639), ('CURRENT_OFFER_Customer Rebates <= 0.00', 0.04311245506909709), ('HAS_EV <= 0.00', 0.04166143110048804), ('CURRENT_OFFER_Small Scale Wind > 0.00', -0.03975849981250928), ('CURRENT_ISSUE_GPRS Issue <= 0.00', 0.027318033908254942), ('CURRENT_ISSUE_Power Outage <= 0.00', -0.021570176918610712)]"
20,"[('CURRENT_OFFER_Free Energy Audits <= 0.00', -0.14034018799925319), ('CURRENT_OFFER_Integrated Solar <= 0.00', -0.09717269533076016), ('EMPLOYMENT_Employed part-time, Student <= 0.00', -0.07040003182877673), ('HAS_PV > 0.00', -0.056463048220181535), ('HAS_WIND <= 0.00', 0.05452724850358449), ('HAS_EV <= 0.00', 0.04026557750103492), ('CURRENT_OFFER_Other <= 0.00', -0.03639795025994397), ('EMPLOYMENT_Not currently employed > 0.00', -0.029461715308761075), ('0.00 < COMPLAINTS <= 1.00', 0.02637055027122916), ('CURRENT_ISSUE_GPRS Issue <= 0.00', -0.024435169260189862)]"
21,"[('CURRENT_ISSUE_Power Outage > 0.00', 0.13171977272872434), ('CURRENT_OFFER_Free Energy Audits <= 0.00', -0.12985577018392339), ('EMPLOYMENT_Employed part-time, Student <= 0.00', -0.06348126653212947), ('HAS_WIND <= 0.00', 0.060118624321322534), ('HAS_PV <= 0.00', 0.05356586298638802), ('CURRENT_OFFER_Integrated Solar <= 0.00', -0.0488024111724758), ('HAS_EV <= 0.00', 0.041142073032978774), ('TENURE <= 17.00', 0.031245256157236383), ('COMPLAINTS <= 0.00', -0.02739082745030401), ('CURRENT_ISSUE_GPRS Issue <= 0.00', -0.017897486858942182)]"
22,"[('CURRENT_OFFER_Free Energy Audits <= 0.00', -0.15586930879384547), ('CURRENT_ISSUE_Network Issue <= 0.00', -0.06354063081629333), ('HAS_WIND <= 0.00', 0.057587295638761846), ('HAS_PV <= 0.00', 0.05452154600348778), ('EMPLOYMENT_Employed part-time, Student <= 0.00', -0.05383911049162772), ('0.00 < HAS_EV <= 1.00', -0.04285057846496554), ('CURRENT_ISSUE_Low Voltage <= 0.00', -0.031003393137433263), ('CURRENT_OFFER_Demand Response Program <= 0.00', -0.02819494342100489), ('CURRENT_OFFER_Customer Rebates <= 0.00', -0.025126008607895167), ('CURRENT_ISSUE_GPRS Issue <= 0.00', -0.018864923000880142)]"
23,"[('CURRENT_OFFER_Free Energy Audits <= 0.00', -0.14338683849436454), ('CURRENT_ISSUE_Network Issue <= 0.00', -0.060095461784959), ('HAS_PV <= 0.00', 0.05811633315846654), ('HAS_WIND <= 0.00', 0.0533523925950209), ('EMPLOYMENT_Employed part-time, Student <= 0.00', -0.04706948481568476), ('HAS_EV <= 0.00', 0.04014003280414939), ('CURRENT_OFFER_Small Scale Wind <= 0.00', 0.03418098330509409), ('ENERGY_EFFICIENCY <= 0.38', 0.02907214342172408), ('0.00 < COMPLAINTS <= 1.00', 0.025916855984653264), ('CURRENT_ISSUE_Power Outage <= 0.00', 0.02113808287754489)]"
24,"[('CURRENT_OFFER_Free Energy Audits <= 0.00', -0.18095239828401763), ('CURRENT_ISSUE_GPRS Issue <= 0.00', -0.07975883797287141), ('EMPLOYMENT_Employed part-time, Student <= 0.00', -0.05987219456756612), ('HAS_PV > 0.00', -0.05765001751692113), ('HAS_WIND > 0.00', -0.05425224764857938), ('CURRENT_ISSUE_Power Outage <= 0.00', -0.053106046401521), ('HAS_EV <= 0.00', 0.044181860859390874), ('CURRENT_OFFER_Other <= 0.00', 0.035298290173262435), ('EMPLOYMENT_Unknown <= 0.00', -0.02870119365208426), ('CURRENT_ISSUE_Network Issue <= 0.00', -0.027707646694044158)]"
25,"[('CURRENT_OFFER_Free Energy Audits <= 0.00', -0.15206601110500795), ('CURRENT_OFFER_Integrated Solar <= 0.00', -0.09023210949307268), ('EMPLOYMENT_Employed part-time, Student <= 0.00', -0.07720310935143851), ('HAS_WIND <= 0.00', 0.058797234259832167), ('HAS_PV <= 0.00', 0.04964251598415478), ('HAS_EV <= 0.00', 0.040072331695589505), ('CURRENT_OFFER_Demand Response Program <= 0.00', -0.03574339371673838), ('EMPLOYMENT_Employed part-time, Stay at home parent <= 0.00', 0.030406660171286286), ('CURRENT_OFFER_Customer Rebates <= 0.00', 0.028954879782338374), ('CURRENT_ISSUE_Network Issue <= 0.00', -0.024871782390329725)]"
26,"[('CURRENT_OFFER_Free Energy Audits <= 0.00', -0.16406705206813726), ('CURRENT_ISSUE_GPRS Issue > 0.00', 0.06131216755983914), ('HAS_WIND <= 0.00', 0.05999409507311646), ('HAS_PV <= 0.00', 0.05781929839030846), ('EMPLOYMENT_Employed part-time, Student <= 0.00', -0.05225293598633648), ('CURRENT_OFFER_Integrated Solar <= 0.00', -0.04933831014404782), ('CURRENT_ISSUE_Low Voltage <= 0.00', -0.04410166749282817), ('0.00 < HAS_EV <= 1.00', -0.03862321778945794), ('TENURE <= 17.00', 0.030177829699829017), ('CURRENT_ISSUE_Power Outage <= 0.00', -0.02997479153954968)]"
27,"[('CURRENT_OFFER_Free Energy Audits <= 0.00', -0.15133557697478586), ('EMPLOYMENT_Employed part-time, Student <= 0.00', -0.06820549158913537), ('CURRENT_OFFER_Integrated Solar <= 0.00', -0.06580261297731857), ('HAS_WIND <= 0.00', 0.054457558439924454), ('HAS_PV <= 0.00', 0.051932826078936664), ('CURRENT_ISSUE_Network Issue <= 0.00', -0.05141659363494673), ('0.00 < HAS_EV <= 1.00', -0.04463807872610494), ('CURRENT_ISSUE_GPRS Issue <= 0.00', -0.036129669852683496), ('EMPLOYMENT_Unknown <= 0.00', -0.02851208075249373), ('CURRENT_ISSUE_Equipment failure <= 0.00', -0.02362835269204382)]"
28,"[('CURRENT_OFFER_Free Energy Audits <= 0.00', -0.12856533449455745), ('EMPLOYMENT_Employed part-time, Student <= 0.00', -0.07160383727313335), ('HAS_WIND <= 0.00', 0.06077605394163969), ('HAS_PV <= 0.00', 0.04889050091828541), ('CURRENT_OFFER_New Construction Incentives <= 0.00', 0.04299774845930309), ('HAS_EV <= 0.00', 0.040438179494614236), ('CURRENT_OFFER_Integrated Solar <= 0.00', -0.031934136013824777), ('EMPLOYMENT_Unknown <= 0.00', -0.030486444261317244), ('CURRENT_ISSUE_Power Outage <= 0.00', -0.030148108659726655), ('CURRENT_ISSUE_Low Voltage <= 0.00', 0.021145635083804595)]"
29,"[('CURRENT_OFFER_Free Energy Audits <= 0.00', -0.20183943342685784), ('EMPLOYMENT_Employed part-time, Student <= 0.00', -0.07018930077395295), ('CURRENT_OFFER_Integrated Solar <= 0.00', -0.05988053047508308), ('HAS_WIND <= 0.00', 0.057611803268478395), ('HAS_PV <= 0.00', 0.05540686050005845), ('CURRENT_OFFER_Other <= 0.00', -0.04648349870906102), ('0.00 < HAS_EV <= 1.00', -0.040192868584848516), ('CURRENT_ISSUE_GPRS Issue <= 0.00', 0.03930999615253049), ('CURRENT_ISSUE_Network Issue <= 0.00', -0.034320446872020204), ('CURRENT_ISSUE_Low Voltage <= 0.00', 0.028843988999511454)]"
30,"[('CURRENT_OFFER_Free Energy Audits <= 0.00', -0.13118596028994622), ('CURRENT_OFFER_Integrated Solar <= 0.00', -0.10348418483578493), ('CURRENT_ISSUE_Power Outage <= 0.00', -0.06966031841864492), ('HAS_WIND <= 0.00', 0.060542909162468114), ('HAS_PV <= 0.00', 0.05121938309304901), ('EMPLOYMENT_Employed part-time, Student <= 0.00', -0.05042496731876693), ('CURRENT_ISSUE_GPRS Issue <= 0.00', -0.04195359944254169), ('HAS_EV <= 0.00', 0.041326585719289155), ('CURRENT_ISSUE_Network Issue <= 0.00', -0.040147895533846), ('EMPLOYMENT_Unknown <= 0.00', -0.029071395541170858)]"
31,"[('CURRENT_OFFER_Free Energy Audits <= 0.00', -0.13494604028171298), ('EMPLOYMENT_Employed part-time, Student <= 0.00', -0.09003690495954479), ('EMPLOYMENT_Employed part-time, Stay at home parent <= 0.00', -0.05960926427582268), ('HAS_WIND <= 0.00', 0.057962279219992606), ('CURRENT_OFFER_Integrated Solar <= 0.00', -0.054244784647897726), ('HAS_PV > 0.00', -0.053047684006945796), ('0.00 < HAS_EV <= 1.00', -0.03988842567019186), ('CURRENT_OFFER_Other <= 0.00', -0.03716328616550954), ('CURRENT_ISSUE_Power Outage <= 0.00', -0.036078362442934865), ('CURRENT_OFFER_Customer Rebates <= 0.00', 0.033406978232640855)]"
32,"[('CURRENT_OFFER_Free Energy Audits <= 0.00', -0.14275045050038715), ('CURRENT_OFFER_Integrated Solar <= 0.00', -0.07363730760106081), ('HAS_WIND <= 0.00', 0.056879083509426935), ('HAS_PV <= 0.00', 0.05551320405431201), ('CURRENT_ISSUE_Low Voltage <= 0.00', 0.05235038229209129), ('CURRENT_OFFER_Demand Response Program <= 0.00', -0.04818635241071344), ('EMPLOYMENT_Employed part-time, Student <= 0.00', -0.04514614232799695), ('CURRENT_OFFER_Other <= 0.00', -0.044013274753195775), ('0.00 < HAS_EV <= 1.00', -0.04195861091718212), ('EMPLOYMENT_Employed part-time, Stay at home parent <= 0.00', -0.009364765721238455)]"
33,"[('CURRENT_OFFER_Free Energy Audits <= 0.00', -0.15447545791116848), ('EMPLOYMENT_Employed part-time, Student <= 0.00', -0.09303543062015877), ('CURRENT_ISSUE_Low Voltage <= 0.00', -0.08556899718848121), ('HAS_PV <= 0.00', 0.056005993384093934), ('CURRENT_OFFER_Integrated Solar <= 0.00', -0.05064438242833997), ('HAS_WIND <= 0.00', 0.050424517949797354), ('EMPLOYMENT_Employed part-time, Stay at home parent <= 0.00', -0.050162028122126195), ('HAS_EV <= 0.00', 0.038315490159582105), ('CURRENT_ISSUE_GPRS Issue <= 0.00', -0.03078431503938597), ('CURRENT_OFFER_Demand Response Program <= 0.00', 0.019907959970671154)]"
34,"[('CURRENT_OFFER_Free Energy Audits <= 0.00', -0.17272205499282825), ('CURRENT_OFFER_Integrated Solar > 0.00', 0.09649626492386434), ('EMPLOYMENT_Employed part-time, Student <= 0.00', -0.07735445185374386), ('HAS_PV <= 0.00', 0.05808230676433966), ('CURRENT_ISSUE_GPRS Issue <= 0.00', -0.054340688185987286), ('HAS_WIND <= 0.00', 0.05285514696725822), ('HAS_EV <= 0.00', 0.04309545140256264), ('CURRENT_OFFER_Small Scale Wind <= 0.00', 0.025516640948464057), ('CURRENT_ISSUE_Low Voltage <= 0.00', 0.024801930273932925), ('CURRENT_ISSUE_Network Issue <= 0.00', -0.021149440563612662)]"
35,"[('CURRENT_OFFER_Free Energy Audits <= 0.00', -0.17070349420462166), ('CURRENT_ISSUE_Network Issue <= 0.00', -0.07608754575608107), ('EMPLOYMENT_Employed part-time, Student <= 0.00', -0.0601584727727845), ('HAS_WIND <= 0.00', 0.05316396701044262), ('HAS_PV <= 0.00', 0.048443823695254136), ('CURRENT_OFFER_Other <= 0.00', -0.04687981514541858), ('HAS_EV <= 0.00', 0.03984297684585413), ('CURRENT_ISSUE_GPRS Issue <= 0.00', -0.03100906975038639), ('CURRENT_OFFER_Integrated Solar <= 0.00', -0.028761880807330054), ('CURRENT_ISSUE_Low Voltage <= 0.00', 0.025366254465177075)]"
36,"[('CURRENT_OFFER_Free Energy Audits <= 0.00', -0.15217658650540003), ('EMPLOYMENT_Employed part-time, Student <= 0.00', -0.09489111276952944), ('CURRENT_OFFER_Integrated Solar <= 0.00', -0.0636433870937111), ('HAS_PV <= 0.00', 0.05864081926410376), ('HAS_WIND <= 0.00', 0.05732957013593901), ('HAS_EV <= 0.00', 0.0392040197418117), ('COMPLAINTS <= 0.00', -0.030381543019330992), ('CURRENT_ISSUE_Equipment failure <= 0.00', 0.023822239981189652), ('CURRENT_OFFER_Small Scale Wind <= 0.00', -0.021155763778151152), ('0.46 < ENERGY_EFFICIENCY <= 0.60', -0.019873879734265288)]"
37,"[('CURRENT_OFFER_Free Energy Audits <= 0.00', -0.14247554871776058), ('CURRENT_OFFER_Integrated Solar <= 0.00', -0.06776294575166027), ('EMPLOYMENT_Employed part-time, Student <= 0.00', -0.05867325369450449), ('HAS_PV <= 0.00', 0.05698167256573066), ('HAS_WIND <= 0.00', 0.053599787005979685), ('CURRENT_ISSUE_GPRS Issue <= 0.00', -0.041030627114392426), ('HAS_EV <= 0.00', 0.03917898284756244), ('CURRENT_ISSUE_Power Outage <= 0.00', -0.03721237282983139), ('CURRENT_OFFER_Small Scale Wind <= 0.00', 0.028928500651605522), ('EMPLOYMENT_Not currently employed <= 0.00', 0.024998943178223827)]"
38,"[('CURRENT_OFFER_Free Energy Audits <= 0.00', -0.18322157746289047), ('EMPLOYMENT_Employed part-time, Student <= 0.00', -0.09823460821685544), ('HAS_WIND <= 0.00', 0.05317392331913178), ('HAS_PV <= 0.00', 0.04776033435436266), ('CURRENT_OFFER_Integrated Solar <= 0.00', -0.044467067405062094), ('CURRENT_ISSUE_Power Outage <= 0.00', -0.04292509885028153), ('HAS_EV <= 0.00', 0.0415492895046885), ('CURRENT_ISSUE_Low Voltage <= 0.00', 0.040340194302190775), ('CURRENT_OFFER_New Construction Incentives <= 0.00', -0.03017925177264393), ('CURRENT_ISSUE_GPRS Issue <= 0.00', -0.026479393121666757)]"
39,"[('CURRENT_OFFER_Free Energy Audits <= 0.00', -0.161203048276707), ('HAS_WIND <= 0.00', 0.05664189970499986), ('HAS_PV <= 0.00', 0.053253306300130546), ('CURRENT_OFFER_Other <= 0.00', -0.052538969851406346), ('EMPLOYMENT_Employed part-time, Student <= 0.00', -0.046304643631550506), ('CURRENT_OFFER_Integrated Solar <= 0.00', -0.04579901603543191), ('HAS_EV <= 0.00', 0.041211215278299886), ('CURRENT_ISSUE_Low Voltage <= 0.00', -0.030205658014030013), ('CURRENT_OFFER_Demand Response Program <= 0.00', -0.019357101195490934), ('CURRENT_ISSUE_GPRS Issue <= 0.00', -0.016834049114236253)]"
40,"[('CURRENT_OFFER_Free Energy Audits <= 0.00', -0.1374644957396888), ('CURRENT_OFFER_Integrated Solar <= 0.00', -0.06040258502753709), ('HAS_WIND <= 0.00', 0.056758759711365625), ('HAS_PV <= 0.00', 0.05550163140971695), ('EMPLOYMENT_Employed part-time, Student <= 0.00', -0.05169607188727108), ('CURRENT_ISSUE_Power Outage <= 0.00', -0.044606076513316044), ('HAS_EV <= 0.00', 0.03810293143588643), ('COMPLAINTS <= 0.00', -0.031064571786701335), ('EMPLOYMENT_Not currently employed <= 0.00', 0.03044256649096029), ('CURRENT_ISSUE_Equipment failure <= 0.00', 0.020347705221909908)]"
41,"[('CURRENT_OFFER_Free Energy Audits <= 0.00', -0.14165266963151696), ('EMPLOYMENT_Employed part-time, Student <= 0.00', -0.07992563289735677), ('CURRENT_OFFER_Integrated Solar <= 0.00', -0.07311267947350444), ('HAS_WIND <= 0.00', 0.051234068117989744), ('HAS_PV <= 0.00', 0.05064436422559249), ('CURRENT_OFFER_Other <= 0.00', -0.041427166480467535), ('EMPLOYMENT_Unknown <= 0.00', -0.0383727255817756), ('0.00 < HAS_EV <= 1.00', -0.035704414693404886), ('CURRENT_ISSUE_GPRS Issue <= 0.00', 0.026889309475890005), ('CURRENT_ISSUE_Power Outage <= 0.00', -0.018586584536570857)]"
42,"[('CURRENT_OFFER_Free Energy Audits <= 0.00', -0.14609094003565073), ('CURRENT_OFFER_Integrated Solar <= 0.00', -0.11488169846331087), ('EMPLOYMENT_Employed part-time, Student <= 0.00', -0.07649209876588307), ('HAS_PV <= 0.00', 0.05261159001742154), ('HAS_WIND <= 0.00', 0.05105079414379454), ('0.00 < HAS_EV <= 1.00', -0.04131565250057613), ('TENURE <= 17.00', 0.030324583308924114), ('EMPLOYMENT_Unknown <= 0.00', -0.026134140560521768), ('CURRENT_ISSUE_Power Outage <= 0.00', 0.020125731961984666), ('CURRENT_ISSUE_Equipment failure <= 0.00', -0.011127433490939342)]"
43,"[('CURRENT_OFFER_Free Energy Audits <= 0.00', -0.1740819353929629), ('CURRENT_OFFER_Integrated Solar <= 0.00', -0.07653988392005937), ('EMPLOYMENT_Employed part-time, Student <= 0.00', -0.07630700029986506), ('HAS_WIND <= 0.00', 0.053991232569672726), ('HAS_PV <= 0.00', 0.05314812277046018), ('HAS_EV <= 0.00', 0.03943506667954349), ('CURRENT_ISSUE_GPRS Issue <= 0.00', 0.038602522696536974), ('CURRENT_ISSUE_Low Voltage <= 0.00', 0.036434651172408114), ('EMPLOYMENT_Not currently employed <= 0.00', 0.03248040521040112), ('CURRENT_OFFER_Demand Response Program <= 0.00', -0.024491861269561346)]"
44,"[('CURRENT_OFFER_Free Energy Audits <= 0.00', -0.16666667749259634), ('EMPLOYMENT_Employed part-time, Student <= 0.00', -0.08061144988737416), ('HAS_PV > 0.00', -0.06010467627443253), ('CURRENT_ISSUE_Power Outage <= 0.00', -0.058542348512177454), ('HAS_WIND <= 0.00', 0.05103357554420793), ('CURRENT_ISSUE_Network Issue <= 0.00', -0.04431142884896003), ('HAS_EV <= 0.00', 0.04176385526254621), ('CURRENT_OFFER_Integrated Solar <= 0.00', -0.038568966636602406), ('CURRENT_ISSUE_GPRS Issue <= 0.00', -0.021177746957683347), ('CURRENT_ISSUE_Low Voltage <= 0.00', 0.007379861319755109)]"
45,"[('CURRENT_OFFER_Free Energy Audits <= 0.00', -0.14921004118877343), ('HAS_PV <= 0.00', 0.053334495754491444), ('HAS_WIND > 0.00', -0.05169312789967201), ('CURRENT_OFFER_Integrated Solar <= 0.00', -0.04934552805892285), ('EMPLOYMENT_Employed part-time, Student <= 0.00', -0.04680714594026759), ('HAS_EV <= 0.00', 0.039411459153885095), ('CURRENT_ISSUE_GPRS Issue <= 0.00', -0.037752404072833465), ('CURRENT_ISSUE_Network Issue <= 0.00', -0.03583355798757784), ('CURRENT_OFFER_Other <= 0.00', 0.025992847803096308), ('CURRENT_ISSUE_Power Outage <= 0.00', 0.00781018743359722)]"
46,"[('CURRENT_OFFER_Free Energy Audits <= 0.00', -0.14970879421218508), ('CURRENT_ISSUE_Equipment failure <= 0.00', -0.09840612043900045), ('HAS_WIND <= 0.00', 0.05456907888424857), ('HAS_PV > 0.00', -0.05354728451193063), ('CURRENT_OFFER_Other <= 0.00', 0.052711486685870924), ('HAS_EV <= 0.00', 0.0429057754841041), ('EMPLOYMENT_Employed part-time, Student <= 0.00', -0.04167306299246922), ('EMPLOYMENT_Not currently employed <= 0.00', 0.03204783841570162), ('CURRENT_ISSUE_Power Outage <= 0.00', -0.028958954740280977), ('CURRENT_OFFER_Small Scale Wind <= 0.00', 0.018550162453858047)]"
47,"[('CURRENT_OFFER_Free Energy Audits <= 0.00', -0.12955413230866672), ('HAS_PV <= 0.00', 0.05676403320072756), ('CURRENT_ISSUE_GPRS Issue <= 0.00', -0.05315237434305691), ('HAS_WIND <= 0.00', 0.05084021221220443), ('0.00 < HAS_EV <= 1.00', -0.03844553004990689), ('EMPLOYMENT_Employed part-time, Student <= 0.00', -0.035750329582519454), ('CURRENT_OFFER_Integrated Solar <= 0.00', -0.03276557854262353), ('COMPLAINTS <= 0.00', -0.027971719516830695), ('CURRENT_ISSUE_Network Issue <= 0.00', 0.026893282679376913), ('CURRENT_ISSUE_Equipment failure <= 0.00', 0.019147683741587943)]"
48,"[('CURRENT_OFFER_Free Energy Audits <= 0.00', -0.16359818121730366), ('CURRENT_OFFER_Integrated Solar <= 0.00', -0.0891565937256104), ('HAS_PV <= 0.00', 0.05960538320289753), ('HAS_WIND <= 0.00', 0.055426998461810796), ('EMPLOYMENT_Employed part-time, Student <= 0.00', -0.047949796954090865), ('HAS_EV <= 0.00', 0.03895150668763825), ('CURRENT_OFFER_Other <= 0.00', -0.034396458013746384), ('CURRENT_ISSUE_Low Voltage <= 0.00', -0.03013844008871596), ('EMPLOYMENT_Not currently employed <= 0.00', 0.028701973225591433), ('CURRENT_ISSUE_Network Issue <= 0.00', -0.01582340523475444)]"
49,"[('CURRENT_OFFER_Free Energy Audits <= 0.00', -0.1554736130197174), ('CURRENT_OFFER_Integrated Solar <= 0.00', -0.07919924531461542), ('EMPLOYMENT_Employed part-time, Stay at home parent <= 0.00', -0.07025447263787177), ('HAS_PV <= 0.00', 0.057623328317259734), ('HAS_WIND <= 0.00', 0.05635851731000686), ('EMPLOYMENT_Employed part-time, Student <= 0.00', -0.05304266478380024), ('CURRENT_ISSUE_Network Issue <= 0.00', -0.050239094348359346), ('CURRENT_ISSUE_Power Outage <= 0.00', -0.04225276775144197), ('0.00 < HAS_EV <= 1.00', -0.04126142924945842), ('CURRENT_ISSUE_Low Voltage <= 0.00', -0.030260914674261882)]"
50,"[('CURRENT_OFFER_Free Energy Audits <= 0.00', -0.16232258503597566), ('CURRENT_OFFER_Integrated Solar <= 0.00', -0.06749677882396041), ('HAS_WIND <= 0.00', 0.05700714467610547), ('HAS_PV <= 0.00', 0.05605298823460581), ('CURRENT_OFFER_Demand Response Program <= 0.00', -0.04916910954778045), ('CURRENT_OFFER_Customer Rebates <= 0.00', 0.04345085489434754), ('HAS_EV <= 0.00', 0.03992305551821142), ('CURRENT_ISSUE_Power Outage <= 0.00', -0.028779027192935524), ('CURRENT_ISSUE_Equipment failure <= 0.00', 0.028359209612072025), ('CURRENT_ISSUE_Network Issue <= 0.00', -0.028060922668096643)]"
