{"metadata":{"asset_id":"10eb9b52-d642-410a-aa9c-8f26be5c536b","asset_attributes":["data_asset"],"name":"effective-farming-monitor-crop-growth-dashboard.zip","asset_type":"data_asset","created_at":"2021-08-03T13:33:05Z","description":"","origin_country":"us","owner_id":"1000331209","project_id":"0d416e3e-7651-4a16-a70c-56b480cdfb83","size":1419983,"tags":[],"usage":{"last_update_time":1627997586667,"last_updated_at":"2021-08-03T13:33:06Z"}},"entity":{"data_asset":{"mime_type":"application/zip","dataset":false}},"attachments":[{"id":"66f0a729-414e-4373-ac25-0f772b2a263d","version":2,"asset_type":"data_asset","name":"effective-farming-monitor-crop-growth-dashboard.zip","mime":"application/zip","datasource_type":"81bafdbd-b7c6-45c5-a4fd-6ec135f66f4e","object_key":"data_asset/effective-farming-monitor-crop-growth-dashboard.zip","creator_id":"1000331209","create_time":1627997586666,"size":1419983,"is_remote":false,"is_managed":false,"is_referenced":true,"is_object_key_read_only":true,"is_user_provided_path_key":true,"transfer_complete":true,"is_partitioned":false,"complete_time_ticks":1627997586666,"user_data":{},"test_doc":0,"handle":{"key":"data_asset/effective-farming-monitor-crop-growth-dashboard.zip","upload_id":"done","max_part_num":1},"usage":{"access_count":0,"last_accessor_id":"1000331209","last_access_time":1627997586666}}]}