{"metadata":{"asset_id":"641740c5-c42a-4af2-848a-2db2b9032f22","asset_attributes":["data_asset"],"name":"effective-farming-monitor-crop-growth-business-terms.csv","asset_type":"data_asset","created_at":"2021-08-03T03:15:07Z","description":"","origin_country":"us","owner_id":"1000331209","project_id":"0d416e3e-7651-4a16-a70c-56b480cdfb83","size":10153,"tags":[],"usage":{"last_update_time":1627960508401,"last_updated_at":"2021-08-03T03:15:08Z"}},"entity":{"data_asset":{"mime_type":"text/csv","dataset":false}},"attachments":[{"id":"565321cd-37b7-4b38-8f4f-be1260a459d7","version":2,"asset_type":"data_asset","name":"effective-farming-monitor-crop-growth-business-terms.csv","mime":"text/csv","datasource_type":"81bafdbd-b7c6-45c5-a4fd-6ec135f66f4e","object_key":"data_asset/effective-farming-monitor-crop-growth-business-terms.csv","creator_id":"1000331209","create_time":1627960508401,"size":10153,"is_remote":false,"is_managed":false,"is_referenced":true,"is_object_key_read_only":true,"is_user_provided_path_key":true,"transfer_complete":true,"is_partitioned":false,"complete_time_ticks":1627960508401,"user_data":{},"test_doc":0,"handle":{"key":"data_asset/effective-farming-monitor-crop-growth-business-terms.csv","upload_id":"done","max_part_num":1},"usage":{"access_count":0,"last_accessor_id":"1000331209","last_access_time":1627960508401}}]}