{"metadata":{"asset_id":"4c466643-6ce8-4cbc-8908-d2633f54ae2a","asset_attributes":["notebook"],"name":"0_Map_Business_Terms_To_Data_Headers","asset_type":"notebook","created_at":"2021-08-03T01:40:18Z","description":"","origin_country":"us","owner_id":"1000331209","project_id":"0d416e3e-7651-4a16-a70c-56b480cdfb83","size":31991,"tags":["notebook"],"usage":{"last_update_time":1628007963488,"last_updated_at":"2021-08-03T16:26:03Z"}},"entity":{"notebook":{"kernel":{"name":"python3","display_name":"Python 3.7","language":"python"},"originates_from":{"type":"file"},"runtime":{"environment":"jupconda37oce-0d416e3e-7651-4a16-a70c-56b480cdfb83"}}},"attachments":[{"id":"6caa82fe-abd0-42e4-9964-7d8db6cabcc8","version":2,"asset_type":"notebook","name":"attachment for notebook 4c466643-6ce8-4cbc-8908-d2633f54ae2a","description":"attachment for notebook 4c466643-6ce8-4cbc-8908-d2633f54ae2a","mime":"application/json","datasource_type":"81bafdbd-b7c6-45c5-a4fd-6ec135f66f4e","object_key":"notebook/0_Map_Business_Terms_To_Data_Headers_FPlKVLP2g_EptjLaOxi.ipynb","creator_id":"1000331209","create_time":1627954819396,"size":31991,"is_remote":false,"is_managed":false,"is_referenced":true,"is_object_key_read_only":false,"is_user_provided_path_key":true,"transfer_complete":true,"is_partitioned":false,"complete_time_ticks":1627954819396,"user_data":{},"test_doc":0,"handle":{"key":"notebook/0_Map_Business_Terms_To_Data_Headers_FPlKVLP2g_EptjLaOxi.ipynb","upload_id":"done","max_part_num":1},"usage":{"access_count":0,"last_accessor_id":"1000331209","last_access_time":1627954819396}}]}