{"metadata":{"asset_id":"f72063e7-6489-4f92-84fc-5522e1267a9d","asset_attributes":["data_asset"],"name":"utilities-customer-micro-segmentation-glossary-terms.csv","asset_type":"data_asset","created_at":"2023-05-15T21:17:58Z","origin_country":"us","owner_id":"1000331035","project_id":"86f2b5b7-17cb-4025-8a95-6b2347519e77","size":46214,"usage":{"last_update_time":1684185479111,"last_updated_at":"2023-05-15T21:17:59Z"}},"entity":{"data_asset":{"mime_type":"text/csv","dataset":false}},"attachments":[{"id":"ff320b72-92a1-4a5e-bc98-abd43c1147fd","version":2,"asset_type":"data_asset","name":"utilities-customer-micro-segmentation-glossary-terms.csv","mime":"text/csv","datasource_type":"81bafdbd-b7c6-45c5-a4fd-6ec135f66f4e","object_key":"data_asset/utilities-customer-micro-segmentation-glossary-terms.csv","creator_id":"icp4d-dev","create_time":1684185479039,"size":46214,"is_remote":false,"is_managed":false,"is_referenced":true,"is_object_key_read_only":true,"is_user_provided_path_key":true,"transfer_complete":true,"is_partitioned":false,"complete_time_ticks":1684185479039,"user_data":{},"test_doc":0,"handle":{"type":"assetfiles","key":"data_asset/utilities-customer-micro-segmentation-glossary-terms.csv","upload_id":"done","max_part_num":1},"usage":{"access_count":0,"last_accessor_id":"icp4d-dev","last_access_time":1684185479039}}]}