{"metadata":{"asset_id":"14013c90-41fc-46b9-a855-c21b6a8daf84","asset_attributes":["data_asset"],"name":"Readme - Utilities Customer Micro-Segmentation.pdf","asset_type":"data_asset","created_at":"2023-05-15T21:17:59Z","origin_country":"us","owner_id":"1000331035","project_id":"86f2b5b7-17cb-4025-8a95-6b2347519e77","size":81339,"usage":{"last_update_time":1684185479125,"last_updated_at":"2023-05-15T21:17:59Z"}},"entity":{"data_asset":{"mime_type":"application/pdf","dataset":false}},"attachments":[{"id":"3e25b304-b661-4561-ad90-99c5f2890302","version":2,"asset_type":"data_asset","name":"Readme - Utilities Customer Micro-Segmentation.pdf","mime":"application/pdf","datasource_type":"81bafdbd-b7c6-45c5-a4fd-6ec135f66f4e","object_key":"data_asset/Readme - Utilities Customer Micro-Segmentation.pdf","creator_id":"icp4d-dev","create_time":1684185479088,"size":81339,"is_remote":false,"is_managed":false,"is_referenced":true,"is_object_key_read_only":true,"is_user_provided_path_key":true,"transfer_complete":true,"is_partitioned":false,"complete_time_ticks":1684185479088,"user_data":{},"test_doc":0,"handle":{"type":"assetfiles","key":"data_asset/Readme - Utilities Customer Micro-Segmentation.pdf","upload_id":"done","max_part_num":1},"usage":{"access_count":0,"last_accessor_id":"icp4d-dev","last_access_time":1684185479088}}]}