{"metadata":{"asset_id":"0f4ee79e-d32c-4b63-80cf-f00bfb483c41","asset_attributes":["data_asset"],"name":"model output summary.csv","asset_type":"data_asset","created_at":"2023-05-15T21:17:59Z","description":"","origin_country":"us","owner_id":"1000331035","project_id":"86f2b5b7-17cb-4025-8a95-6b2347519e77","size":187090,"tags":[],"usage":{"last_update_time":1684515354092,"last_updated_at":"2023-05-19T16:55:54Z"}},"entity":{"data_asset":{"mime_type":"text/csv","dataset":false}},"attachments":[{"id":"57094847-ed9a-42c1-9382-b0ccece95bec","version":2,"asset_type":"data_asset","name":"model output summary.csv","mime":"text/csv","datasource_type":"81bafdbd-b7c6-45c5-a4fd-6ec135f66f4e","object_key":"data_asset/model output summary.csv","creator_id":"icp4d-dev","create_time":1684185479066,"size":187090,"is_remote":false,"is_managed":false,"is_referenced":true,"is_object_key_read_only":false,"is_user_provided_path_key":true,"transfer_complete":true,"is_partitioned":false,"complete_time_ticks":1684185479066,"user_data":{},"test_doc":0,"handle":{"type":"assetfiles","key":"data_asset/model output summary.csv","upload_id":"done","max_part_num":1},"usage":{"access_count":2,"last_accessor_id":"1000330999","last_access_time":1684515354091,"last_updater_id":"1000330999","last_update_time":1684515354091}}]}