{"metadata":{"asset_id":"1d8bd1c6-b985-4924-94f9-cd080e7a3ceb","asset_attributes":["job"],"name":"import-wkc-glossary-notebook-job","asset_type":"job","created_at":"2023-05-15T21:18:01Z","origin_country":"us","owner_id":"1000331035","project_id":"86f2b5b7-17cb-4025-8a95-6b2347519e77","size":0,"usage":{"last_update_time":1684185481754,"last_updated_at":"2023-05-15T21:18:01Z"}},"entity":{"job":{"asset_ref_type":"notebook","configuration":{"env_id":"rt231py-86f2b5b7-17cb-4025-8a95-6b2347519e77","file_ref":"","entrypoint":"","run_results":"log_and_new_notebook","env_type":"notebook","env_variables":[]},"last_run_initiator":"deprecated field","last_run_time":"deprecated field","last_run_status":"deprecated field","last_run_status_timestamp":0,"future_scheduled_runs":[],"enable_notifications":true,"project_name":"Utilities-Customer-Micro-Segmentation","asset_ref":"555998d1-a751-48f0-95c1-6431c9d21318","schedule_id":"","schedule_creator_id":""}}}