{"metadata":{"asset_id":"555998d1-a751-48f0-95c1-6431c9d21318","asset_attributes":["notebook"],"name":"import-wkc-glossary","asset_type":"notebook","created_at":"2023-05-15T21:17:59Z","description":"","origin_country":"us","owner_id":"1000331035","project_id":"86f2b5b7-17cb-4025-8a95-6b2347519e77","size":31888,"tags":["notebook"],"usage":{"last_update_time":1684185479785,"last_updated_at":"2023-05-15T21:17:59Z"}},"entity":{"notebook":{"kernel":{"name":"python3","display_name":"Python 3.10","language":"python"},"originates_from":{"type":"file"},"runtime":{"environment":"rt231py-86f2b5b7-17cb-4025-8a95-6b2347519e77"}}},"attachments":[{"id":"8335118c-9065-439d-bf85-6504045f0020","version":2,"asset_type":"notebook","name":"attachment for notebook 555998d1-a751-48f0-95c1-6431c9d21318","description":"attachment for notebook 555998d1-a751-48f0-95c1-6431c9d21318","mime":"application/json","datasource_type":"81bafdbd-b7c6-45c5-a4fd-6ec135f66f4e","object_key":"notebook/import-wkc-glossary_INchUrK0u.ipynb","creator_id":"1000331035","create_time":1684185479484,"size":31888,"is_remote":false,"is_managed":false,"is_referenced":true,"is_object_key_read_only":false,"is_user_provided_path_key":true,"transfer_complete":true,"is_partitioned":false,"complete_time_ticks":1684185479484,"user_data":{},"test_doc":0,"handle":{"type":"assetfiles","key":"notebook/import-wkc-glossary_INchUrK0u.ipynb","upload_id":"done","max_part_num":1},"usage":{"access_count":0,"last_accessor_id":"1000331035","last_access_time":1684185479484}}]}