{"metadata":{"asset_id":"33c78318-8c0e-440f-be55-f9dfca97fbf5","asset_attributes":["notebook"],"name":"2-model-scoring-and-app-deployment","asset_type":"notebook","created_at":"2023-05-15T21:17:59Z","description":"","origin_country":"us","owner_id":"1000331035","project_id":"86f2b5b7-17cb-4025-8a95-6b2347519e77","size":24889,"tags":["notebook"],"usage":{"last_update_time":1684185479810,"last_updated_at":"2023-05-15T21:17:59Z"}},"entity":{"notebook":{"kernel":{"name":"python3","display_name":"Python 3.10","language":"python"},"originates_from":{"type":"file"},"runtime":{"environment":"rt231py-86f2b5b7-17cb-4025-8a95-6b2347519e77"}}},"attachments":[{"id":"c756e62a-7c5c-4876-8a6c-62b0caf92926","version":2,"asset_type":"notebook","name":"attachment for notebook 33c78318-8c0e-440f-be55-f9dfca97fbf5","description":"attachment for notebook 33c78318-8c0e-440f-be55-f9dfca97fbf5","mime":"application/json","datasource_type":"81bafdbd-b7c6-45c5-a4fd-6ec135f66f4e","object_key":"notebook/2-Model_Scoring_and_app_deployment_xGDLZQKud.ipynb","creator_id":"1000331035","create_time":1684185479512,"size":24889,"is_remote":false,"is_managed":false,"is_referenced":true,"is_object_key_read_only":false,"is_user_provided_path_key":true,"transfer_complete":true,"is_partitioned":false,"complete_time_ticks":1684185479512,"user_data":{},"test_doc":0,"handle":{"type":"assetfiles","key":"notebook/2-Model_Scoring_and_app_deployment_xGDLZQKud.ipynb","upload_id":"done","max_part_num":1},"usage":{"access_count":0,"last_accessor_id":"1000331035","last_access_time":1684185479512}}]}