Name,Artifact Type,Category,Description,Tags,Classifications,Stewards,Related Terms,Business Start,Business End,Part Of Terms,Type of Terms,Abbreviations,Data Classes,Synonyms,Secondary Categories
Actual trajectory,glossary_term,Industry Accelerators >> Retail Analytics with Weather,A geometric shape that is defined by a sequence of position points that describe the actual trajectory of the movement of a weather event.,,,,,,,Industry Accelerators >> Retail Analytics with Weather >> Weather event,,,,,
Air temperature,glossary_term,Industry Accelerators >> Retail Analytics with Weather,"The temperature of the air, 1.5 meters (4.5 feet) above the ground that is shaded from the other elements. The temperature can be in Fahrenheit degrees or Celsius degrees.",,,,,,,Industry Accelerators >> Retail Analytics with Weather >> Weather Observation,,,,,
,,,,,,,,,,Industry Accelerators >> Retail Analytics with Weather >> Weather forecast,,,,,
Alert category,glossary_term,Industry Accelerators >> Retail Analytics with Weather,A short description of the category of the alert message.,,,,,,,Industry Accelerators >> Retail Analytics with Weather >> Weather alert,,,,,
Alert description,glossary_term,Industry Accelerators >> Retail Analytics with Weather,"A narrative description of the weather alert. Generally, the narrative description is approximately 6,000 to 7,000 characters.",,,,,,,Industry Accelerators >> Retail Analytics with Weather >> Weather alert,,,,,
Alert disclaimer,glossary_term,Industry Accelerators >> Retail Analytics with Weather,The alert disclaimer information that is provided by the government source of the alert.,,,,,,,Industry Accelerators >> Retail Analytics with Weather >> Weather alert,,,,,
Alert headline,glossary_term,Industry Accelerators >> Retail Analytics with Weather,"The headline text of the weather alert, for example: Tornado Warning in effect until 8AM EDT WED.",,,,,,,Industry Accelerators >> Retail Analytics with Weather >> Weather alert,,,,,
Alert identifier,glossary_term,Industry Accelerators >> Retail Analytics with Weather,The key that uniquely identifies the weather alert.,,,,,,,Industry Accelerators >> Retail Analytics with Weather >> Weather alert,,,Identifier,,
Alert instruction,glossary_term,Industry Accelerators >> Retail Analytics with Weather,"The text that describes the recommended action by the consumer of the weather alert, for example: A LAKESHORE FLOOD ADVISORY INDICATES THAT ONSHORE WINDS WILL GENERATE FLOODING OF LOW AREAS ALONG THE LAKESHORE.",,,,,,,Industry Accelerators >> Retail Analytics with Weather >> Weather alert,,,,,
Alert issue date time,glossary_term,Industry Accelerators >> Retail Analytics with Weather,The time when the weather alert was issued.,,,,,,,Industry Accelerators >> Retail Analytics with Weather >> Weather alert,,,,,
Alert source,glossary_term,Industry Accelerators >> Retail Analytics with Weather,"The source of the weather alert, for example: National Weather Service.",,,,,,,Industry Accelerators >> Retail Analytics with Weather >> Weather alert,,,,,
Alert type,glossary_term,Industry Accelerators >> Retail Analytics with Weather,The type of the weather alert.,,,,,,,Industry Accelerators >> Retail Analytics with Weather >> Weather alert,,,,,
Almanac date,glossary_term,Industry Accelerators >> Retail Analytics with Weather,The date of the almanac record in MMDD format for daily almanac records and in MM format for monthly almanac records.,,,,,,,Industry Accelerators >> Retail Analytics with Weather >> Weather almanac,,,,,
Almanac geographic location,glossary_term,Industry Accelerators >> Retail Analytics with Weather,The geographic location of the almanac record usually defined by latitude and longitude.,,,,Industry Accelerators >> Retail Analytics with Weather >> Location,,,Industry Accelerators >> Retail Analytics with Weather >> Weather almanac,,,,,
Almanac period,glossary_term,Industry Accelerators >> Retail Analytics with Weather,The number of years for which the almanac records were compiled.,,,,,,,Industry Accelerators >> Retail Analytics with Weather >> Weather almanac,,,,,
Almanac time interval,glossary_term,Industry Accelerators >> Retail Analytics with Weather,"The time interval for which the record was created, as a daily summary, a monthly summary, or an annual summary, a summary for the entire data set.",,,,,,,Industry Accelerators >> Retail Analytics with Weather >> Weather almanac,,,,,
Average high temperature,glossary_term,Industry Accelerators >> Retail Analytics with Weather,The average high temperature for the period.,,,,,,,Industry Accelerators >> Retail Analytics with Weather >> Weather almanac,,,,,
Average low temperature,glossary_term,Industry Accelerators >> Retail Analytics with Weather,The average low temperature for the period.,,,,,,,Industry Accelerators >> Retail Analytics with Weather >> Weather almanac,,,,,
Average precipitation,glossary_term,Industry Accelerators >> Retail Analytics with Weather,The average precipitation amount for the period.,,,,,,,Industry Accelerators >> Retail Analytics with Weather >> Weather almanac,,,,,
Average snow accumulation,glossary_term,Industry Accelerators >> Retail Analytics with Weather,The average snow accumulation for the period.,,,,,,,Industry Accelerators >> Retail Analytics with Weather >> Weather almanac,,,,,
Average temperature,glossary_term,Industry Accelerators >> Retail Analytics with Weather,The average temperature for the period.,,,,,,,Industry Accelerators >> Retail Analytics with Weather >> Weather almanac,,,,,
City,glossary_term,Industry Accelerators >> Retail Analytics with Weather,A geographic area that defines the boundaries of a community where people live. It is generally an incorporated or chartered area of a state or province.,,,,,,,,,,City,,
City Name,glossary_term,Industry Accelerators >> Retail Analytics with Weather,"Identifies the label assigned to or by which a city may be identified, for example: Chicago, Dublin, Sydney.",,,,,,,Industry Accelerators >> Retail Analytics with Weather >> Merchant,,,City,,
,,,,,,,,,,Industry Accelerators >> Retail Analytics with Weather >> Location,,,,,
,,,,,,,,,,Industry Accelerators >> Retail Analytics with Weather >> City,,,,,
Country,glossary_term,Industry Accelerators >> Retail Analytics with Weather,A geographic area that defines the boundaries of a nation.,,,,,,,,,,Country Name,,
Country Code,glossary_term,Industry Accelerators >> Retail Analytics with Weather,"A code which identifies a country, for example: the country code for Ireland is 'IE'.",,,,,,,Industry Accelerators >> Retail Analytics with Weather >> Country,,,Country Code,,
Country Name,glossary_term,Industry Accelerators >> Retail Analytics with Weather,"Identifies the label assigned to or by which a country may be identified, for example: Ireland, India.",,,,,,,Industry Accelerators >> Retail Analytics with Weather >> Country,,,Country Name,,
,,,,,,,,,,Industry Accelerators >> Retail Analytics with Weather >> Merchant,,,,,
Dew point temperature,glossary_term,Industry Accelerators >> Retail Analytics with Weather,The temperature that air must be cooled at constant pressure to reach saturation. The dew point is also an indirect measure of the humidity of the air. The dew point will never exceed the temperature.,,,,,,,Industry Accelerators >> Retail Analytics with Weather >> Weather Observation,,,,,
Discount,glossary_term,Industry Accelerators >> Retail Analytics with Weather,A deduction made by the seller from the normal sales price of the product.,,,,,,,Industry Accelerators >> Retail Analytics with Weather >> Product,,,,,
,,,,,,,,,,Industry Accelerators >> Retail Analytics with Weather >> Sales,,,,,
Expected occurrence of weather event,glossary_term,Industry Accelerators >> Retail Analytics with Weather,The relationship between the weather event and the weather alert that defines the expected occurrence of weather event.,,,,Industry Accelerators >> Retail Analytics with Weather >> Weather event,,,Industry Accelerators >> Retail Analytics with Weather >> Weather alert,,,,,
Feels like temperature,glossary_term,Industry Accelerators >> Retail Analytics with Weather,An apparent temperature that represents what the air temperature feels like on exposed human skin due to the combined effect of the wind chill or heat index.,,,,,,,Industry Accelerators >> Retail Analytics with Weather >> Weather Observation,,,,,
Forecast date time,glossary_term,Industry Accelerators >> Retail Analytics with Weather,"The date and time for which is the forecast made, for example: 20130806T07:00:00",,,,,,,Industry Accelerators >> Retail Analytics with Weather >> Weather forecast,,,,,
Forecasted trajectory,glossary_term,Industry Accelerators >> Retail Analytics with Weather,A geometric shape that is defined by a sequence of position points that describe the predicted trajectory of the movement of a weather event.,,,,,,,Industry Accelerators >> Retail Analytics with Weather >> Weather event,,,,,
Forecast geographic location,glossary_term,Industry Accelerators >> Retail Analytics with Weather,The geographic location for which is the forecast made usually defined by latitude and longitude.,,,,Industry Accelerators >> Retail Analytics with Weather >> Location,,,Industry Accelerators >> Retail Analytics with Weather >> Weather forecast,,,,,
Gross Profit,glossary_term,Industry Accelerators >> Retail Analytics with Weather,The profit made by selling the product after deducting the cost.,,,,,,,Industry Accelerators >> Retail Analytics with Weather >> Product,,,,,
Location,glossary_term,Industry Accelerators >> Retail Analytics with Weather,"The place where someone or something has been, is or will be at a given time. The place can be defined with one or more position points (coordinates) or other geometric shapes in a coordinate system, for example: work location, service location.",,,,,,,Industry Accelerators >> Retail Analytics with Weather >> Weather Observation,,,,,
Location Name,glossary_term,Industry Accelerators >> Retail Analytics with Weather,The name of the location.,,,,,,,Industry Accelerators >> Retail Analytics with Weather >> Location,,,,,
Location Primary Address,glossary_term,Industry Accelerators >> Retail Analytics with Weather,The relationship between the address and the location that defines the location primary address.,,,,,,,Industry Accelerators >> Retail Analytics with Weather >> Location,,,,,
Location Status,glossary_term,Industry Accelerators >> Retail Analytics with Weather,"The status of the location, for example: closed, occupied.",,,,,,,Industry Accelerators >> Retail Analytics with Weather >> Location,,,,,
Location Type,glossary_term,Industry Accelerators >> Retail Analytics with Weather,The type of location.,,,,,,,Industry Accelerators >> Retail Analytics with Weather >> Location,,,,,
Mean sea level pressure,glossary_term,Industry Accelerators >> Retail Analytics with Weather,The mean sea level pressure in the forecast period.,,,,,,,Industry Accelerators >> Retail Analytics with Weather >> Weather Observation,,,,,
Merchant,glossary_term,Industry Accelerators >> Retail Analytics with Weather,A merchant is an organization involved in the retail trade whose purpose is to buy and sell goods for profit. Also known as a retailer.,,,,,,,,,,,,
Merchant Name,glossary_term,Industry Accelerators >> Retail Analytics with Weather,Identifies the name of the merchant.,,,,,,,Industry Accelerators >> Retail Analytics with Weather >> Merchant,,,,,
Merchant Type,glossary_term,Industry Accelerators >> Retail Analytics with Weather,Identifies the type of merchant or retailer. ,,,,,,,Industry Accelerators >> Retail Analytics with Weather >> Merchant,,,,,
Observation date time,glossary_term,Industry Accelerators >> Retail Analytics with Weather,The date and time of the weather observation.,,,,,,,Industry Accelerators >> Retail Analytics with Weather >> Weather Observation,,,,,
Order Method Type,glossary_term,Industry Accelerators >> Retail Analytics with Weather,"Method used by the customer to order a product, for example: phone, web, e-mail.",,,,,,,Industry Accelerators >> Retail Analytics with Weather >> Product,,,,,
Postal Code,glossary_term,Industry Accelerators >> Retail Analytics with Weather,A code that is included in a postal address to assist the sorting of mail.,,,,,,,Industry Accelerators >> Retail Analytics with Weather >> Weather Observation,,,Canada Post Code,,
,,,,,,,,,,Industry Accelerators >> Retail Analytics with Weather >> Merchant Name,,,US Zip Code,,
,,,,,,,,,,Industry Accelerators >> Retail Analytics with Weather >> Merchant,,,UK Post Code,,
,,,,,,,,,,Industry Accelerators >> Retail Analytics with Weather >> Location,,,Ireland Eircode,,
Precipitation amount,glossary_term,Industry Accelerators >> Retail Analytics with Weather,The precipitation amount (liquid or liquid equivalent) in the forecast period. The precipitation represents amount of water that is produced by the condensation of water vapor in the air that reaches the ground.,,,,,,,Industry Accelerators >> Retail Analytics with Weather >> Weather Observation,,,,,
Precipitation type,glossary_term,Industry Accelerators >> Retail Analytics with Weather,"An indicator that shows the expected type accumulation associated with the probability of precipitation in the forecast period, for example: rain, snow.",,,,,,,Industry Accelerators >> Retail Analytics with Weather >> Weather forecast,,,,,
Probability of precipitation,glossary_term,Industry Accelerators >> Retail Analytics with Weather,The maximum probability of precipitation in the forecast period.,,,,,,,Industry Accelerators >> Retail Analytics with Weather >> Weather forecast,,,,,
Product,glossary_term,Industry Accelerators >> Retail Analytics with Weather,"Product identifies goods and services that can be offered, sold, or purchased by the customers.",,,,,,,,,,,,
Product cost,glossary_term,Industry Accelerators >> Retail Analytics with Weather,The total cost involved in creating the product.,,,,,,,Industry Accelerators >> Retail Analytics with Weather >> Product,,,,,
Product Description,glossary_term,Industry Accelerators >> Retail Analytics with Weather,Provides a textual explanation or free form comments about the product.,,,,,,,Industry Accelerators >> Retail Analytics with Weather >> Product,,,,,
Product Identifier,glossary_term,Industry Accelerators >> Retail Analytics with Weather,A unique number that identifies a product.,,,,,,,Industry Accelerators >> Retail Analytics with Weather >> Product,,,Universal Product Code (UPC),,
,,,,,,,,,,,,,Identifier,,
Product Line,glossary_term,Industry Accelerators >> Retail Analytics with Weather,A group or category of related products. ,,,,,,,Industry Accelerators >> Retail Analytics with Weather >> Product,,,,,
Product Line Code,glossary_term,Industry Accelerators >> Retail Analytics with Weather,A code that indicates the product line.,,,,,,,Industry Accelerators >> Retail Analytics with Weather >> Product,,,,,
Product Name,glossary_term,Industry Accelerators >> Retail Analytics with Weather,The primary name assigned to the product that is used in reports and documents referring to the product.,,,,,,,Industry Accelerators >> Retail Analytics with Weather >> Product,,,,,
,,,,,,,,,,Industry Accelerators >> Retail Analytics with Weather >> Sales,,,,,
Product Offer,glossary_term,Industry Accelerators >> Retail Analytics with Weather,Details of the offer of the product to a particular customer based on the industry. ,,,,,,,,,,,,
Product Quantity,glossary_term,Industry Accelerators >> Retail Analytics with Weather,Indicates the quantity of the product.,,,,,,,Industry Accelerators >> Retail Analytics with Weather >> Product,,,,,
Product Type,glossary_term,Industry Accelerators >> Retail Analytics with Weather,The merchandising category of the product.,,,,,,,Industry Accelerators >> Retail Analytics with Weather >> Product,,,,,
,,,,,,,,,,Industry Accelerators >> Retail Analytics with Weather >> Sales,,,,,
Product Type Code,glossary_term,Industry Accelerators >> Retail Analytics with Weather,A code to indicate the merchandising category of the product.,,,,,,,Industry Accelerators >> Retail Analytics with Weather >> Product,,,,,
Quarter,glossary_term,Industry Accelerators >> Retail Analytics with Weather,"The quarter of the year, for example : Q1, Q2 etc. ",,,,,,,,,,,,
Record high temperature,glossary_term,Industry Accelerators >> Retail Analytics with Weather,The highest temperature recorded for the period.,,,,,,,Industry Accelerators >> Retail Analytics with Weather >> Weather almanac,,,,,
Record high temperature year,glossary_term,Industry Accelerators >> Retail Analytics with Weather,The year in which the record high temperature was recorded.,,,,,,,Industry Accelerators >> Retail Analytics with Weather >> Weather almanac,,,,,
Record low temperature,glossary_term,Industry Accelerators >> Retail Analytics with Weather,The lowest temperature recorded for the period.,,,,,,,Industry Accelerators >> Retail Analytics with Weather >> Weather almanac,,,,,
Record low temperature year,glossary_term,Industry Accelerators >> Retail Analytics with Weather,The year in which the record low temperature was recorded.,,,,,,,Industry Accelerators >> Retail Analytics with Weather >> Weather almanac,,,,,
Relative humidity,glossary_term,Industry Accelerators >> Retail Analytics with Weather,"The relative humidity of the air, which is defined as the ratio of the amount of water vapor in the air to the amount of vapor required to bring the air to saturation at a constant temperature. Relative humidity is always expressed as a percentage.",,,,,,,Industry Accelerators >> Retail Analytics with Weather >> Weather Observation,,,,,
,,,,,,,,,,Industry Accelerators >> Retail Analytics with Weather >> Weather forecast,,,,,
Revenue,glossary_term,Industry Accelerators >> Retail Analytics with Weather,Income generated from selling a product.,,,,,,,Industry Accelerators >> Retail Analytics with Weather >> Product,,,,,
Sales,glossary_term,Industry Accelerators >> Retail Analytics with Weather,The details about sales of a product at a store.,,,,,,,,,,,,
Sales Amount,glossary_term,Industry Accelerators >> Retail Analytics with Weather,The monetary value of sales recorded on a given day.,,,,,,,Industry Accelerators >> Retail Analytics with Weather >> Sales,,,,,
Sales date time,glossary_term,Industry Accelerators >> Retail Analytics with Weather,The date and time on which a sale took place.,,,,,,,Industry Accelerators >> Retail Analytics with Weather >> Sales,,,,,
Sales Status,glossary_term,Industry Accelerators >> Retail Analytics with Weather,"The status of a sale, for example; closed, cancelled",,,,,,,Industry Accelerators >> Retail Analytics with Weather >> Sales,,,,,
Sales Store,glossary_term,Industry Accelerators >> Retail Analytics with Weather,The retail store in which the sale took place.,,,,Industry Accelerators >> Retail Analytics with Weather >> Store,,,Industry Accelerators >> Retail Analytics with Weather >> Sales,,,,,
Snow accumulation amount,glossary_term,Industry Accelerators >> Retail Analytics with Weather,The expected snow accumulation amount in the forecast period.,,,,,,,Industry Accelerators >> Retail Analytics with Weather >> Weather Observation,,,,,
State,glossary_term,Industry Accelerators >> Retail Analytics with Weather,A geographic area that is a political subdivision of a country. This can be a state or Province.,,,,,,,,,,,,
State Name,glossary_term,Industry Accelerators >> Retail Analytics with Weather,"Identifies the label assigned to or by which a state may be identified, for example: Florida, Texas, Kentucky.",,,,,,,Industry Accelerators >> Retail Analytics with Weather >> State,,,Canada Province Name,,
,,,,,,,,,,Industry Accelerators >> Retail Analytics with Weather >> Merchant,,,State/Province Name,,
,,,,,,,,,,,,,US State Name,,
Store,glossary_term,Industry Accelerators >> Retail Analytics with Weather,Details about the retail store and its location.,,,,,,,,,,,,
Store Identifier,glossary_term,Industry Accelerators >> Retail Analytics with Weather,A numeric identifier of a retail store.,,,,,,,Industry Accelerators >> Retail Analytics with Weather >> Store,,,Identifier,,
Store location,glossary_term,Industry Accelerators >> Retail Analytics with Weather,Identifies the geographic location of a store.,,,,,,,Industry Accelerators >> Retail Analytics with Weather >> Store,,,,,
Store name,glossary_term,Industry Accelerators >> Retail Analytics with Weather,The name of a retail store.,,,,,,,Industry Accelerators >> Retail Analytics with Weather >> Store,,,,,
Ultraviolet index,glossary_term,Industry Accelerators >> Retail Analytics with Weather,The category of maximum ultraviolet index. The ultraviolet index represents the strength of the ultraviolet radiation that can cause a human skin sunburn.,,,,,,,Industry Accelerators >> Retail Analytics with Weather >> Weather Observation,,,,,
Unit Cost,glossary_term,Industry Accelerators >> Retail Analytics with Weather,Indicates the unit cost of a product.,,,,,,,Industry Accelerators >> Retail Analytics with Weather >> Product,,,,,
Unit Price,glossary_term,Industry Accelerators >> Retail Analytics with Weather,The sale price of one unit of the product.,,,,,,,Industry Accelerators >> Retail Analytics with Weather >> Product,,,,,
Visibility,glossary_term,Industry Accelerators >> Retail Analytics with Weather,The horizontal visibility at the observation point. The measurement indicates the distance at which an object can be clearly discerned. Visibilities can be recorded as fractional values particularly when visibility is less than 2 miles.,,,,,,,Industry Accelerators >> Retail Analytics with Weather >> Weather Observation,,,,,
Weather alert,glossary_term,Industry Accelerators >> Retail Analytics with Weather,"The warning about the weather event that is expected to occur in a specific geographic region, for example: a flood expected in an area, a storm expected in a region.",,,,,,,,,,,,
Weather alert geographic location,glossary_term,Industry Accelerators >> Retail Analytics with Weather,The relationship between the location and the weather alert that defines the weather alert geographic region.,,,,Industry Accelerators >> Retail Analytics with Weather >> Location,,,Industry Accelerators >> Retail Analytics with Weather >> Weather alert,,,,,
Weather almanac,glossary_term,Industry Accelerators >> Retail Analytics with Weather,The almanac information for a specific day or month of the year in a specific location. The almanac information is sourced from observations stations from a time period spanning 10 to 30 years or more.,,,,,,,,,,,,
Weather almanac valid for location,glossary_term,Industry Accelerators >> Retail Analytics with Weather,The relationship between the location and the weather almanac that defines the weather almanac valid for location.,,,,Industry Accelerators >> Retail Analytics with Weather >> Location,,,Industry Accelerators >> Retail Analytics with Weather >> Weather almanac,,,,,
Weather event,glossary_term,Industry Accelerators >> Retail Analytics with Weather,An actual or forecast unusual weather condition that can result in disruption of service provided to customers.,,,,,,,,,,,,
Weather event description,glossary_term,Industry Accelerators >> Retail Analytics with Weather,A description of the weather event.,,,,,,,Industry Accelerators >> Retail Analytics with Weather >> Weather event,,,,,
Weather event end date time,glossary_term,Industry Accelerators >> Retail Analytics with Weather,The date and time on which the weather event ended.,,,,,,,Industry Accelerators >> Retail Analytics with Weather >> Weather event,,,,,
Weather event geographic location,glossary_term,Industry Accelerators >> Retail Analytics with Weather,The geographic location of the weather event.,,,,Industry Accelerators >> Retail Analytics with Weather >> Location,,,Industry Accelerators >> Retail Analytics with Weather >> Weather event,,,,,
Weather event identification number,glossary_term,Industry Accelerators >> Retail Analytics with Weather,The tracking number of the weather event.,,,,,,,Industry Accelerators >> Retail Analytics with Weather >> Weather event,,,,,
Weather event name,glossary_term,Industry Accelerators >> Retail Analytics with Weather,The name of the weather event.,,,,,,,Industry Accelerators >> Retail Analytics with Weather >> Weather event,,,,,
Weather event start date time,glossary_term,Industry Accelerators >> Retail Analytics with Weather,The date and time on which the weather event started.,,,,,,,Industry Accelerators >> Retail Analytics with Weather >> Weather event,,,,,
Weather event type,glossary_term,Industry Accelerators >> Retail Analytics with Weather,"The type of weather event, for example: storm, lightning, flood.",,,,,,,Industry Accelerators >> Retail Analytics with Weather >> Weather event,,,,,
Weather forecast,glossary_term,Industry Accelerators >> Retail Analytics with Weather,A collection of weather condition characteristics forecasted for a particular period.,,,,,,,,,,,,
Weather forecast phrase,glossary_term,Industry Accelerators >> Retail Analytics with Weather,"A phrase that describes the weather for a forecast period, for example: heavy rain, wind.",,,,,,,Industry Accelerators >> Retail Analytics with Weather >> Weather forecast,,,,,
Weather Observation,glossary_term,Industry Accelerators >> Retail Analytics with Weather,The group of measurements that describe the weather condition at a location. The weather observation measurements are recorded at a single point in time.,,,,,,,,,,,,
Wind gust speed,glossary_term,Industry Accelerators >> Retail Analytics with Weather,The information about sudden and temporary variations of the average wind speed. The measurement shows the maximum wind gust speed recorded during the period. The speed of the gust can be expressed in miles per hour or kilometers per hour.,,,,,,,Industry Accelerators >> Retail Analytics with Weather >> Weather Observation,,,,,
Wind speed,glossary_term,Industry Accelerators >> Retail Analytics with Weather,"The measurement that indicates the velocity of the air flow in the atmosphere. In case of the hourly observations, the wind speed corresponds to a 10-minute average called the sustained wind speed.",,,,,,,Industry Accelerators >> Retail Analytics with Weather >> Weather Observation,,,,,
