{"fields":[{"key":"connection_id","type":"string","facet":false,"is_array":false,"is_searchable_across_types":false},{"key":"connection_path","type":"string","facet":false,"is_array":false,"is_searchable_across_types":false},{"key":"discovery_id","type":"string","facet":false,"is_array":false,"is_searchable_across_types":false},{"key":"metadata_import_id","type":"string","facet":false,"is_array":false,"is_searchable_across_types":false}],"external_asset_preview":{},"relationships":[],"name":"discovered_asset","version":1,"scope":"GLOBAL"}